TransactionID,CustomerID,CustomerDOB,CustGender,CustLocation,CustAccountBalance,TransactionDate,TransactionTime,TransactionAmount (INR),Age,AgeGroup,TransactionCount,CustomerSegment
T892846,C5725279,1984-08-09,M,JASPUR,84447.82,2016-07-09,183210,11858.0,32.0,31-40,1,One-Time Customer
T444995,C4588538,1994-02-01,M,GURGAON,12549.49,2016-08-16,161300,250.0,23.0,21-30,1,One-Time Customer
T614897,C2416476,1990-11-14,M,NEW DELHI,33607.65,2016-08-26,102007,3360.0,26.0,21-30,3,Occasional Customer
T457037,C5940151,1990-09-15,M,HYDERABAD,38238.86,2016-08-21,110438,250.0,26.0,21-30,1,One-Time Customer
T997442,C5922989,1988-11-27,M,PURBO MEDINIPUR,9506.85,2016-09-14,90810,33.0,28.0,21-30,1,One-Time Customer
T518220,C8296884,1989-10-31,M,BANGALORE,635863.63,2016-08-19,215646,2688.0,27.0,21-30,1,One-Time Customer
T778233,C6671851,,M,SHOPPING COMPLEX THIRUVANATHAPURAM,5867.38,2016-06-09,193036,870.0,,,1,One-Time Customer
T151836,C8927812,1987-03-03,M,NEW DELHI,63911.56,2016-04-08,30857,499.0,29.0,21-30,4,Occasional Customer
T446576,C7511745,1992-03-23,F,GURGAON,19853.15,2016-08-16,183906,280.0,24.0,21-30,3,Occasional Customer
T887528,C6126877,1993-01-10,M,GURGAON,3848.86,2016-07-09,201500,203.45,23.0,21-30,1,One-Time Customer
T672566,C4838159,1977-06-19,M,ROAD NUNGAMBAKKAM CHENNAI,32578.12,2016-08-31,190101,350.0,39.0,31-40,1,One-Time Customer
T542360,C2312711,1982-11-27,M,AURANGABAD,7626.73,2016-08-23,1540,147.0,34.0,31-40,2,Occasional Customer
T320470,C7895589,,M,LUCKNOW,167783.85,2016-08-15,15803,49041.68,,,1,One-Time Customer
T634647,C1737472,1989-07-07,M,GHAZIABAD,2954.27,2016-08-29,173500,300.0,27.0,21-30,2,Occasional Customer
T153452,C7220357,1976-11-19,M,HYDERABAD,19841.89,2016-04-08,41313,300.0,39.0,31-40,1,One-Time Customer
T160007,C4547164,1991-10-06,M,BANGALORE,8056.18,2016-04-08,81808,150.0,25.0,21-30,1,One-Time Customer
T865234,C6641948,,M,MOHALI,34807.77,2016-08-09,20600,2.7,,,1,One-Time Customer
T133065,C3014337,1990-07-08,M,NOIDA,2379.92,2016-05-08,90701,946.0,26.0,21-30,2,Occasional Customer
T26154,C5326361,1993-08-07,F,MANGALORE TQ,27382.64,2016-09-26,173252,1249.0,23.0,21-30,1,One-Time Customer
T995716,C4040113,1977-01-26,M,CHENNAI,3122.1,2016-09-14,94149,1000.0,40.0,31-40,1,One-Time Customer
T417157,C4140330,1998-03-14,M,MUMBAI,2057.19,2016-08-17,120037,1965.0,18.0,18-20,1,One-Time Customer
T252393,C2835570,1986-06-08,M,GURGAON,223078.63,2016-07-08,202538,500.0,30.0,21-30,1,One-Time Customer
T288515,C8523469,1993-11-15,M,HYDERABAD,10963.61,2016-11-08,153244,200.0,23.0,21-30,1,One-Time Customer
T675827,C6920776,1979-06-09,M,HYDERABAD,30423.14,2016-08-28,112927,659.0,37.0,31-40,1,One-Time Customer
T519648,C2723414,1991-12-13,F,ULHASNAGAR,187115.35,2016-08-19,213946,15300.0,25.0,21-30,1,One-Time Customer
T901428,C5928779,1984-12-25,M,MUMBAI,14525.85,2016-07-09,110104,100.0,32.0,31-40,2,Occasional Customer
T177531,C4823476,1988-05-02,M,GURGAON,20384.09,2016-04-08,210517,500.0,28.0,21-30,1,One-Time Customer
T125723,C4030963,,M,SAHIB STRT BANGALORE,116024.37,2016-06-08,235804,635.0,,,2,Occasional Customer
T179851,C6717763,1989-09-08,M,GURDASPUR,1387.05,2016-04-08,211925,1170.0,27.0,21-30,2,Occasional Customer
T166501,C5135922,,M,NOIDA,29911.96,2016-04-08,135909,822.0,,,1,One-Time Customer
T788306,C5214325,1991-08-14,F,NEW DELHI,99950.89,2016-06-09,45030,149.0,25.0,21-30,2,Occasional Customer
T15027,C6535238,1989-10-26,F,DELHI,10125.36,2016-09-26,201650,432.0,27.0,21-30,1,One-Time Customer
T1021731,C2925333,1981-02-21,M,AMBERNATH,41467.47,2016-09-13,143323,191.0,36.0,31-40,3,Occasional Customer
T916399,C8112785,1988-01-23,M,GANGTOK,9270.75,2016-12-09,192301,101.15,29.0,21-30,1,One-Time Customer
T747735,C2019141,1991-05-03,M,DELHI,108586.67,2016-02-09,201922,100.0,25.0,21-30,1,One-Time Customer
T2726,C2234990,1998-11-11,M,RAJKOT,4102.18,2016-10-21,155850,50.0,18.0,18-20,1,One-Time Customer
T142744,C5632280,1986-03-31,M,GUWAHATI,18322.19,2016-05-08,124752,26.0,30.0,21-30,1,One-Time Customer
T403466,C3716768,1993-05-25,M,LUCKNOW,513.2,2016-08-18,141537,100.0,23.0,21-30,2,Occasional Customer
T282429,C2716163,1981-03-05,F,CHENNAI,51193.01,2016-11-08,115831,600.0,36.0,31-40,1,One-Time Customer
T147571,C2838389,1992-10-29,F,MOHALI,25417.72,2016-05-08,192752,606.9,24.0,21-30,3,Occasional Customer
T473178,C4334836,1988-04-14,M,BANGALORE,34224.88,2016-08-21,142651,200.0,28.0,21-30,2,Occasional Customer
T139725,C3836872,1982-09-14,M,AHMEDABAD,16667.49,2016-05-08,113546,25989.0,34.0,31-40,1,One-Time Customer
T418976,C1216378,1993-08-07,F,BANGALORE,17072.15,2016-08-17,213903,20.0,23.0,21-30,1,One-Time Customer
T216001,C6810662,1985-09-14,M,AHMEDABAD,106475.17,2016-08-08,154952,30.0,31.0,31-40,1,One-Time Customer
T724448,C4314078,1986-03-01,M,ALWAR,13973.85,2016-02-09,80727,1820.0,30.0,21-30,2,Occasional Customer
T20776,C4525944,1989-08-26,F,THANE,6669.98,2016-09-23,190447,3599.0,27.0,21-30,2,Occasional Customer
T734802,C3821745,1991-10-06,F,KARIMNAGAR,3344.36,2016-02-09,174750,120.0,24.0,21-30,1,One-Time Customer
T874067,C4916771,1990-01-15,M,DELHI,6589.94,2016-08-09,212119,1002.0,27.0,21-30,1,One-Time Customer
T224792,C8524228,1991-08-18,M,BHIWANI,10836.21,2016-07-08,32514,50.0,25.0,21-30,1,One-Time Customer
T70608,C1839418,1997-10-08,M,BHAVNAGAR,11124.55,2016-02-08,190329,50.0,18.0,18-20,1,One-Time Customer
T137268,C3739451,1992-07-04,F,NOIDA,719.7,2016-05-08,44048,85.0,24.0,21-30,2,Occasional Customer
T227040,C4631273,1994-07-15,M,CUDDALORE,2362.5,2016-07-08,142837,813.0,22.0,21-30,1,One-Time Customer
T70570,C8736963,1982-08-23,M,KALYAN WEST,13204.45,2016-02-08,171800,5206.0,33.0,31-40,2,Occasional Customer
T544955,C5328391,1994-05-22,F,BANGALORE,5807.89,2016-08-23,234128,1020.0,22.0,21-30,3,Occasional Customer
T6615,C6921476,1988-10-28,F,MUMBAI,69073.56,2016-09-22,132133,499.0,28.0,21-30,1,One-Time Customer
T601896,C8433880,1991-09-30,M,KOLKATA,34047.25,2016-08-26,235241,485.0,25.0,21-30,1,One-Time Customer
T106975,C1325773,1994-06-05,M,GURGAON,15166.35,2016-06-08,44526,123.0,22.0,21-30,1,One-Time Customer
T672488,C6738879,1984-07-14,F,GHAZIABAD,109847.34,2016-08-28,191159,3531.0,32.0,31-40,1,One-Time Customer
T997414,C4334023,,F,AGARTALA,0.0,2016-09-14,143420,3050.0,,,2,Occasional Customer
T730023,C3134514,1985-06-08,M,SALCETTE,57428.85,2016-02-09,151037,268.0,31.0,31-40,1,One-Time Customer
T217464,C3415792,1989-06-04,M,AHMEDNAGAR,3432.37,2016-08-08,194101,45.0,27.0,21-30,2,Occasional Customer
T976150,C6228347,,M,DELHI,6832.59,2016-09-15,160238,23928.0,,,1,One-Time Customer
T930164,C3330558,1990-03-17,F,NEW DELHI,19053.66,2016-11-09,111834,2748.0,27.0,21-30,2,Occasional Customer
T914159,C8936280,1996-06-17,M,JAIPUR,1761.78,2016-12-09,85009,189.0,20.0,18-20,1,One-Time Customer
T386293,C1924915,1989-07-24,M,NEW DELHI,471466.98,2016-08-13,200820,2000.0,27.0,21-30,1,One-Time Customer
T321544,C6425031,1989-08-02,M,RAJPURA,3167.49,2016-08-15,104905,55.0,27.0,21-30,3,Occasional Customer
T280641,C4915584,1991-12-06,M,MUMBAI,4352.68,2016-11-08,102352,581.8,25.0,21-30,1,One-Time Customer
T310795,C8431258,1992-07-03,F,THANE,362.18,2016-10-08,174629,500.0,24.0,21-30,3,Occasional Customer
T281245,C4229683,1987-02-24,M,BURDWAN,33178.94,2016-11-08,110848,205.0,30.0,21-30,2,Occasional Customer
T1039446,C3249876,1985-09-01,M,GURGAON,11665.51,2016-09-18,161306,1500.01,31.0,31-40,1,One-Time Customer
T508531,C7142253,1992-08-15,M,AHMEDABAD,27263.7,2016-08-19,180420,2999.0,24.0,21-30,1,One-Time Customer
T756117,C1363821,1985-11-13,M,JAIPUR,64408.59,2016-01-09,183954,2241.82,30.0,21-30,1,One-Time Customer
T225231,C2535784,1990-12-09,M,CHENNAI,2992.2,2016-07-08,91235,45.0,26.0,21-30,2,Occasional Customer
T358067,C7726989,1986-08-23,F,KANCHEEPURAM,23581.13,2016-08-14,134353,2875.0,30.0,21-30,2,Occasional Customer
T942718,C3535553,1985-06-30,M,NAVI MUMBAI,29000.54,2016-11-09,185555,1397.0,31.0,31-40,1,One-Time Customer
T693508,C2039851,1989-04-12,M,DELHI,30057.55,2016-08-31,211311,1050.0,27.0,21-30,2,Occasional Customer
T635359,C7584460,1981-01-06,M,BANGALORE,18399.65,2016-08-29,131934,755.0,36.0,31-40,1,One-Time Customer
T743958,C5324073,1983-04-17,M,CHENNAI,21246.03,2016-02-09,203651,485.0,33.0,31-40,1,One-Time Customer
T70473,C1729633,1983-09-12,F,DISTT-GHAZIABAD GHAZIABAD,8725.5,2016-02-08,155602,1299.0,32.0,31-40,1,One-Time Customer
T504630,C1220126,1989-04-27,M,BANGALORE,8903.78,2016-08-19,133136,558.25,27.0,21-30,2,Occasional Customer
T112751,C6859742,,F,BHILAI,,2016-06-08,114549,25.0,,,1,One-Time Customer
T585264,C2880749,1985-01-05,M,VARANASI,49978.19,2016-08-22,203807,499.0,32.0,31-40,1,One-Time Customer
T134893,C8546382,,M,CHENNAI,307.69,2016-05-08,83743,970.0,,,1,One-Time Customer
T537750,C4725590,,M,PANNA SHOPPING CENTRE JOGESHWARI W,37629.29,2016-08-23,201806,8500.0,,,1,One-Time Customer
T437553,C1325454,,M,NEW DELHI,87707.74,2016-08-17,161813,2797.0,,,1,One-Time Customer
T996551,C4688471,1991-11-09,F,BANGALORE,11555.06,2016-09-14,100346,640.9,25.0,21-30,1,One-Time Customer
T1035813,C5923873,1994-02-22,F,NEW DELHI,991.06,2016-09-18,170757,101.0,23.0,21-30,1,One-Time Customer
T15389,C7419118,1992-05-07,M,GORAKHPUR,937.03,2016-09-26,195129,50.0,24.0,21-30,1,One-Time Customer
T496528,C1513727,1980-01-04,M,RUPNAGAR,10959.4,2016-08-19,62056,605.4,37.0,31-40,1,One-Time Customer
T81933,C2119275,1993-09-19,M,BURDWAN,130438.56,2016-02-08,223435,435.0,22.0,21-30,2,Occasional Customer
T570540,C1151882,,M,NEW DELHI,567819.93,2016-08-22,111935,850.0,,,1,One-Time Customer
T244712,C7693881,1990-11-24,M,GAUTAM BUDDHA NAGAR,55042.73,2016-07-08,191604,101.15,26.0,21-30,1,One-Time Customer
T247650,C5441245,1996-01-03,M,DELHI,3119.24,2016-07-08,153628,240.0,21.0,21-30,1,One-Time Customer
T673255,C6220778,1994-09-18,M,GHAZIABAD,38440.32,2016-08-28,41105,10.35,22.0,21-30,1,One-Time Customer
T513817,C5079434,1980-01-06,M,DOMBIVALI EAST,90444.42,2016-08-19,141053,1932.0,37.0,31-40,1,One-Time Customer
T539384,C2532165,1989-09-10,F,DELHI,20.23,2016-08-24,213612,249.0,27.0,21-30,2,Occasional Customer
T388028,C5312351,1979-01-21,F,THANE- EAST,61169.9,2016-08-13,195100,200.0,38.0,31-40,2,Occasional Customer
T204213,C4725327,1994-06-06,M,MUZAFFARPUR,462.11,2016-08-08,115337,10.0,22.0,21-30,1,One-Time Customer
T989280,C8440473,1986-05-04,M,NEW DELHI,8683.1,2016-09-15,223639,204.0,30.0,21-30,1,One-Time Customer
T921238,C5419278,1990-08-01,F,KOTTAYAM,12051.88,2016-11-09,100716,30.0,26.0,21-30,1,One-Time Customer
T901508,C5959977,1987-05-14,M,BHUBANESHWAR,5410.65,2016-07-09,4413,2000.0,29.0,21-30,1,One-Time Customer
T301202,C3166470,1978-11-29,M,GURGAON,370.05,2016-10-08,103738,137.0,38.0,31-40,1,One-Time Customer
T318291,C5738638,1991-05-29,M,OFF BKC MUMBAI,5040.82,2016-08-15,111803,540.26,25.0,21-30,1,One-Time Customer
T123903,C6512254,,M,GUWAHATI,3070487.24,2016-06-08,180234,2501.0,,,1,One-Time Customer
T734351,C1825757,1986-04-18,M,NANGAL,75006.15,2016-02-09,174539,50.0,30.0,21-30,2,Occasional Customer
T89813,C5610988,1984-09-24,M,NOIDA,,2016-01-08,120555,10.0,31.0,31-40,1,One-Time Customer
T550601,C3356516,,M,NEW DELHI,1055799.07,2016-08-23,173249,200.0,,,1,One-Time Customer
T936648,C1329241,,M,GURGAON,656808.66,2016-11-09,185028,355.0,,,2,Occasional Customer
T1021983,C3629072,1978-06-15,M,PUNE,99131.5,2016-09-13,142859,2500.0,38.0,31-40,2,Occasional Customer
T60426,C5881554,1985-11-23,F,NEW DELHI,67810.5,2016-03-08,234352,141.0,30.0,21-30,1,One-Time Customer
T907506,C8421487,1987-02-18,F,BADLAPUR E,380662.34,2016-12-09,114156,3414.0,30.0,21-30,1,One-Time Customer
T853646,C7519574,1988-08-14,M,DELHI,2422.42,2016-09-09,191932,154.05,28.0,21-30,2,Occasional Customer
T998041,C6220020,1991-06-15,M,HYDERABAD,31828.98,2016-09-14,115849,2767.0,25.0,21-30,1,One-Time Customer
T338812,C6614992,,F,BHOPAL,6406304.47,2016-08-15,221614,10756.0,,,3,Occasional Customer
T950563,C8218816,1989-06-29,M,NEW DELHI,977085.88,2016-10-09,204437,1250.0,27.0,21-30,2,Occasional Customer
T739460,C5313115,1982-03-07,M,CHENNAI,13521.91,2016-02-09,180448,179.36,34.0,31-40,1,One-Time Customer
T245142,C2463172,1978-05-31,F,DEOLI,237.51,2016-07-08,174354,2000.0,38.0,31-40,1,One-Time Customer
T1002560,C6235689,1995-03-06,F,NOIDA,1654.4,2016-09-14,140630,30.0,22.0,21-30,1,One-Time Customer
T551037,C4531419,1981-05-25,M,JALANDHAR,72.51,2016-08-23,192015,430.0,35.0,31-40,1,One-Time Customer
T55019,C8462740,,M,GHAZIABAD,58587.16,2016-03-08,195107,1000.0,,,1,One-Time Customer
T108309,C6390219,1983-12-22,M,PUNE,59439.71,2016-06-08,91851,147.0,32.0,31-40,1,One-Time Customer
T107656,C6125890,1986-06-16,M,MUMBAI,199717.26,2016-06-08,134649,500.0,30.0,21-30,1,One-Time Customer
T541701,C6334887,1986-04-26,M,DELHI,5607.12,2016-08-23,105701,109.0,30.0,21-30,1,One-Time Customer
T762878,C8116819,1996-05-05,M,SHAMA,15509.93,2016-01-09,132139,50.0,20.0,18-20,1,One-Time Customer
T716952,C7423549,1980-05-01,M,MUMBAI,148486.79,2016-03-09,194835,2200.0,36.0,31-40,1,One-Time Customer
T298727,C8842782,1984-02-29,M,HYDERABAD,1849.67,2016-11-08,225033,536.26,33.0,31-40,2,Occasional Customer
T361157,C3147785,1982-02-10,M,SAHARANPUR,84021.35,2016-08-14,170309,1000.0,35.0,31-40,1,One-Time Customer
T1041597,C6416281,1980-10-06,M,BANGALORE,5.98,2016-09-18,140414,2049.51,36.0,31-40,1,One-Time Customer
T996725,C3739915,1987-10-18,M,GURGAON,34487.81,2016-09-14,94406,51.45,29.0,21-30,3,Occasional Customer
T90752,C3513238,,F,MUMBAI,11900.51,2016-09-22,122141,2000.0,,,1,One-Time Customer
T809667,C6921739,1992-04-18,M,FARIDABAD,20659.93,2016-04-09,230319,306.0,24.0,21-30,2,Occasional Customer
T606027,C3233686,1988-09-22,M,AJMER,9302.05,2016-08-26,181904,344.0,28.0,21-30,1,One-Time Customer
T954916,C2364253,1992-09-15,F,MUKTSAR,591.41,2016-10-09,185812,170.0,24.0,21-30,1,One-Time Customer
T1038191,C1820911,1992-04-08,F,MUMBAI,11777.4,2016-09-18,140614,20.0,24.0,21-30,1,One-Time Customer
T897322,C1017889,1981-07-23,M,CHAKALA ANDHERI E MUMBAI,14470.97,2016-07-09,90945,220.83,35.0,31-40,1,One-Time Customer
T776513,C2725647,1993-04-21,M,DIBRUGARH,4138.66,2016-06-09,194937,2100.0,23.0,21-30,1,One-Time Customer
T5465,C2338873,1986-04-24,M,PUNE,9650.48,2016-08-16,215821,75.97,30.0,21-30,1,One-Time Customer
T784460,C3014424,1990-11-14,F,ST JOSEDH BANGALORE,8155.14,2016-06-09,133109,698.0,26.0,21-30,1,One-Time Customer
T344678,C3814281,,M,AGRA,3493.91,2016-08-15,200001,270.0,,,2,Occasional Customer
T311655,C4219628,,M,PUNE,247220.72,2016-10-08,172033,2052.7,,,2,Occasional Customer
T673790,C3998448,1985-05-25,M,PATPARGANJ DELHI,204185.61,2016-08-28,193038,2099.0,31.0,31-40,1,One-Time Customer
T170630,C4532133,1991-07-03,F,BANGALORE,11384.3,2016-04-08,182532,140.0,25.0,21-30,2,Occasional Customer
T502662,C1621047,1993-01-14,F,GWALIOR,17215.98,2016-08-20,204628,2096.0,24.0,21-30,1,One-Time Customer
T940043,C8840360,1982-12-30,F,NEW DELHI,66335.58,2016-11-09,195730,1099.0,34.0,31-40,2,Occasional Customer
T631194,C1746072,1993-01-20,F,DELHI,11690.33,2016-08-29,175441,100.0,24.0,21-30,1,One-Time Customer
T4591,C4925389,1976-10-21,M,BANGALORE,51907.55,2016-08-23,145302,500.0,40.0,31-40,1,One-Time Customer
T698469,C5179040,1986-10-21,M,LUCKNOW,36.77,2016-08-30,104928,150.0,30.0,21-30,1,One-Time Customer
T209419,C7820558,1988-02-20,M,CHENNAI,2156.69,2016-03-09,133921,200.0,28.0,21-30,1,One-Time Customer
T757646,C7475622,1982-11-19,M,NEW DELHI,60729.01,2016-01-09,173042,19036.8,33.0,31-40,1,One-Time Customer
T189410,C2023670,1992-08-05,M,NEW DELHI,15408.02,2016-09-08,185606,500.0,24.0,21-30,1,One-Time Customer
T13754,C3238941,1982-12-07,M,FARIDABAD,40858.16,2016-09-25,214858,350.0,34.0,31-40,1,One-Time Customer
T393632,C1017848,1984-09-13,M,BANGALORE,5226.48,2016-08-13,225854,1000.0,32.0,31-40,1,One-Time Customer
T575534,C3951831,,M,NEW DELHI,567819.93,2016-08-22,113109,600.0,,,1,One-Time Customer
T758267,C1725062,1992-08-27,M,FARIDABAD,16472.2,2016-01-09,172502,4641.0,23.0,21-30,2,Occasional Customer
T711816,C4929983,1980-08-05,M,GURGAON,50156.13,2016-03-09,182525,500.0,36.0,31-40,2,Occasional Customer
T571980,C6188068,1981-08-31,M,GURGAON,6263.67,2016-08-27,101443,607.0,35.0,31-40,1,One-Time Customer
T235014,C3637853,1983-11-25,M,MOHALI,16377.92,2016-07-08,144742,247.0,33.0,31-40,1,One-Time Customer
T424232,C8026342,,M,NEW DELHI,189036.55,2016-08-17,122520,920.0,,,2,Occasional Customer
T817649,C9010546,1989-08-17,F,PATIALA,15086.39,2016-04-09,163028,50.0,27.0,21-30,1,One-Time Customer
T158593,C2339940,,M,GURGAON,28333.11,2016-05-08,215653,311.0,,,1,One-Time Customer
T1035753,C2913757,1993-07-31,F,BANGALORE,173447.62,2016-09-18,165122,50.0,23.0,21-30,3,Occasional Customer
T544553,C4910260,1983-01-07,F,GURGAON,7905.24,2016-08-24,215248,1960.0,34.0,31-40,3,Occasional Customer
T234337,C1637123,1979-10-07,F,DEHRADUN,34084.05,2016-07-08,180229,3080.0,37.0,31-40,1,One-Time Customer
T723627,C8914446,1979-08-12,M,KARNAL,13663.23,2016-02-09,95609,500.0,36.0,31-40,2,Occasional Customer
T489605,C8333990,1994-04-25,F,MUMBAI,230464.03,2016-08-20,124737,573.0,22.0,21-30,1,One-Time Customer
T1015904,C2826714,1980-02-11,M,CHENNAI,1589.43,2016-09-14,220223,65.0,37.0,31-40,1,One-Time Customer
T381701,C7417688,1991-01-01,F,KOLLAM,6767.8,2016-08-13,190213,218.0,26.0,21-30,1,One-Time Customer
T388483,C1511717,1987-01-09,M,DOHA,54895.59,2016-08-13,110817,238.0,30.0,21-30,1,One-Time Customer
T535055,C1710333,1994-03-26,F,FARIDABAD,3015.27,2016-08-22,105326,6999.0,22.0,21-30,1,One-Time Customer
T671802,C4715048,1994-04-04,M,NOIDA,17889.45,2016-08-31,191256,248.0,22.0,21-30,2,Occasional Customer
T1045428,C6022485,1990-08-31,M,BAMBOLIM,95209.23,2016-09-18,114759,440.0,26.0,21-30,2,Occasional Customer
T951175,C3629650,1992-10-08,F,MUMBAI,69471.64,2016-10-09,191506,498.0,24.0,21-30,1,One-Time Customer
T762546,C8542650,1986-04-06,F,BANGALORE,1968.97,2016-01-09,132700,500.0,30.0,21-30,2,Occasional Customer
T1010211,C7528691,,F,GURGAON,140150.31,2016-09-14,204606,4000.0,,,1,One-Time Customer
T599733,C2021952,1995-04-07,M,NEW DELHI,61463.62,2016-08-25,4009,195.0,21.0,21-30,1,One-Time Customer
T225671,C7814057,1989-01-01,M,PUNE,1943.4,2016-08-08,192100,1.89,28.0,21-30,1,One-Time Customer
T1012704,C5573663,1988-04-10,M,HYDERABAD,43854.35,2016-09-13,204827,458.0,28.0,21-30,1,One-Time Customer
T697471,C5168088,1979-04-03,M,NEW DELHI,5008.33,2016-08-30,125709,300.0,37.0,31-40,1,One-Time Customer
T726510,C2018067,,M,GUWAHATI,17969.28,2016-03-09,230921,16806.0,,,1,One-Time Customer
T955032,C6812148,1988-10-08,F,DELHI,36016.49,2016-10-09,223957,1176.0,28.0,21-30,2,Occasional Customer
T690872,C2937614,1991-09-30,M,SIRHIND,911.25,2016-08-31,205416,12.0,25.0,21-30,1,One-Time Customer
T428272,C6437368,1991-11-27,M,AHMEDABAD,24205.84,2016-08-17,211452,120.0,25.0,21-30,1,One-Time Customer
T494064,C3827177,1994-02-25,M,PUNE,13916.76,2016-08-20,211109,100.0,22.0,21-30,1,One-Time Customer
T407435,C3520271,1981-06-17,M,BENGALURU,17255.79,2016-08-18,131559,2000.0,35.0,31-40,1,One-Time Customer
T813500,C2310723,,M,NOIDA,204792.69,2016-04-09,201521,260.0,,,1,One-Time Customer
T258957,C7326872,1992-09-12,F,BENGALURU,17996.65,2016-12-08,145351,875.5,24.0,21-30,1,One-Time Customer
T801047,C3841874,,F,RAIPUR,247407.57,2016-05-09,171239,3102.0,,,2,Occasional Customer
T557187,C2887761,1987-05-12,M,3RD BLOCK BANGALORE,5.18,2016-08-24,150747,100.0,29.0,21-30,1,One-Time Customer
T78088,C2122187,1986-07-12,M,BANGALORE,41255.35,2016-02-08,204100,1121.0,30.0,21-30,1,One-Time Customer
T395428,C2434751,,M,PATIALA,14521.96,2016-08-13,212649,1371.0,,,2,Occasional Customer
T358574,C1021370,1990-10-13,F,NEW DELHI,42387.74,2016-08-14,173034,681.98,26.0,21-30,2,Occasional Customer
T589620,C4727567,,M,COIMBATORE,220241.6,2016-08-25,124555,460.0,,,1,One-Time Customer
T799113,C6635782,1985-10-06,M,NOIDA,53654.22,2016-05-09,161321,500.0,31.0,31-40,3,Occasional Customer
T227364,C8940775,1984-01-01,M,GAZIABAD,7866.26,2016-07-08,34147,210.0,33.0,31-40,1,One-Time Customer
T323464,C6141752,1989-07-10,M,BAREILLY,56754.46,2016-10-08,181452,270.0,27.0,21-30,1,One-Time Customer
T90837,C6534862,1980-10-30,F,GHAZIABAD,32250.68,2016-09-22,110044,210.0,36.0,31-40,2,Occasional Customer
T535616,C7033086,1986-01-28,F,PUNE,344976.94,2016-08-23,225317,5229.0,31.0,31-40,1,One-Time Customer
T763593,C6822429,1991-04-18,M,VADODARA,66176.15,2016-01-09,131040,1630.0,25.0,21-30,1,One-Time Customer
T789817,C5327445,1983-01-10,M,SINGAPORE,522.29,2016-05-09,4744,1158.0,33.0,31-40,3,Occasional Customer
T999274,C6618370,1992-03-07,F,DELHI,22709.1,2016-09-14,141407,40.0,25.0,21-30,1,One-Time Customer
T792147,C4821711,1988-06-30,M,NEW DELHI,19037.54,2016-05-09,123303,4470.83,28.0,21-30,1,One-Time Customer
T696552,C1929538,,M,NEW DELHI,228814.79,2016-08-30,130457,5608.5,,,1,One-Time Customer
T263761,C7030947,,M,NEW DELHI,10199.89,2016-12-08,171746,2700.0,,,1,One-Time Customer
T405259,C8521864,1995-12-28,F,HYDERABAD,9270.44,2016-08-18,190222,1947.5,21.0,21-30,1,One-Time Customer
T432627,C5019557,1993-03-03,F,CHENNAI,82658.86,2016-08-17,185341,500.0,23.0,21-30,1,One-Time Customer
T149820,C8035439,,M,VARANASI,1391.03,2016-05-08,224431,12776.0,,,2,Occasional Customer
T670219,C5512151,1991-10-30,F,GURGAON,3660.2,2016-08-31,65953,50.0,25.0,21-30,3,Occasional Customer
T490470,C6333139,1983-04-11,M,BANGALORE,21074.13,2016-08-20,180349,996.0,33.0,31-40,2,Occasional Customer
T862400,C4640365,1976-07-05,M,RAIPUR,6154.5,2016-08-09,102031,120.0,40.0,31-40,1,One-Time Customer
T1039910,C1331772,1989-12-22,F,NEW DELHI,14938.26,2016-09-18,133824,900.0,27.0,21-30,1,One-Time Customer
T1021590,C1135492,,M,MUMBAI,7774.3,2016-09-13,205123,566.0,,,1,One-Time Customer
T518963,C3919777,1994-02-28,F,NEW DELHI,89445.92,2016-08-19,222626,147.0,22.0,21-30,2,Occasional Customer
T487534,C6436117,1995-05-03,F,NOIDA,5570.0,2016-08-20,165856,200.0,21.0,21-30,1,One-Time Customer
T940022,C1516523,1988-04-12,M,VELLORE,8151.22,2016-11-09,191951,195.0,29.0,21-30,1,One-Time Customer
T313522,C4388370,1981-09-05,M,CHENNAI,0.62,2016-10-08,194447,250.0,35.0,31-40,1,One-Time Customer
T177553,C8110368,1989-05-11,M,BHARATPUR,27206.59,2016-04-08,210316,606.9,27.0,21-30,1,One-Time Customer
T1003404,C2818737,1988-09-27,M,GURGAON,34221.37,2016-09-14,193430,1156.0,28.0,21-30,1,One-Time Customer
T812697,C6022011,1985-03-30,F,AHMEDABAD,59874.17,2016-05-09,211214,297.0,31.0,31-40,1,One-Time Customer
T329801,C5813722,1982-10-09,M,BOISAR W,11989.62,2016-08-15,111838,2054.17,34.0,31-40,1,One-Time Customer
T81315,C8738790,1978-10-18,M,PUNE,73592.43,2016-02-08,224110,450.0,37.0,31-40,1,One-Time Customer
T550100,C1543580,,M,THANE,91405.56,2016-08-23,192713,487.0,,,1,One-Time Customer
T109753,C5687255,1992-01-22,M,PALI,415.14,2016-01-08,222331,100.0,24.0,21-30,1,One-Time Customer
T135726,C7416173,1978-07-16,M,BANGALORE,273395.44,2016-05-08,120116,92.0,38.0,31-40,2,Occasional Customer
T833169,C4128839,,M,TIRUVALLUR,3680.47,2016-04-09,115338,887.0,,,2,Occasional Customer
T16142,C7122340,1993-09-22,M,BANGALORE,12084.77,2016-09-26,195421,50.0,23.0,21-30,1,One-Time Customer
T160937,C5937975,1994-09-10,M,JAIPUR,11455.45,2016-04-08,83349,150.0,22.0,21-30,1,One-Time Customer
T1032020,C2442653,1995-05-06,M,DELHI,316.35,2016-09-13,111221,359.0,21.0,21-30,2,Occasional Customer
T563122,C6140873,1984-07-06,M,BAMBOLIM,17046.96,2016-08-27,110125,154.0,32.0,31-40,2,Occasional Customer
T710301,C1935862,1982-01-06,M,VISAKHAPATNAM,11733.24,2016-03-09,82141,70.0,34.0,31-40,1,One-Time Customer
T969755,C3228565,1984-10-11,M,KICHHA,81606.28,2016-10-09,102401,30.0,32.0,31-40,1,One-Time Customer
T518349,C8711148,1987-02-25,M,HYDERABAD,59.76,2016-08-19,192352,120.0,29.0,21-30,2,Occasional Customer
T896582,C2474251,1988-10-06,M,BANGALORE,15834.56,2016-07-09,115656,124.0,28.0,21-30,1,One-Time Customer
T865486,C3226634,,M,GURGAON,551279.11,2016-08-09,134805,20700.0,,,3,Occasional Customer
T776582,C2327832,1980-12-18,M,NOIDA,137387.52,2016-06-09,183717,10903.0,35.0,31-40,1,One-Time Customer
T807804,C3527742,1991-08-10,M,NEW DELHI,35.82,2016-04-09,211525,66.61,25.0,21-30,1,One-Time Customer
T475695,C1915448,1985-06-05,M,GHAZIABAD,1063239.22,2016-08-20,91320,1903.0,31.0,31-40,3,Occasional Customer
T964627,C4130450,1985-06-16,F,GHAZIABAD,77932.38,2016-10-09,115510,1347.49,31.0,31-40,1,One-Time Customer
T377039,C1412623,,M,DELHI,98663.55,2016-08-13,135508,413.0,,,1,One-Time Customer
T47360,C6790925,1988-05-31,M,ERNAKULAM,256859.1,2016-03-08,145326,899.0,28.0,21-30,1,One-Time Customer
T983120,C4135334,1992-01-20,F,JALANDHAR,8848.78,2016-09-15,123957,100.0,25.0,21-30,1,One-Time Customer
T291008,C5758879,1985-12-21,M,THANE,6088.12,2016-11-08,235337,1945.0,31.0,31-40,1,One-Time Customer
T5008,C5812373,1985-01-11,M,DIMAPUR,26794.55,2016-08-15,192416,48.0,32.0,31-40,1,One-Time Customer
T163820,C1017571,1985-08-10,M,GURGAON,13652.99,2016-04-08,123215,400.0,31.0,31-40,1,One-Time Customer
T533665,C3496442,1995-06-08,M,AHMEDABAD,64893.96,2016-08-23,214402,100.0,21.0,21-30,2,Occasional Customer
T389689,C8286860,1994-10-30,F,GURGAON,114.69,2016-08-13,201805,3599.0,22.0,21-30,1,One-Time Customer
T708950,C8319816,1987-09-21,F,MUMBAI,14365.69,2016-03-09,170623,2300.0,28.0,21-30,1,One-Time Customer
T298837,C4230890,1979-10-27,M,MUMBAI,497.96,2016-10-08,3722,560.0,37.0,31-40,1,One-Time Customer
T57575,C3036254,1979-05-15,M,NAVI MUMBAI,3979.79,2016-03-08,212653,240.0,37.0,31-40,1,One-Time Customer
T141770,C6672511,1992-06-19,F,AHMEDABAD,1611.91,2016-05-08,144700,0.52,24.0,21-30,1,One-Time Customer
T666854,C5732338,1983-07-26,F,ANDHERI-E MUMBAI,104523.14,2016-08-31,93751,600.0,33.0,31-40,2,Occasional Customer
T992829,C8227529,1987-03-04,M,NAVI MUMBAI,260740.23,2016-09-15,213443,150.0,30.0,21-30,1,One-Time Customer
T8444,C1923728,1993-09-26,M,HYDERABAD,5.4,2016-09-22,113742,50.0,23.0,21-30,1,One-Time Customer
T330072,C1138684,2003-09-29,F,BANGALORE,2000.42,2016-08-15,111845,1171.0,,,2,Occasional Customer
T843284,C7124615,1986-01-10,M,GURGAON,105433.4,2016-09-09,115720,259.0,31.0,31-40,1,One-Time Customer
T473161,C3512635,1981-12-26,M,THANE WEST,20408.15,2016-08-21,142232,2225.39,35.0,31-40,1,One-Time Customer
T875477,C5419124,1992-12-04,M,UDAIPUR,18109.95,2016-08-09,223204,1783.0,24.0,21-30,2,Occasional Customer
T874689,C7370533,1992-04-28,M,MUMBAI,3314.87,2016-08-09,205252,925.0,24.0,21-30,1,One-Time Customer
T936873,C3515213,1996-10-27,M,NEW DELHI,30145.26,2016-11-09,184743,3772.9,20.0,18-20,1,One-Time Customer
T733679,C6619416,1984-09-11,M,PUNE,23509.82,2016-02-09,174240,210.0,31.0,31-40,1,One-Time Customer
T952408,C5914727,1983-08-21,M,BANGALORE,232008.83,2016-10-09,190240,3947.0,33.0,31-40,2,Occasional Customer
T973413,C5638835,1987-08-01,M,CHANDIGARH,53524.95,2016-10-09,636,2000.0,29.0,21-30,1,One-Time Customer
T46390,C2926868,1978-02-10,M,NEW DELHI,260479.53,2016-03-08,115300,50.0,38.0,31-40,1,One-Time Customer
T485138,C1461168,1992-08-04,M,DELHI,403.53,2016-08-20,155927,620.0,24.0,21-30,1,One-Time Customer
T883654,C4267054,1977-07-16,M,DELHI,22652.45,2016-07-09,213709,200.0,39.0,31-40,3,Occasional Customer
T83547,C8429449,1988-01-01,M,DELHI,81630.8,2016-01-08,20405,747.0,28.0,21-30,3,Occasional Customer
T823633,C2526934,1985-07-01,F,DELHI,149120.1,2016-04-09,173016,347.0,31.0,31-40,1,One-Time Customer
T972074,C3891078,1987-03-22,M,GURDASPUR,61928.95,2016-10-09,115849,3393.0,30.0,21-30,1,One-Time Customer
T51285,C2216514,1988-06-27,F,PUNE,38528.54,2016-03-08,170547,1550.1,28.0,21-30,2,Occasional Customer
T1007288,C7628043,1989-11-14,M,VIZIANAGARAM,25835.38,2016-09-14,161903,402.0,27.0,21-30,2,Occasional Customer
T64833,C7715421,1993-04-24,M,BANGALORE,4325.83,2016-02-08,103922,122.3,23.0,21-30,1,One-Time Customer
T437527,C4635511,,M,ROAD EAST THANE,29324.63,2016-08-17,213052,17066.0,,,2,Occasional Customer
T779872,C6487579,1990-10-08,F,NOIDA,10947.74,2016-06-09,144722,75.0,26.0,21-30,1,One-Time Customer
T497607,C3830990,1990-12-11,F,WARANGAL,11.78,2016-08-20,182011,21.0,26.0,21-30,1,One-Time Customer
T524908,C2825821,1990-08-15,M,FARIDABAD,3166.32,2016-08-24,160239,1300.0,26.0,21-30,1,One-Time Customer
T93947,C8838444,1992-11-24,F,DELHI,265.76,2016-01-08,140945,612.0,23.0,21-30,2,Occasional Customer
T303132,C8241133,,F,VISAKHAPATNAM,13926.0,2016-10-08,103730,149.0,,,1,One-Time Customer
T354601,C5039849,1990-01-15,M,NAVI MUMBAI,858.49,2016-08-14,174242,1500.0,27.0,21-30,1,One-Time Customer
T489608,C8924759,,M,BANUR,13267.3,2016-08-20,180850,300.0,,,1,One-Time Customer
T734471,C2329122,1991-06-03,F,GURGAON,11084.91,2016-02-09,170203,195.0,25.0,21-30,1,One-Time Customer
T54893,C8125188,1988-10-16,M,MUMBAI,16919.09,2016-03-08,194824,450.0,27.0,21-30,1,One-Time Customer
T241676,C6976235,1984-09-09,M,JAMMU,33169.35,2016-07-08,191106,579.52,32.0,31-40,1,One-Time Customer
T966670,C3415812,1979-01-08,M,PATHANKOT [PB],9374.37,2016-10-09,122435,1.0,38.0,31-40,2,Occasional Customer
T857638,C3321343,1990-05-20,M,SINGHBUM,6988.01,2016-09-09,203956,618.12,26.0,21-30,2,Occasional Customer
T103724,C8533389,1984-06-10,M,GURGAON,105501.41,2016-01-08,200307,715.15,32.0,31-40,1,One-Time Customer
T155362,C5236423,1982-04-30,M,THANE,28799.24,2016-03-09,152025,720.0,34.0,31-40,1,One-Time Customer
T437342,C7984074,,M,NEW DELHI,119416.19,2016-08-17,213930,1092.0,,,1,One-Time Customer
T236565,C5538357,1981-05-15,M,BANGALORE,32314.77,2016-07-08,124918,276.0,35.0,31-40,2,Occasional Customer
T112655,C1738151,1986-12-25,M,MUMBAI,24.93,2016-06-08,170916,46.0,29.0,21-30,2,Occasional Customer
T70984,C8582413,1987-05-09,M,BANGALORE,8329.81,2016-02-08,190612,223.5,29.0,21-30,1,One-Time Customer
T907008,C7826734,,F,BANGALORE,103039.36,2016-12-09,90812,5.63,,,3,Occasional Customer
T538794,C3916672,1990-04-26,M,NIZAMABAD,1448.28,2016-08-23,90309,10.0,26.0,21-30,1,One-Time Customer
T260102,C1529363,1989-07-14,M,NOIDA,480.34,2016-12-08,140549,298.0,27.0,21-30,1,One-Time Customer
T159184,C1126085,,M,CHENNAI,149636.72,2016-04-08,111347,931.0,,,1,One-Time Customer
T16624,C7928170,1979-04-22,M,NORTH 24 PARGANAS,7820.3,2016-09-26,191825,2279.0,37.0,31-40,1,One-Time Customer
T620294,C4922382,1992-10-17,M,GHAZIABAD,150681.34,2016-08-28,635,100.0,24.0,21-30,3,Occasional Customer
T74317,C1620454,1990-12-12,F,KANGRA,9801.14,2016-02-08,214626,2051.0,25.0,21-30,2,Occasional Customer
T635391,C3724755,1994-12-27,M,MUMBAI,48225.22,2016-08-29,173411,150.0,22.0,21-30,1,One-Time Customer
T998269,C2671112,1993-04-26,M,LUDHIANA,25630.48,2016-09-14,72738,43.0,23.0,21-30,1,One-Time Customer
T1004085,C8433338,1984-03-21,F,BANGALORE,7.16,2016-09-14,172321,150.0,32.0,31-40,1,One-Time Customer
T687598,C8616956,1982-06-02,M,CHENNAI,572.98,2016-08-30,222912,190.0,34.0,31-40,1,One-Time Customer
T878445,C3821516,1992-09-19,F,NAGPUR,5254.74,2016-07-09,223253,180.0,24.0,21-30,1,One-Time Customer
T539766,C1122149,1995-12-30,M,AGARTALA,11970.85,2016-08-23,233813,20632.0,21.0,21-30,1,One-Time Customer
T638087,C8538972,1989-11-12,M,KOLHAPUR,,2016-08-29,180233,217.0,27.0,21-30,1,One-Time Customer
T846422,C8223119,1988-03-15,M,NEW DELHI,10119.27,2016-09-09,123613,2600.0,28.0,21-30,1,One-Time Customer
T336018,C6474130,1990-04-10,M,AURANGABAD,461.0,2016-08-14,75214,1252.0,26.0,21-30,1,One-Time Customer
T397402,C4126947,1987-06-15,M,MUMBAI,1908.37,2016-08-13,215719,2500.0,29.0,21-30,2,Occasional Customer
T905821,C1614516,1989-03-29,F,GURGAON,38368.2,2016-12-09,150957,82.24,28.0,21-30,1,One-Time Customer
T423224,C5439517,1985-09-17,M,GURGAON,69503.59,2016-08-17,140336,2190.0,31.0,31-40,2,Occasional Customer
T582919,C6633085,1988-05-06,M,HYDERABAD,25377.9,2016-08-27,143527,75690.0,28.0,21-30,1,One-Time Customer
T548220,C6122419,1981-06-10,M,AMRITSAR,353.3,2016-08-23,184841,100.0,35.0,31-40,3,Occasional Customer
T1004896,C6611962,,F,PUNE,2040875.54,2016-09-14,181919,2300.0,,,1,One-Time Customer
T721257,C8611639,1985-03-30,M,GANDHINAGAR,7233.15,2016-03-09,201809,1650.0,31.0,31-40,1,One-Time Customer
T673364,C1918870,1986-01-06,M,CHANDIGARH,19957.76,2016-08-31,190650,60.0,31.0,31-40,1,One-Time Customer
T397770,C2473222,1993-03-15,F,MUMBAI,8192.5,2016-08-18,90954,1065.0,23.0,21-30,1,One-Time Customer
T916688,C5739948,1992-11-24,M,GAUTAM BUDDHA NAGAR,6162.43,2016-12-09,191245,373.0,24.0,21-30,2,Occasional Customer
T793025,C1835337,1989-06-20,M,NOIDA,3066.71,2016-05-09,103058,1062.0,27.0,21-30,1,One-Time Customer
T95754,C2816673,1988-04-30,F,GURGAON,296.21,2016-01-08,142115,250.0,28.0,21-30,1,One-Time Customer
T302109,C7322017,1994-05-21,F,KOLKATA,530.01,2016-10-08,120639,17.0,22.0,21-30,2,Occasional Customer
T877829,C1828832,1997-08-29,M,MUMBAI,247088.52,2016-08-09,215658,1161.92,19.0,18-20,1,One-Time Customer
T517593,C5330657,1987-10-12,M,BANGALORE,12171.48,2016-08-19,222155,951.0,29.0,21-30,1,One-Time Customer
T364293,C6691585,1987-11-27,M,NOIDA,44297.53,2016-08-14,180600,755.0,29.0,21-30,1,One-Time Customer
T351107,C9035682,1989-09-22,F,GURGAON,2940.39,2016-08-14,130314,2502.0,27.0,21-30,1,One-Time Customer
T48447,C1722423,1993-04-06,M,THANE,7027.26,2016-03-08,134824,200.0,23.0,21-30,1,One-Time Customer
T705688,C5925343,1978-08-06,M,NASHIK,106880.36,2016-03-09,102330,1000.0,38.0,31-40,1,One-Time Customer
T441542,C4815432,1997-07-05,M,NELLORE,5876.95,2016-08-16,125719,543.0,19.0,18-20,2,Occasional Customer
T400330,C9021154,,M,PILANI,427665.74,2016-08-18,123930,13687.0,,,1,One-Time Customer
T664663,C4719138,1992-11-01,M,PATNA,14443.17,2016-08-31,120549,690.16,24.0,21-30,1,One-Time Customer
T250460,C3425992,1992-02-07,M,MUMBAI,5613.28,2016-07-08,212549,1057.0,24.0,21-30,2,Occasional Customer
T137915,C3512731,1987-07-04,F,GURGAON,117687.86,2016-05-08,120314,52.0,29.0,21-30,1,One-Time Customer
T779746,C7017760,1989-12-29,M,DELHI,89403.14,2016-06-09,141001,250.0,26.0,21-30,1,One-Time Customer
T165272,C6827337,1989-10-12,M,BANGALORE,15735.53,2016-04-08,154240,150.0,26.0,21-30,1,One-Time Customer
T959302,C1898288,1984-07-16,M,PUNE,17187.0,2016-10-09,193021,258.0,32.0,31-40,1,One-Time Customer
T407255,C3528364,1989-09-24,F,INDIRANAGAR BANGALORE,33059.28,2016-08-18,181111,246.14,27.0,21-30,1,One-Time Customer
T285077,C7115634,1979-01-09,F,AHMEDABAD,102054.74,2016-11-08,104240,990.0,38.0,31-40,2,Occasional Customer
T202747,C9017131,,M,MUMBAI,246019.95,2016-08-08,92930,3300.0,,,1,One-Time Customer
T545547,C5134659,1989-06-23,M,BHILAI,82.66,2016-08-24,171935,10.0,27.0,21-30,2,Occasional Customer
T693618,C6331159,,M,NEW DELHI,118604.68,2016-08-31,221230,7084.0,,,1,One-Time Customer
T136544,C7536652,,M,NEW DELHI,5412.56,2016-06-08,222745,500.0,,,1,One-Time Customer
T574981,C3819982,1993-07-09,F,NEW DELHI,738.24,2016-08-27,142135,1890.0,23.0,21-30,1,One-Time Customer
T677939,C5135149,,M,VADODARA,10770.34,2016-08-28,115005,245.0,,,1,One-Time Customer
T446582,C5283266,1988-10-05,M,TIRUNELVELI,27027.08,2016-08-16,124320,30.0,28.0,21-30,1,One-Time Customer
T953045,C1130314,1980-01-28,M,ERNAKULAM,22383.77,2016-10-09,194341,1701.0,37.0,31-40,1,One-Time Customer
T1016273,C6225042,1986-10-05,F,IMPHAL EAST,5249.14,2016-09-14,211421,200.0,30.0,21-30,1,One-Time Customer
T73766,C4232837,1989-05-07,F,DELHI,72262.34,2016-02-08,172938,100.0,27.0,21-30,1,One-Time Customer
T656036,C6917442,1989-07-23,F,BANGALORE,26594.19,2016-08-31,184134,317.0,27.0,21-30,1,One-Time Customer
T227932,C7518776,1994-02-27,M,DELHI,102761.49,2016-08-08,155940,67.0,22.0,21-30,2,Occasional Customer
T340018,C3739887,1976-03-21,F,PUNE,168537.34,2016-08-15,183226,7300.0,40.0,31-40,1,One-Time Customer
T1047124,C5132030,,M,BANGLORE,11461.07,2016-09-18,193734,1000.0,,,2,Occasional Customer
T262430,C3223448,1986-04-06,M,BANGALORE,11509.43,2016-12-08,195232,1283.54,31.0,31-40,1,One-Time Customer
T139501,C6766063,1985-03-27,M,CHENNAI,2677.18,2016-05-08,102154,10.0,31.0,31-40,1,One-Time Customer
T826920,C3112362,1993-11-23,F,MUMBAI,69300.56,2016-04-09,110450,373.3,22.0,21-30,2,Occasional Customer
T420838,C5131575,1988-08-15,F,DELHI,36286.56,2016-08-17,142634,631.0,28.0,21-30,3,Occasional Customer
T264230,C8010375,1987-03-12,M,MANDYA,4986.75,2016-12-08,172857,1551.0,30.0,21-30,1,One-Time Customer
T159914,C1316451,1990-08-30,F,SINGRAULI,4761.28,2016-05-08,230628,185.0,26.0,21-30,2,Occasional Customer
T237752,C3020254,1991-08-16,M,NOIDA,4.29,2016-07-08,164847,95.0,25.0,21-30,2,Occasional Customer
T66734,C5737762,1991-10-01,M,MUMBAI,108.44,2016-02-08,114047,78.0,24.0,21-30,1,One-Time Customer
T134350,C1035033,1984-10-04,M,BANGALORE,556.44,2016-06-08,222311,100.0,32.0,31-40,1,One-Time Customer
T55582,C5241948,,M,NASHIK,24055.25,2016-03-08,191220,2814.0,,,1,One-Time Customer
T302629,C7832563,1986-06-18,M,BANGALORE,73.36,2016-10-08,143653,300.0,30.0,21-30,1,One-Time Customer
T617987,C6487985,,M,THANE,391962.43,2016-08-25,180823,1050.0,,,1,One-Time Customer
T284298,C3029376,1992-07-01,M,HYDERABAD,1130.57,2016-11-08,130450,1742.5,24.0,21-30,1,One-Time Customer
T829643,C7620177,1989-01-07,M,NEW DELHI,4181.86,2016-04-09,115449,107.0,27.0,21-30,1,One-Time Customer
T792931,C5420470,1979-01-08,M,NAVI MUMBAI,7989.52,2016-05-09,123741,454.0,37.0,31-40,1,One-Time Customer
T636892,C2529629,1993-11-16,M,NEW DELHI,3910.45,2016-08-25,183857,200.0,23.0,21-30,2,Occasional Customer
T485678,C2736563,1990-07-13,M,THANE,8731.46,2016-08-20,34237,370.0,26.0,21-30,2,Occasional Customer
T895871,C6619117,1986-12-07,M,LUDHIANA,31397.85,2016-07-09,125308,2806.0,30.0,21-30,1,One-Time Customer
T800981,C8540513,1997-01-22,M,MEDINIPUR,32.56,2016-05-09,142346,774.0,19.0,18-20,1,One-Time Customer
T56781,C6833335,1986-02-17,M,KOLKATA,3340.39,2016-03-08,194524,20.0,30.0,21-30,1,One-Time Customer
T270158,C7439745,1987-02-06,M,MUZAFFAR NAGAR,24427.92,2016-12-08,184743,90.0,30.0,21-30,2,Occasional Customer
T867602,C4597539,1979-02-06,F,BANGALORE,115690.34,2016-08-09,133343,55.0,38.0,31-40,1,One-Time Customer
T34733,C5511578,1995-03-22,M,SHIMLA,203.69,2016-09-30,142243,147.0,22.0,21-30,1,One-Time Customer
T1043194,C3339630,1981-01-20,M,NEW DELHI,225002.97,2016-09-18,114141,4130.0,36.0,31-40,1,One-Time Customer
T938406,C3917249,1978-01-18,F,BANGALORE,125871.04,2016-11-09,141036,1800.0,39.0,31-40,1,One-Time Customer
T5586,C7334392,,M,MOTHERSON COMPANY FARIDABAD,1167.64,2016-09-22,70740,200.0,,,1,One-Time Customer
T296869,C5833174,1984-01-12,M,BANGALORE,16335.88,2016-11-08,201950,260.85,33.0,31-40,1,One-Time Customer
T412155,C7132857,1992-04-07,M,DELHI,88.49,2016-08-18,181718,600.0,24.0,21-30,2,Occasional Customer
T364689,C2338861,,M,NEW DELHI,9905.03,2016-08-14,192651,1405.0,,,3,Occasional Customer
T365523,C3039589,1985-01-28,M,AHMEDABAD,5940.05,2016-08-14,195812,50.0,32.0,31-40,1,One-Time Customer
T812878,C7527537,1989-11-05,M,CUDDALORE,6442.87,2016-04-09,232931,600.0,26.0,21-30,2,Occasional Customer
T163258,C2116822,,M,MUMBAI,1129.44,2016-04-08,140728,10.0,,,1,One-Time Customer
T242691,C6432513,1994-06-15,F,GURGAON,55928.61,2016-07-08,190822,286.0,22.0,21-30,2,Occasional Customer
T886056,C8712330,1986-11-11,M,MUMBAI,23069.3,2016-07-09,205807,1199.0,30.0,21-30,2,Occasional Customer
T855790,C3217347,1992-02-09,M,GURGAON,18025.83,2016-09-09,223422,2561.0,25.0,21-30,2,Occasional Customer
T882316,C2734344,1989-02-16,F,FARIDABAD,4936.09,2016-08-09,223720,1000.0,27.0,21-30,1,One-Time Customer
T169474,C8518154,1988-06-30,M,MUMBAI,47019.48,2016-04-08,183049,50.0,28.0,21-30,3,Occasional Customer
T545944,C3415411,1988-08-11,M,BANGALORE,40664.82,2016-08-24,185342,492.0,28.0,21-30,2,Occasional Customer
T850546,C3433761,1991-05-18,F,BANGALORE,528660.55,2016-09-09,3733,24.0,25.0,21-30,1,One-Time Customer
T735480,C6615616,1985-03-19,M,MAHAD,2972.18,2016-02-09,165651,1450.0,31.0,31-40,1,One-Time Customer
T630543,C1640078,1985-03-03,M,MUMBAI,10969.95,2016-08-29,132738,300.0,31.0,31-40,1,One-Time Customer
T948996,C8826860,1988-01-08,M,CHENNAI,3393.27,2016-11-09,213730,265.0,29.0,21-30,1,One-Time Customer
T903141,C6934520,1983-12-13,F,NAVI MUMBAI,125336.73,2016-12-09,161739,300.0,33.0,31-40,1,One-Time Customer
T207176,C6023432,1984-12-28,M,BANGALORE,142.96,2016-08-08,115453,500.0,32.0,31-40,2,Occasional Customer
T839195,C6020526,1991-09-14,M,GURGAON,2511.85,2016-09-09,171552,169.0,25.0,21-30,1,One-Time Customer
T743539,C4661442,1992-11-18,M,BHANDARA,7756.05,2016-01-09,220828,1184.0,23.0,21-30,2,Occasional Customer
T788384,C6242726,,M,KOLKATA,4470.81,2016-05-09,85619,2096.0,,,1,One-Time Customer
T1048422,C5114584,1985-05-01,M,NEW DELHI,23.24,2016-09-18,82432,32500.0,31.0,31-40,1,One-Time Customer
T1037129,C2472541,1995-11-03,M,PUNE,13669.48,2016-09-18,140146,4400.0,21.0,21-30,1,One-Time Customer
T535161,C3842786,1982-05-31,M,SURAT,44981.72,2016-08-24,214045,767.0,34.0,31-40,2,Occasional Customer
T918627,C1319141,1985-09-21,M,SIRMAUR,11197.6,2016-12-09,192936,666.0,31.0,31-40,2,Occasional Customer
T989710,C7223156,1986-08-21,M,BANGALORE,8578.07,2016-09-15,220339,670.0,30.0,21-30,1,One-Time Customer
T89432,C1527273,1986-09-17,F,HOWRAH,1800.33,2016-01-08,112115,60.0,29.0,21-30,1,One-Time Customer
T510073,C6072031,,M,VAPI,19021.55,2016-08-19,114134,4951.0,,,1,One-Time Customer
T1020665,C7039178,1987-02-14,F,GURGAON,10463.74,2016-09-13,145323,640.0,30.0,21-30,1,One-Time Customer
T939762,C6028634,1978-09-10,M,MUMBAI,5668.29,2016-11-09,195415,3000.0,38.0,31-40,1,One-Time Customer
T657550,C6012950,1978-02-04,M,BANGALORE,59664.7,2016-08-31,182254,645.0,39.0,31-40,1,One-Time Customer
T206868,C5318778,,F,MARGAO,59536.79,2016-08-08,164637,1000.0,,,2,Occasional Customer
T764438,C5935471,1993-10-07,M,VARANASI,14.69,2016-01-09,121053,248.0,22.0,21-30,1,One-Time Customer
T649669,C4827857,1986-05-12,M,DELHI,6643.86,2016-08-31,134202,100.0,30.0,21-30,2,Occasional Customer
T109963,C1541252,1993-10-06,M,CHENNAI,10.15,2016-01-08,220457,45.0,22.0,21-30,1,One-Time Customer
T181877,C7410563,1985-04-12,M,NEW DELHI,373110.85,2016-09-08,62612,1119.0,31.0,31-40,1,One-Time Customer
T488367,C6810833,1992-12-06,M,TIRUVANNAMALAI,32485.42,2016-08-20,184038,150.0,24.0,21-30,1,One-Time Customer
T189628,C2327926,1996-06-24,M,BANGALORE,2112.56,2016-09-08,171629,200.0,20.0,18-20,2,Occasional Customer
T459931,C8811286,1982-04-25,M,KANPUR,14226.23,2016-08-21,125222,1052.44,34.0,31-40,1,One-Time Customer
T544731,C5968073,1992-07-18,M,CHENNAI,5200.96,2016-08-23,41209,30.0,24.0,21-30,1,One-Time Customer
T633104,C1933265,,M,CHENNAI,13723.33,2016-08-29,173504,1677.56,,,1,One-Time Customer
T761027,C4817590,,M,NEW DELHI,18040.7,2016-01-09,161629,1512.94,,,2,Occasional Customer
T228857,C8615341,1989-12-01,F,DELHI,78826.37,2016-07-08,135033,2555.0,27.0,21-30,1,One-Time Customer
T882541,C4181988,1982-07-22,F,MUMBAI,15394.61,2016-07-09,195432,407.0,34.0,31-40,1,One-Time Customer
T283864,C5544654,1991-04-13,M,KANNAUJ,9916.42,2016-11-08,141218,10.0,26.0,21-30,1,One-Time Customer
T138049,C7998263,1993-01-01,M,COCHIN,12337.29,2016-05-08,111235,50.0,23.0,21-30,1,One-Time Customer
T435941,C3611313,1985-02-09,M,NEW DELHI,451575.68,2016-08-16,94301,70.0,32.0,31-40,1,One-Time Customer
T437380,C1617339,1986-07-22,M,DELHI,9370.41,2016-08-17,204845,3435.0,30.0,21-30,1,One-Time Customer
T916947,C3133464,,M,JIND,35105.93,2016-12-09,224809,894.83,,,2,Occasional Customer
T362062,C9010524,,F,MUMBAI,869.84,2016-08-13,913,160.0,,,3,Occasional Customer
T576518,C7411471,1978-12-07,M,LUCKNOW,25256.28,2016-08-22,201355,809.2,38.0,31-40,1,One-Time Customer
T977002,C8622918,1980-05-18,M,MANGALORE,506729.37,2016-09-15,142036,120.0,36.0,31-40,3,Occasional Customer
T986658,C3411811,1986-05-19,M,JAIPUR,11281.65,2016-09-15,190643,200.0,30.0,21-30,1,One-Time Customer
T513936,C5334664,1993-10-06,M,BAMBOLIM,18170.67,2016-08-19,203052,100.0,23.0,21-30,2,Occasional Customer
T837539,C1183583,,M,BOISAR,8093.64,2016-09-09,163101,190.0,,,1,One-Time Customer
T189227,C7421247,1995-06-10,F,GURGAON,10795.53,2016-09-08,191509,960.0,21.0,21-30,2,Occasional Customer
T597953,C7329325,,M,KANCHEEPURAM,9370.67,2016-08-26,210152,2750.0,,,1,One-Time Customer
T1048249,C7040531,,M,MUMBAI,253378.18,2016-09-18,91840,2549.85,,,1,One-Time Customer
T702968,C6271259,1995-01-01,M,NEW DELHI,22808.24,2016-08-31,163830,40.0,22.0,21-30,1,One-Time Customer
T922031,C7729952,1991-09-16,M,DELHI,975.7,2016-12-09,202403,606.9,25.0,21-30,1,One-Time Customer
T4402,C4437418,,M,OXFORD SCHOOL MUMBAI,260500.99,2016-09-22,141208,1200.0,,,1,One-Time Customer
T730194,C6545149,1989-04-09,M,MUMBAI,73588.16,2016-02-09,140044,1181.0,27.0,21-30,1,One-Time Customer
T1009375,C1288363,1989-05-01,M,MUMBAI,10025.04,2016-09-14,185907,5251.77,27.0,21-30,1,One-Time Customer
T1032996,C1028919,1996-01-29,M,GURGAON,35671.32,2016-09-18,180534,624.58,21.0,21-30,2,Occasional Customer
T748443,C5727077,1990-09-10,F,DELHI,1500.43,2016-02-09,223308,1696.0,25.0,21-30,2,Occasional Customer
T646441,C7537529,,F,SHIMLA,8557.01,2016-08-25,144343,2799.0,,,2,Occasional Customer
T76188,C3334422,1991-10-06,M,DEVANAHALLI BANGALORE,5012.73,2016-02-08,183207,100.0,24.0,21-30,1,One-Time Customer
T591259,C6432334,1980-05-11,F,MORADABAD,127306.63,2016-08-25,125954,8000.0,36.0,31-40,2,Occasional Customer
T1035113,C7931546,1989-11-25,F,NEW DELHI,8430.36,2016-09-13,1948,1000.0,27.0,21-30,2,Occasional Customer
T411799,C2940487,,M,GHAZIABAD,98905.62,2016-08-18,213716,1750.0,,,1,One-Time Customer
T880267,C1611257,,M,DELHI,641046.94,2016-07-09,235155,107000.04,,,1,One-Time Customer
T661644,C8620445,1978-07-08,F,BANGALORE,18319.99,2016-08-31,82550,352.0,38.0,31-40,2,Occasional Customer
T520352,C7214949,1991-07-01,M,THANE,44889.76,2016-08-19,195633,446.31,25.0,21-30,2,Occasional Customer
T349978,C4711528,1976-01-24,M,MUMBAI,209579.12,2016-08-14,162551,25000.26,41.0,41-50,1,One-Time Customer
T120035,C8736138,1987-03-14,F,AGRA,11899.53,2016-06-08,144655,193.0,29.0,21-30,2,Occasional Customer
T353120,C6220137,1990-09-08,M,NEW DELHI,3798.03,2016-08-14,121626,2794.0,26.0,21-30,1,One-Time Customer
T568788,C4438084,1982-02-23,M,MUMBAI,12013.94,2016-08-22,182002,137.0,34.0,31-40,2,Occasional Customer
T801632,C5130916,1992-05-19,M,MUMBAI,13215.66,2016-05-09,220149,2000.0,24.0,21-30,1,One-Time Customer
T351534,C7328577,1987-01-01,M,BALESHWAR,768.94,2016-08-14,123643,585.0,30.0,21-30,1,One-Time Customer
T960461,C2022249,1993-08-23,M,AHMEDABAD,5982.87,2016-10-09,142118,113.71,23.0,21-30,1,One-Time Customer
T786840,C4526059,1988-11-07,M,CHENNAI,27744.25,2016-06-09,91516,189.18,28.0,21-30,1,One-Time Customer
T1027024,C2014858,1990-08-20,M,GOLAGHAT,25566.3,2016-09-13,180723,50.0,26.0,21-30,2,Occasional Customer
T975919,C4721345,1987-03-21,F,GURGAON,207824.13,2016-09-15,140430,275.0,29.0,21-30,1,One-Time Customer
T359517,C3336949,1987-05-12,M,FARIDABAD,4250.34,2016-08-14,222933,30.0,29.0,21-30,1,One-Time Customer
T591564,C2317460,1990-06-12,F,JEKEGRAM THANE,9250.74,2016-08-27,234941,267.2,26.0,21-30,1,One-Time Customer
T279327,C1040724,1983-10-08,M,THANE,692.16,2016-12-08,224444,1575.0,33.0,31-40,3,Occasional Customer
T608537,C3428659,1983-07-15,M,SRIKAKULAM,5546.16,2016-08-25,104711,254.0,33.0,31-40,1,One-Time Customer
T602060,C8972590,1993-08-15,F,PUNE,18775.76,2016-08-26,212356,310.0,23.0,21-30,1,One-Time Customer
T997443,C3369156,1985-03-29,M,MUMBAI,71542.84,2016-09-14,90609,200.0,31.0,31-40,1,One-Time Customer
T134319,C6256883,1990-06-23,M,NEW DELHI,51391.93,2016-06-08,165804,29785.0,26.0,21-30,1,One-Time Customer
T964757,C8321553,1978-08-28,M,BANDA,42616.12,2016-10-09,125145,374.0,38.0,31-40,1,One-Time Customer
T797069,C4326640,1989-06-19,M,BERHAMPUR,3768.77,2016-05-09,144804,298.0,27.0,21-30,2,Occasional Customer
T21975,C4439857,1986-02-03,F,DELHI,119952.7,2016-09-23,201810,1000.0,31.0,31-40,2,Occasional Customer
T399640,C2242875,1989-07-14,M,GURGAON,15002.44,2016-08-18,82807,400.0,27.0,21-30,2,Occasional Customer
T568604,C4933942,1989-07-07,F,GURGAON,34436.86,2016-08-22,182144,20000.0,27.0,21-30,2,Occasional Customer
T530522,C8473646,1981-10-10,M,MUMBAI,362815.22,2016-08-23,143652,11999.0,35.0,31-40,1,One-Time Customer
T635662,C8931181,1987-01-22,M,JHAJJAR,11.58,2016-08-29,114311,150.0,30.0,21-30,2,Occasional Customer
T306422,C8613018,,M,DELHI,213824.09,2016-10-08,160202,1512.75,,,2,Occasional Customer
T263980,C7829885,1993-01-11,M,MUMBAI,557.96,2016-12-08,180220,10.0,24.0,21-30,1,One-Time Customer
T1011160,C3153288,,M,HOSUR,370575.22,2016-09-14,181258,1000.0,,,1,One-Time Customer
T501971,C6036165,1987-05-31,M,BANGALORE,3072.7,2016-08-20,202125,331.0,29.0,21-30,1,One-Time Customer
T692904,C5125539,,M,HOWRAH,235.87,2016-08-31,201923,1458.0,,,2,Occasional Customer
T176374,C7876945,1977-03-17,M,MAHALAXMI MUMBAI,2057.61,2016-04-08,211754,1300.0,39.0,31-40,1,One-Time Customer
T528821,C1112169,1984-11-23,M,HYDERABAD,614156.34,2016-08-24,201301,200.0,32.0,31-40,1,One-Time Customer
T759917,C2142031,1995-09-13,F,NEW DELHI,10053.89,2016-01-09,172631,70.0,20.0,18-20,2,Occasional Customer
T373306,C2110511,1992-01-05,F,ADILABAD,6915.51,2016-08-13,80659,200.0,25.0,21-30,1,One-Time Customer
T782008,C7420986,,F,RD SAKET NEW DELHI,124127.77,2016-06-09,140504,6021.0,,,2,Occasional Customer
T465996,C1926411,1984-10-27,M,MUMBAI,45470.23,2016-08-21,125041,616.5,32.0,31-40,1,One-Time Customer
T893859,C5913047,1984-07-09,M,GHAZIABAD,227713.63,2016-07-09,134036,4198.0,32.0,31-40,1,One-Time Customer
T356930,C6914369,1991-11-26,M,GURGAON,115007.59,2016-08-14,180153,691.0,25.0,21-30,2,Occasional Customer
T473675,C7128017,1981-01-18,M,MUMBAI,22929.02,2016-08-21,220704,390.0,36.0,31-40,1,One-Time Customer
T339988,C8040874,1986-02-26,M,MANDI,12778.25,2016-08-15,190622,880.8,30.0,21-30,1,One-Time Customer
T75123,C2432470,1985-10-13,F,MUMBAI,350530.88,2016-02-08,173731,2996.0,30.0,21-30,1,One-Time Customer
T872095,C6235215,1994-10-11,F,GURGAON,730803.91,2016-08-09,173746,499.52,22.0,21-30,3,Occasional Customer
T178362,C6259044,1977-09-06,M,KOLKATA,62576.32,2016-04-08,205209,871.0,39.0,31-40,1,One-Time Customer
T125798,C7928422,1993-11-24,M,BARNALA,3428.85,2016-06-08,210208,300.0,23.0,21-30,1,One-Time Customer
T158706,C5538916,,M,AURANGABAD,10874.44,2016-04-08,74301,900.0,,,2,Occasional Customer
T128028,C5028568,1985-02-23,M,MUMBAI,213934.73,2016-06-08,195600,330.0,31.0,31-40,1,One-Time Customer
T733830,C6232672,1996-12-25,M,NOIDA,3701.23,2016-02-09,163311,17.0,19.0,18-20,1,One-Time Customer
T506483,C7527675,1993-10-02,F,DELHI,4504.82,2016-08-20,231916,50.0,23.0,21-30,2,Occasional Customer
T161678,C6417273,1988-01-11,M,PANJIM,1303.74,2016-04-08,170410,197.0,28.0,21-30,2,Occasional Customer
T256186,C6718553,1984-06-07,M,NOIDA,68313.97,2016-12-08,150348,255.0,33.0,31-40,1,One-Time Customer
T283228,C1611583,1987-03-13,F,BANGALORE,357724.53,2016-11-08,53459,60.0,30.0,21-30,1,One-Time Customer
T240752,C4521671,1985-10-07,M,DELHI,13522.41,2016-07-08,201315,300.0,31.0,31-40,1,One-Time Customer
T628751,C5530339,1986-07-03,M,BAHADURGARH,57.61,2016-08-29,144527,54.0,30.0,21-30,1,One-Time Customer
T334936,C3738911,1990-05-06,M,SION E,30488.33,2016-08-15,162005,2020.55,26.0,21-30,2,Occasional Customer
T157022,C3011872,1981-10-04,M,BENGALURU,92919.23,2016-03-09,162809,488.0,34.0,31-40,2,Occasional Customer
T621247,C5227358,,M,CHENNAI,7478.52,2016-08-25,165644,289.0,,,1,One-Time Customer
T155111,C5977122,1982-11-07,F,GURGAON,55248.39,2016-03-09,145605,1233.0,33.0,31-40,1,One-Time Customer
T576537,C5342443,1992-05-02,M,ERNAKULAM,3979.16,2016-08-22,202121,50.0,24.0,21-30,2,Occasional Customer
T633388,C7129131,1992-04-23,M,BHUBANESHWAR,2515.76,2016-08-29,213124,2999.0,24.0,21-30,1,One-Time Customer
T173906,C2941912,1992-12-05,M,BANGALORE,3.13,2016-04-08,200246,200.0,23.0,21-30,1,One-Time Customer
T556607,C4020013,1993-10-09,F,BANGALORE,25492.11,2016-08-24,155957,140.0,23.0,21-30,1,One-Time Customer
T890562,C5220173,,M,BHIWADI,2574.46,2016-07-09,190603,238.2,,,2,Occasional Customer
T743288,C2376073,1983-03-28,M,NASHIK,405988.15,2016-02-09,214342,350.0,33.0,31-40,1,One-Time Customer
T946224,C2027179,1986-09-26,M,GURGAON,62840.24,2016-11-09,210522,1539.0,30.0,21-30,1,One-Time Customer
T350646,C6974512,,M,ALIGARH,12802.72,2016-08-14,115653,601.0,,,1,One-Time Customer
T748717,C7711541,1992-11-26,F,HYDERABAD,101100.72,2016-01-09,224052,2145.0,23.0,21-30,1,One-Time Customer
T837994,C8112690,1988-08-25,M,SCHOOL HYDERABAD,1268754.13,2016-09-09,70908,0.0,28.0,21-30,2,Occasional Customer
T403703,C9035031,1988-07-02,M,AHMEDABAD,8567.06,2016-08-18,143716,3767.5,28.0,21-30,1,One-Time Customer
T802038,C2938984,1993-11-25,F,BANGALORE,102056.3,2016-05-09,193239,361.0,22.0,21-30,1,One-Time Customer
T382641,C1542782,1989-06-28,M,BANGALORE,14908.49,2016-08-13,180836,1774.0,27.0,21-30,1,One-Time Customer
T884713,C4712985,1978-02-04,M,BANGALORE,59664.7,2016-07-09,194650,1000.0,38.0,31-40,1,One-Time Customer
T869873,C3568284,1984-12-11,M,MUMBAI,119965.29,2016-08-09,161042,1337.0,32.0,31-40,1,One-Time Customer
T553688,C6310520,1988-10-01,M,DELHI,151.92,2016-08-24,141412,200.0,28.0,21-30,2,Occasional Customer
T425846,C1017959,1992-07-09,F,DAKSHINA KANNADA,50720.7,2016-08-17,131033,505.0,24.0,21-30,1,One-Time Customer
T179964,C1537259,1989-12-10,M,FATEHGARH,86.33,2016-09-08,85739,27.0,27.0,21-30,1,One-Time Customer
T371045,C5935368,,M,THRISSUR,1202773.56,2016-08-13,110012,50000.0,,,1,One-Time Customer
T104972,C2867458,1980-12-24,M,MUMBAI,14967.42,2016-01-08,203408,1660.0,35.0,31-40,1,One-Time Customer
T287331,C2126921,1987-09-27,M,DOMBIVALI,1708.3,2016-11-08,195351,1400.0,29.0,21-30,2,Occasional Customer
T363214,C3421976,1981-06-11,M,BANGALORE,43525.65,2016-08-13,1,233.0,35.0,31-40,1,One-Time Customer
T1036791,C1429937,1980-08-05,M,GURGAON,50156.13,2016-09-18,134928,160.0,36.0,31-40,1,One-Time Customer
T926125,C2329869,1996-05-09,M,JAIPUR,6487.87,2016-11-09,12345,339.0,21.0,21-30,1,One-Time Customer
T866302,C6371657,1988-07-15,M,MEERUT,338386.72,2016-08-09,63432,306.14,28.0,21-30,1,One-Time Customer
T220232,C3437868,1989-09-05,F,THANE,21300.15,2016-08-08,195651,312.0,27.0,21-30,1,One-Time Customer
T220269,C3623619,1992-02-06,M,BANGALORE,3035.84,2016-08-08,200621,798.0,25.0,21-30,1,One-Time Customer
T663017,C3691986,1987-07-05,M,CHENNAI,472.44,2016-08-28,215913,1355.0,29.0,21-30,1,One-Time Customer
T35033,C4178785,1980-09-15,M,DELHI,12526.98,2016-09-27,84707,500.0,36.0,31-40,1,One-Time Customer
T508183,C1630550,1992-03-06,M,MUMBAI,42965.16,2016-08-19,102101,173.27,24.0,21-30,1,One-Time Customer
T157166,C3368954,1992-06-26,M,ALLAHABAD,8577.54,2016-03-09,144659,187.0,24.0,21-30,1,One-Time Customer
T62923,C8618614,1986-08-06,M,GANDHIDHAM,91597.57,2016-02-08,10106,78.0,30.0,21-30,1,One-Time Customer
T621990,C7340436,1985-10-17,F,BANGALORE,14786.89,2016-08-25,181934,1000.0,31.0,31-40,1,One-Time Customer
T763833,C4339273,1978-09-29,F,NEAR GOLOK DHAM DELHI,19786.25,2016-01-09,141952,108.0,37.0,31-40,1,One-Time Customer
T524645,C3680053,1988-09-01,M,JAIPUR,58804.41,2016-08-24,121002,275.0,28.0,21-30,1,One-Time Customer
T238569,C5273229,1988-01-06,M,PARK PHASE 1 HINJEWADI PUNE,44721.35,2016-07-08,174508,1255.5,29.0,21-30,1,One-Time Customer
T543913,C6712574,1991-12-12,M,HYDERABAD,1017.52,2016-08-23,200519,200.0,25.0,21-30,1,One-Time Customer
T994831,C3315024,1987-03-08,F,BANGALORE,206199.12,2016-09-15,204810,216.0,30.0,21-30,1,One-Time Customer
T1043379,C5132784,1995-04-30,M,THOOTHUKUDI,6530.27,2016-09-18,130713,96.0,21.0,21-30,2,Occasional Customer
T962250,C6826065,1987-02-01,M,MUMBAI,54283.71,2016-10-09,174709,950.74,30.0,21-30,1,One-Time Customer
T115182,C7429064,1980-03-01,M,KARIMNAGAR,1623.65,2016-06-08,130400,493.0,36.0,31-40,2,Occasional Customer
T134977,C7230868,1997-06-24,M,DELHI,5160.41,2016-05-08,123314,20.0,19.0,18-20,2,Occasional Customer
T714978,C4612332,,M,GURGAON,122.97,2016-03-09,184431,209.0,,,1,One-Time Customer
T68259,C2241213,1985-10-23,M,GULBARGA,13160.62,2016-02-08,133525,150.0,30.0,21-30,1,One-Time Customer
T189393,C8022971,1980-07-01,F,BANGALORE,33022.88,2016-09-08,191020,559.43,36.0,31-40,2,Occasional Customer
T456694,C3727692,1992-03-25,M,BANGALORE,17305.37,2016-08-21,44632,445.0,24.0,21-30,1,One-Time Customer
T749692,C1635785,1990-10-12,F,MUMBAI,26746.44,2016-02-09,221945,680.0,25.0,21-30,1,One-Time Customer
T1041542,C5123641,1993-09-28,M,NEW DELHI,708153.24,2016-09-18,115519,490.0,23.0,21-30,1,One-Time Customer
T262176,C5810020,1992-10-12,M,LUCKNOW,1794.68,2016-12-08,163918,300.0,24.0,21-30,3,Occasional Customer
T196466,C5890151,1984-11-28,M,MOHALI,19512.91,2016-09-08,192835,550.0,32.0,31-40,1,One-Time Customer
T200669,C7025682,1985-05-28,F,DELHI,144.01,2016-09-08,220448,2842.0,31.0,31-40,1,One-Time Customer
T94839,C7641062,1994-12-04,M,NEW DELHI,,2016-01-08,140955,3789.46,21.0,21-30,1,One-Time Customer
T166728,C9022455,1985-07-13,F,MUMBAI,17225.51,2016-04-08,90500,450.0,31.0,31-40,3,Occasional Customer
T544695,C8221368,1978-01-01,M,STOP KOLKATA,14788.35,2016-08-23,220448,150.0,39.0,31-40,1,One-Time Customer
T210629,C1127165,1988-12-23,F,NOIDA,53788.83,2016-03-09,143531,50.0,27.0,21-30,1,One-Time Customer
T838479,C2313158,1993-01-31,M,VELLORE,184.48,2016-09-09,175816,55.0,24.0,21-30,1,One-Time Customer
T19937,C8313852,1991-07-25,F,HYDERABAD,9081.13,2016-09-27,140713,1828.07,25.0,21-30,3,Occasional Customer
T953810,C6111048,1989-01-09,F,LUCKNOW,56412.91,2016-10-09,191456,675.0,28.0,21-30,2,Occasional Customer
T97443,C2141463,1981-11-27,F,BHOPAL,609.98,2016-01-08,170510,1559.86,34.0,31-40,1,One-Time Customer
T867283,C1032969,1988-07-07,F,MUMBAI,4348.02,2016-08-09,162125,1333.0,28.0,21-30,1,One-Time Customer
T85126,C5626955,1984-01-07,M,NASHIK,6973.03,2016-01-08,81444,198.0,32.0,31-40,1,One-Time Customer
T719376,C6033835,1988-02-22,M,BANGALORE,144992.02,2016-03-09,211852,1402.13,28.0,21-30,3,Occasional Customer
T337464,C5217825,1993-01-05,M,GHAZIPUR,179.47,2016-08-14,102308,10.0,24.0,21-30,1,One-Time Customer
T384652,C6029271,1983-08-08,M,LUDHIANA,27896.49,2016-08-13,190051,7000.0,33.0,31-40,1,One-Time Customer
T690123,C1317385,1986-10-08,M,JAMSHEDPUR,0.89,2016-08-30,190025,169.0,30.0,21-30,1,One-Time Customer
T427899,C3540719,,M,DELHI,398326.19,2016-08-17,184609,369.0,,,1,One-Time Customer
T669406,C8111554,,M,CHENNAI,1266244.71,2016-08-28,152444,825.0,,,1,One-Time Customer
T174104,C1535261,1995-10-17,F,KODAGU,17265.6,2016-04-08,194642,462.0,20.0,18-20,2,Occasional Customer
T180389,C2327568,,M,DEHRADUN,1049252.23,2016-09-08,72455,150.0,,,1,One-Time Customer
T806730,C7733387,1989-07-11,F,NAGPUR,40179.26,2016-05-09,205528,820.0,27.0,21-30,1,One-Time Customer
T732246,C5415691,1993-07-13,M,AMRELI,6276.86,2016-02-09,112304,1950.0,23.0,21-30,2,Occasional Customer
T334003,C1617979,,M,GURGAON,41411.41,2016-08-15,172220,1814.0,,,2,Occasional Customer
T100130,C8746318,1985-03-15,M,JAIPUR,17940.56,2016-01-08,183112,4587.0,31.0,31-40,1,One-Time Customer
T318351,C5629620,1988-05-06,M,TO J P PARK BANGALORE,12784.14,2016-08-15,51439,200.0,28.0,21-30,2,Occasional Customer
T1003522,C5615845,1980-08-23,M,HYDERABAD,3813.57,2016-09-14,170154,784.0,36.0,31-40,1,One-Time Customer
T829382,C3687780,1987-07-16,M,HOOGHLY,10848.57,2016-04-09,114733,350.0,29.0,21-30,1,One-Time Customer
T1020228,C3725342,,M,NEW DELHI,1629378.7,2016-09-13,162047,4502.0,,,2,Occasional Customer
T866344,C2633862,1991-07-05,F,GUNTUR,4125.94,2016-08-09,165259,10.0,25.0,21-30,2,Occasional Customer
T867277,C5424557,1986-11-10,F,FARIDABAD,109525.97,2016-08-09,163922,3003.0,30.0,21-30,1,One-Time Customer
T654756,C3411045,,M,MYSORE,59901.09,2016-08-31,145445,14496.0,,,1,One-Time Customer
T679894,C2340617,1988-01-01,M,HYDERABAD,11866.18,2016-08-31,233953,60.0,29.0,21-30,3,Occasional Customer
T519601,C8974146,1989-03-21,M,THANE W,3234.34,2016-08-19,215813,20.0,27.0,21-30,1,One-Time Customer
T279214,C7338041,1990-12-15,M,VISAKHAPATNAM,3084.6,2016-11-08,112105,200.0,26.0,21-30,1,One-Time Customer
T340401,C2374811,1982-11-21,M,RAJAHMUNDRY,41.19,2016-08-15,203121,14288.01,34.0,31-40,1,One-Time Customer
T657227,C8430761,1978-08-08,F,VVNAGAR,388.24,2016-08-31,124544,150.0,38.0,31-40,1,One-Time Customer
T801577,C3654923,1990-12-05,F,MUMBAI,460.04,2016-05-09,200150,1178.0,25.0,21-30,1,One-Time Customer
T1033621,C5126947,1991-06-07,M,KAITHAL,0.0,2016-09-18,184850,250.0,25.0,21-30,1,One-Time Customer
T495721,C6720270,1985-04-14,M,KOLKATA,2185.74,2016-08-20,233311,3565.0,31.0,31-40,3,Occasional Customer
T130134,C3729828,1997-10-02,M,CHANDIGARH,11117.93,2016-05-08,22302,1713.0,19.0,18-20,1,One-Time Customer
T360928,C7839628,1994-01-24,M,BHUJ,1203.93,2016-08-13,1617,199.0,23.0,21-30,1,One-Time Customer
T267403,C7734952,1983-01-11,M,MUMBAI,186109.63,2016-03-09,110515,2804.0,33.0,31-40,1,One-Time Customer
T504674,C8723746,,M,DELHI,1007.47,2016-08-20,221945,607.0,,,1,One-Time Customer
T127110,C2288758,,M,KOLKATA,14870.07,2016-06-08,234017,1233.37,,,1,One-Time Customer
T713191,C9034320,1986-03-13,M,KOLHAPUR,12910.0,2016-03-09,173751,80.0,30.0,21-30,1,One-Time Customer
T277139,C2231354,1988-09-13,M,CHANDIGARH,6403.47,2016-11-08,13052,320.0,28.0,21-30,3,Occasional Customer
T317121,C4921590,1995-12-24,F,MUMBAI,112521.34,2016-10-08,185049,750.0,21.0,21-30,1,One-Time Customer
T1038377,C3923625,1991-12-17,F,MUMBAI,1981.59,2016-09-18,180459,404.0,25.0,21-30,1,One-Time Customer
T837147,C2022358,1990-01-13,F,NEW DELHI,7008.85,2016-09-09,164407,1317.5,27.0,21-30,1,One-Time Customer
T199780,C4547250,1992-05-07,M,LUCKNOW,2521.41,2016-09-08,220026,903.0,24.0,21-30,1,One-Time Customer
T609677,C5633526,1980-02-20,M,PARGANAS,27980.68,2016-08-26,121520,3175.0,37.0,31-40,1,One-Time Customer
T422339,C1655478,1992-07-03,F,PATHANKOT,9.68,2016-08-17,100320,245.0,24.0,21-30,1,One-Time Customer
T57385,C8942558,1983-01-01,M,NAVIMUMBAI NERUL NODE-3 THANE,62.62,2016-03-08,230736,1390.0,33.0,31-40,1,One-Time Customer
T412973,C5417436,1994-10-13,M,BANGALORE,56662.48,2016-08-18,182255,225.0,22.0,21-30,1,One-Time Customer
T279031,C5537818,1988-10-20,M,BANGALORE,98529.97,2016-11-08,92112,68.0,28.0,21-30,2,Occasional Customer
T457702,C3679852,,M,CHENNAI,1295.92,2016-08-21,104928,159.0,,,1,One-Time Customer
T156166,C6115744,1994-08-14,F,WARANGAL,12429.18,2016-03-09,161934,250.0,22.0,21-30,1,One-Time Customer
T649655,C7041630,1990-05-21,M,ARUMBAKKAM,6416.25,2016-08-31,133449,52.0,26.0,21-30,1,One-Time Customer
T494554,C7230277,1995-03-09,F,NEW DELHI,13.3,2016-08-20,154122,150.0,21.0,21-30,2,Occasional Customer
T878143,C2431590,1986-01-28,M,MONTEPADAV KEIRANGALA MANGALORE,,2016-07-09,221242,245.0,30.0,21-30,1,One-Time Customer
T933989,C4413556,,M,CHENNAI,139710.09,2016-11-09,134340,13769.0,,,2,Occasional Customer
T791171,C8422076,1991-01-26,M,BANGALORE,20824.07,2016-06-09,64739,54322.0,25.0,21-30,1,One-Time Customer
T699845,C4922838,,F,MUMBAI,75841.89,2016-08-30,152554,16990.0,,,1,One-Time Customer
T368421,C8212426,1984-02-23,M,RAJAHMUNDRY,6403.16,2016-08-14,193815,495.0,32.0,31-40,2,Occasional Customer
T145599,C1011728,,M,DELHI,29100.95,2016-05-08,201020,958.0,,,1,One-Time Customer
T739864,C6631038,,M,SURAT,28625.78,2016-02-09,205724,123.0,,,1,One-Time Customer
T988415,C4920944,1988-07-04,M,BENGALURU,3040.43,2016-09-15,204523,368.0,28.0,21-30,1,One-Time Customer
T709796,C6234438,1983-04-23,M,PUNE,21884.21,2016-03-09,165538,230.0,33.0,31-40,1,One-Time Customer
T741650,C2342148,1993-10-03,F,MUMBAI,275316.16,2016-02-09,195643,552.0,22.0,21-30,1,One-Time Customer
T271829,C7539830,1993-09-19,M,NEW DELHI,830.91,2016-11-08,5157,99.0,23.0,21-30,2,Occasional Customer
T104257,C3021132,1984-02-16,M,KOLKATA,526.47,2016-01-08,215218,3774.0,32.0,31-40,1,One-Time Customer
T637462,C8840167,1982-10-16,M,ROAD ANDHERI (E) MUMBAI,11768.47,2016-08-29,184433,62.0,34.0,31-40,1,One-Time Customer
T1039394,C6119165,1988-07-12,M,FARIDABAD,18600.87,2016-09-18,165148,243.0,28.0,21-30,1,One-Time Customer
T704436,C1714712,1979-05-06,M,ALLAHABAD,1740474.25,2016-08-30,162841,602.0,37.0,31-40,2,Occasional Customer
T490971,C8764021,1988-03-09,M,MUMBAI,17820.7,2016-08-20,143633,3121.3,28.0,21-30,1,One-Time Customer
T254709,C5419058,1992-11-08,M,DEOGHAR,12889.31,2016-07-08,214928,385.0,24.0,21-30,1,One-Time Customer
T717958,C6240380,1976-09-29,F,NEW DELHI,805065.05,2016-03-09,190827,1299.0,39.0,31-40,3,Occasional Customer
T843438,C3261642,,M,MUMBAI,2941.72,2016-09-09,125220,330.0,,,1,One-Time Customer
T475088,C7212540,,F,DELHI,165030.31,2016-08-20,2432,100.0,,,1,One-Time Customer
T963053,C3172473,1992-03-17,F,BANGALORE,4341.39,2016-10-09,170841,883.0,25.0,21-30,1,One-Time Customer
T482816,C7134158,1990-07-09,F,AMRITSAR,42243.68,2016-08-21,211056,2094.0,26.0,21-30,2,Occasional Customer
T223273,C6880432,1990-11-25,F,KANCHEEPURAM,20332.74,2016-08-08,220343,1251.0,26.0,21-30,1,One-Time Customer
T771114,C8421980,1993-08-28,M,MADURAI,869.6,2016-01-09,70959,200.0,22.0,21-30,1,One-Time Customer
T831208,C7527767,1993-02-08,M,SURAT,10039.67,2016-04-09,131425,10.0,23.0,21-30,1,One-Time Customer
T986895,C5655428,,F,LUDHIANA,24816.47,2016-09-15,74101,4000.0,,,1,One-Time Customer
T78265,C8722842,1987-03-08,M,NEW DELHI,15066.2,2016-02-08,201004,1150.0,29.0,21-30,1,One-Time Customer
T794601,C8614386,,M,SO MUNDWA PUNE,128698.43,2016-05-09,132923,6275.0,,,2,Occasional Customer
T870289,C4222554,1981-11-29,M,SANGUR,31334.32,2016-08-09,181809,200.0,35.0,31-40,3,Occasional Customer
T169598,C2315659,1995-06-30,M,KRISHNARAJPET,6358.52,2016-04-08,170019,175.0,21.0,21-30,2,Occasional Customer
T282333,C3950819,1988-09-05,M,BANGALORE,18193.71,2016-11-08,151305,205.0,28.0,21-30,1,One-Time Customer
T640277,C5311470,1989-06-22,M,MUMBAI,53509.6,2016-08-29,160801,599.0,27.0,21-30,1,One-Time Customer
T21459,C2735312,1992-07-01,F,LUDHIANA,6560.52,2016-09-23,204423,32.0,24.0,21-30,1,One-Time Customer
T944382,C6514045,1990-11-27,F,GURDASPUR,670.94,2016-11-09,214235,199.0,26.0,21-30,2,Occasional Customer
T581746,C4337435,1989-10-04,F,THANE,32951.34,2016-08-27,115631,526.0,27.0,21-30,3,Occasional Customer
T20474,C9040859,1983-08-28,M,BANGALORE,23997.71,2016-09-23,204220,17413.0,33.0,31-40,1,One-Time Customer
T603860,C4022888,1990-02-01,M,SILIGURI,16292.85,2016-08-26,143844,10.0,27.0,21-30,1,One-Time Customer
T475112,C7833428,,M,BADDI,11275.28,2016-08-20,11345,600.0,,,1,One-Time Customer
T528309,C4146049,1981-03-01,F,MUMBAI,54571.16,2016-08-24,224459,1983.95,35.0,31-40,1,One-Time Customer
T492888,C5994572,1977-05-05,F,MUMBAI,92844.7,2016-08-20,193755,1290.1,39.0,31-40,1,One-Time Customer
T513130,C3523532,1976-01-09,M,JAIPUR,9507.89,2016-08-19,140658,500.0,41.0,41-50,1,One-Time Customer
T111330,C8925070,1990-10-18,M,KANPUR,34597.36,2016-06-08,105957,5521.0,26.0,21-30,2,Occasional Customer
T799368,C8433082,1977-08-03,M,SRINAGAR,40801.42,2016-05-09,175241,1791.0,39.0,31-40,2,Occasional Customer
T938622,C2063914,1989-01-07,F,KURNOOL,33477.47,2016-11-09,192806,2325.0,28.0,21-30,1,One-Time Customer
T162804,C4185538,,M,GURGAON,1536244.95,2016-04-08,125047,4500.0,,,2,Occasional Customer
T490301,C3716526,1983-03-30,F,NEW BOMBAY,89744.49,2016-08-20,192526,3083.5,33.0,31-40,1,One-Time Customer
T55904,C8713583,1993-10-15,M,GURGAON,0.0,2016-03-08,183157,1830.0,22.0,21-30,1,One-Time Customer
T664622,C7934981,1989-11-22,M,GURGAON,52889.26,2016-08-31,74136,47.0,27.0,21-30,2,Occasional Customer
T358714,C6829163,1980-09-18,M,ERNAKULAM,131413.95,2016-08-14,180617,3232.0,36.0,31-40,1,One-Time Customer
T868403,C1636946,1985-03-28,M,KOLKATA,35875.26,2016-08-09,150012,440.0,31.0,31-40,1,One-Time Customer
T428697,C4824951,1992-08-02,M,MUMBAI,107.65,2016-08-17,154559,255.37,24.0,21-30,1,One-Time Customer
T857876,C4223692,1987-02-15,F,MUMBAI,23.14,2016-09-09,214145,40.0,30.0,21-30,1,One-Time Customer
T347902,C4026239,1995-08-14,M,SURAT,4095.32,2016-08-14,145652,50.0,21.0,21-30,1,One-Time Customer
T761859,C2526677,1976-02-01,M,AURANGABAD,10504.84,2016-01-09,130855,604.0,40.0,31-40,1,One-Time Customer
T242909,C1736687,,M,CHENNAI,218674.45,2016-07-08,185613,1070.0,,,2,Occasional Customer
T336767,C7619942,1983-04-10,M,NORTH 24 PARGANAS,71336.38,2016-08-15,172217,100.0,33.0,31-40,1,One-Time Customer
T1035996,C3917371,1993-07-27,F,MUMBAI,33283.19,2016-09-18,172626,189.0,23.0,21-30,1,One-Time Customer
T660418,C3835871,1986-04-20,M,KOLKATA,31.59,2016-08-31,10300,69.0,30.0,21-30,1,One-Time Customer
T934528,C4835818,1993-08-05,M,JALAUN,6155.24,2016-11-09,132803,315.0,23.0,21-30,1,One-Time Customer
T403483,C6926046,1985-12-08,M,UDAIPUR,1611.13,2016-08-18,143803,750.0,31.0,31-40,3,Occasional Customer
T495269,C4616749,1981-07-22,F,DELHI,68248.9,2016-08-20,172024,1350.0,35.0,31-40,1,One-Time Customer
T253588,C2613259,1980-09-10,M,NEW DELHI,435557.31,2016-12-08,94915,35.0,36.0,31-40,2,Occasional Customer
T887645,C1035524,1987-12-04,M,SHAMSHABAD,16684.57,2016-07-09,191013,500.0,29.0,21-30,1,One-Time Customer
T505972,C5261318,1991-12-14,M,PANCHKULA,19812.53,2016-08-20,214136,348.0,25.0,21-30,1,One-Time Customer
T389065,C8913464,1991-12-23,F,UDAIPUR,61847.95,2016-08-13,193437,550.0,25.0,21-30,1,One-Time Customer
T869257,C5232745,1980-06-13,F,NAGPUR,104546.19,2016-08-09,191342,145.0,36.0,31-40,2,Occasional Customer
T95138,C8817055,1993-09-05,M,BHAVNAGAR,18273.9,2016-01-08,160246,770.0,22.0,21-30,1,One-Time Customer
T413341,C5516738,,M,VIMANNAGAR NAGAR ROAD PUNE,31990.69,2016-08-17,64651,200.0,,,2,Occasional Customer
T319601,C7542447,1994-08-27,M,FARIDABAD,2491.41,2016-08-15,122812,10.0,22.0,21-30,2,Occasional Customer
T729899,C6310833,1977-07-21,F,BOKARO,65989.73,2016-02-09,142145,1.0,39.0,31-40,2,Occasional Customer
T75324,C5825367,1990-12-27,M,MUMBAI,4191.06,2016-02-08,91257,300.0,25.0,21-30,1,One-Time Customer
T872143,C2213570,1993-07-27,F,RANCHI,25534.28,2016-08-09,184938,235.0,23.0,21-30,1,One-Time Customer
T989808,C1792834,1984-11-09,M,CHENNAI,14206.75,2016-09-15,190313,200.0,32.0,31-40,1,One-Time Customer
T652187,C4111939,,M,BANGALORE,239465.58,2016-08-31,133137,2700.0,,,2,Occasional Customer
T624154,C1321078,1992-11-12,F,NASHIK,11387.97,2016-08-25,190628,110.0,24.0,21-30,2,Occasional Customer
T589148,C8534746,1985-01-05,M,HYDERABAD,37812.49,2016-08-22,205254,55.0,32.0,31-40,1,One-Time Customer
T601719,C3228313,1984-11-28,M,PUNE,215284.32,2016-08-26,171441,933.91,32.0,31-40,1,One-Time Customer
T581427,C6020129,1981-10-17,M,MUMBAI,24897.36,2016-08-27,143101,904.0,35.0,31-40,1,One-Time Customer
T151846,C2063739,,M,KURALI,114099.59,2016-04-08,91831,1512.75,,,1,One-Time Customer
T1038584,C1616914,1992-07-02,M,PARVATIPURAM,19345.91,2016-09-18,164623,100.0,24.0,21-30,1,One-Time Customer
T484677,C5734836,1981-08-29,M,JALANDHAR,4688.96,2016-08-20,152154,100.0,35.0,31-40,2,Occasional Customer
T608252,C6221561,1993-03-11,F,MUMBAI,6530.16,2016-08-26,131932,245.0,23.0,21-30,1,One-Time Customer
T504698,C3540024,1992-06-26,M,DAKSHINA KANNADA,7054.64,2016-08-20,215157,135.0,24.0,21-30,1,One-Time Customer
T227450,C1212326,1987-10-28,M,MOHALI,21189.79,2016-07-08,1224,50.0,29.0,21-30,1,One-Time Customer
T436892,C8515689,1979-06-16,M,SHIMLA,11991.44,2016-08-16,122753,500.0,37.0,31-40,2,Occasional Customer
T235064,C1844216,1976-02-29,M,BANGALORE,219069.16,2016-07-08,135130,908.0,40.0,31-40,1,One-Time Customer
T853762,C7335167,1994-12-28,M,GURGAON,6983.86,2016-09-09,221555,320.0,22.0,21-30,1,One-Time Customer
T836059,C6923153,1996-07-15,M,FAIZABAD,734.18,2016-09-09,185757,100.0,20.0,18-20,1,One-Time Customer
T285127,C8218350,1991-10-04,F,REWARI (HARYANA),34809.39,2016-11-08,134635,1643.0,25.0,21-30,1,One-Time Customer
T440375,C7325925,1980-01-02,M,NEW DELHI,1085690.26,2016-08-16,140238,2000.0,37.0,31-40,1,One-Time Customer
T808207,C6413940,1986-01-15,M,LUCKNOW,33511.1,2016-04-09,234303,310.0,30.0,21-30,1,One-Time Customer
T251121,C4711590,1991-03-14,F,GURGAON,17214.13,2016-07-08,203505,2209.81,25.0,21-30,1,One-Time Customer
T564381,C4729042,1990-09-29,M,NEW DELHI,107022.36,2016-08-27,145054,6219.0,26.0,21-30,1,One-Time Customer
T902282,C7149777,1990-04-18,M,NALGONDA,11348.15,2016-07-09,44825,400.0,26.0,21-30,1,One-Time Customer
T156801,C6325326,1992-03-23,M,JODHPUR,14882.92,2016-03-09,160858,1999.0,24.0,21-30,1,One-Time Customer
T875004,C6311264,1983-11-30,M,BANGALORE,103205.33,2016-08-09,185701,145.0,33.0,31-40,2,Occasional Customer
T893336,C4137750,1991-04-01,M,NAVI MUMBAI,79.61,2016-07-09,142256,1800.0,25.0,21-30,1,One-Time Customer
T136535,C8510278,1980-01-03,M,TEHRI GARHWAL,149425.48,2016-06-08,221923,250.0,36.0,31-40,1,One-Time Customer
T917902,C5417175,,M,CHENNAI,1974.76,2016-12-09,210214,4000.0,,,2,Occasional Customer
T325161,C8114745,,F,AHMEDABAD,230.35,2016-08-15,102216,38.0,,,1,One-Time Customer
T142305,C3010032,1986-05-04,M,NEW DELHI,5615.53,2016-05-08,173143,659.0,30.0,21-30,1,One-Time Customer
T646289,C5636188,1985-12-16,M,FARIDABAD,51538.64,2016-08-25,195837,600.0,31.0,31-40,1,One-Time Customer
T57854,C6625428,,M,MUMBAI,5033.94,2016-03-08,212816,144.0,,,1,One-Time Customer
T216336,C8310360,1996-02-22,M,GURGAON,8533.96,2016-08-08,164521,395.0,20.0,18-20,1,One-Time Customer
T483389,C8396440,1976-04-29,M,MUMBAI,862.8,2016-08-21,225154,2330.0,40.0,31-40,1,One-Time Customer
T157705,C1626433,1984-03-07,F,FARIDABAD,460771.69,2016-03-09,161839,3500.0,32.0,31-40,2,Occasional Customer
T437795,C5233227,1990-06-08,M,LAXMINAGAR,15.76,2016-08-16,114817,30.0,26.0,21-30,1,One-Time Customer
T542205,C1419048,1987-09-23,F,KOLKATA,12239.6,2016-08-23,234348,21.0,29.0,21-30,1,One-Time Customer
T682675,C6236648,1981-11-12,M,JAIPUR,23872.19,2016-08-28,125849,960.0,35.0,31-40,2,Occasional Customer
T385633,C6630580,1992-07-09,M,NAINITAL,1109481.24,2016-08-13,163849,2186.0,24.0,21-30,1,One-Time Customer
T390876,C1130922,1983-05-06,M,THANE,37439.76,2016-08-13,193024,2938.4,33.0,31-40,1,One-Time Customer
T494180,C1442467,1985-11-12,M,MEDAK DIST,8825.93,2016-08-20,190308,300.0,31.0,31-40,1,One-Time Customer
T820234,C2336420,1992-05-26,F,DELHI,39226.37,2016-04-09,192749,2287.0,24.0,21-30,2,Occasional Customer
T55396,C2115063,1991-12-20,F,JAIPUR,2934.96,2016-03-08,194429,2007.0,24.0,21-30,1,One-Time Customer
T425949,C4024287,1986-11-03,F,BANGALORE,957.21,2016-08-17,163144,189.45,30.0,21-30,1,One-Time Customer
T661342,C1718816,,F,GURGAON,146.6,2016-08-28,202528,435.32,,,1,One-Time Customer
T324301,C3720632,1986-05-08,F,MUMBAI,61634.07,2016-08-15,102328,286.46,30.0,21-30,1,One-Time Customer
T786952,C3996617,1981-07-05,M,TEHRI GARHWAL,148505.58,2016-06-09,100806,250.0,35.0,31-40,1,One-Time Customer
T465035,C7913087,1991-11-30,M,NEW DELHI,13638.88,2016-08-21,185825,321.0,25.0,21-30,1,One-Time Customer
T486201,C1918284,1988-03-24,M,NAVI MUMBAI,1832.52,2016-08-20,12201,200.0,28.0,21-30,2,Occasional Customer
T785939,C4421590,1991-04-09,M,JODHPUR,6384.49,2016-06-09,113340,1852.0,25.0,21-30,2,Occasional Customer
T953215,C6718748,1990-06-14,F,NEW DELHI,18207.95,2016-10-09,184229,290.0,26.0,21-30,1,One-Time Customer
T103946,C1611250,1990-12-14,M,NEW DELHI,70.93,2016-01-08,193001,200.0,25.0,21-30,1,One-Time Customer
T478506,C6436927,,M,RAIPUR,188.69,2016-08-21,204423,1799.0,,,2,Occasional Customer
T823409,C5427966,1994-06-10,M,MUMBAI,382.27,2016-04-09,134840,222.65,22.0,21-30,2,Occasional Customer
T46159,C7039072,,M,SIVASAGAR,5.15,2016-03-08,130732,360.0,,,2,Occasional Customer
T972902,C8341862,,M,NEW DELHI,40509.22,2016-10-09,115719,500.0,,,1,One-Time Customer
T921296,C4226055,1985-03-16,M,NAVI MUMBAI,3773.46,2016-11-09,24956,240.0,32.0,31-40,2,Occasional Customer
T293152,C6614381,,M,ZIRAKPUR,27179.37,2016-11-08,201616,5060.0,,,2,Occasional Customer
T579405,C8513019,1988-02-17,M,CHANDIGARH,275966.6,2016-08-27,152303,635.0,29.0,21-30,1,One-Time Customer
T906596,C4380161,1993-07-15,M,MUMBAI,24050.11,2016-12-09,144246,200.0,23.0,21-30,1,One-Time Customer
T639272,C6222252,1981-03-03,M,REWARI,14.38,2016-08-25,190608,200.0,35.0,31-40,3,Occasional Customer
T892410,C6210176,1983-01-10,M,VIJAYAWADA,23.74,2016-07-09,151708,2495.0,33.0,31-40,1,One-Time Customer
T303265,C4526171,1991-07-22,F,NOIDA,226.15,2016-10-08,133504,184.0,25.0,21-30,1,One-Time Customer
T768266,C1117079,1995-10-04,F,SIVASAGAR,651.39,2016-01-09,22146,70.0,20.0,18-20,1,One-Time Customer
T712150,C5236275,1983-05-26,M,KASARGOD,0.0,2016-03-09,171535,359.0,33.0,31-40,2,Occasional Customer
T742197,C4711942,1977-04-26,M,NEW DELHI,51193.56,2016-02-09,205456,886.0,39.0,31-40,1,One-Time Customer
T304485,C2032529,,M,GURGAON,740143.48,2016-10-08,130334,1576.0,,,3,Occasional Customer
T96579,C2911291,1984-03-14,F,LUCKNOW,982.34,2016-01-08,195230,953.0,32.0,31-40,1,One-Time Customer
T14361,C8330418,1993-03-26,M,GURGAON,11620.36,2016-09-26,171756,30.0,24.0,21-30,2,Occasional Customer
T65189,C3840055,1980-08-01,M,JAMSHEDPUR,964.23,2016-02-08,113544,80.0,36.0,31-40,1,One-Time Customer
T341649,C1026277,1990-07-19,M,SAS NAGAR,5765.34,2016-08-15,195435,150.0,26.0,21-30,2,Occasional Customer
T923109,C6715075,1983-01-18,M,NAVI MUMBAI,20686.14,2016-12-09,224338,350.0,34.0,31-40,2,Occasional Customer
T523170,C8233046,1992-10-05,M,GURGAON,27579.08,2016-08-24,111625,240.0,24.0,21-30,1,One-Time Customer
T698763,C6710447,1989-06-23,F,BANGALORE,79529.17,2016-08-31,195641,399.0,27.0,21-30,1,One-Time Customer
T259843,C5614570,1988-07-26,M,PANCHKULA,52988.3,2016-12-08,153943,375.0,28.0,21-30,3,Occasional Customer
T732538,C4812062,,M,BANGALORE,308775.78,2016-02-09,133818,517.0,,,2,Occasional Customer
T89516,C3892430,1989-05-28,F,GURGAON,99476.63,2016-01-08,180346,14500.0,27.0,21-30,1,One-Time Customer
T385874,C8116939,1997-12-11,F,SHIMLA,20994.37,2016-08-13,170710,499.0,19.0,18-20,2,Occasional Customer
T846773,C7223035,1994-12-09,M,FARIDABAD,3.72,2016-09-09,101922,50.0,22.0,21-30,1,One-Time Customer
T678438,C5742619,1981-08-20,M,KOLKATA,1936140.63,2016-08-28,131902,9596.0,35.0,31-40,2,Occasional Customer
T8185,C2667833,1990-01-22,M,AURANGABAD,10576.34,2016-09-25,204104,100.0,27.0,21-30,1,One-Time Customer
T1012888,C4512885,,F,GAUTAM BUDDH NAGAR,225673.6,2016-09-14,212902,865.0,,,1,One-Time Customer
T420865,C2824753,1989-08-08,M,NEW DELHI,102871.76,2016-08-17,81151,1149.0,27.0,21-30,1,One-Time Customer
T60210,C7429448,1980-12-09,M,GHAZIABAD,28836.41,2016-03-08,204722,1509.0,35.0,31-40,2,Occasional Customer
T355964,C3535238,,M,SHILLONG,137645.76,2016-08-14,143551,2104.0,,,2,Occasional Customer
T83705,C3517212,1991-03-08,F,REWARI,12856.87,2016-02-08,205835,1008.63,25.0,21-30,2,Occasional Customer
T739854,C8889984,1993-11-09,F,MUMBAI,217430.2,2016-02-09,182045,650.0,22.0,21-30,1,One-Time Customer
T502197,C5528727,1990-09-20,M,NOIDA,315728.31,2016-08-20,222621,152.0,26.0,21-30,1,One-Time Customer
T673752,C7532755,1983-01-01,M,GURGAON,46214.37,2016-08-28,180035,685.0,34.0,31-40,1,One-Time Customer
T692656,C1430911,1992-07-04,M,KOLKATA,25000.01,2016-08-31,195053,836.0,24.0,21-30,1,One-Time Customer
T721092,C5010224,1985-12-27,M,MUMBAI,71107.96,2016-03-09,213007,5350.0,30.0,21-30,1,One-Time Customer
T540902,C8532813,1988-10-17,M,NEW DELHI,36848.11,2016-08-23,105552,1900.0,28.0,21-30,1,One-Time Customer
T385489,C8137847,1986-02-24,M,SAS NAGAR,442032.43,2016-08-13,193147,1493.65,30.0,21-30,1,One-Time Customer
T774187,C4424376,1989-03-18,F,BANGALORE,54678.27,2016-06-09,190320,435.0,27.0,21-30,2,Occasional Customer
T250192,C8830035,1994-12-11,F,MUMBAI,9821.4,2016-07-08,151213,525.0,22.0,21-30,2,Occasional Customer
T583694,C8556826,,M,HYDERABAD,43760.82,2016-08-27,115237,469.65,,,1,One-Time Customer
T413415,C1818481,1984-04-29,F,SILIGURI,1686.67,2016-08-18,193505,100.0,32.0,31-40,1,One-Time Customer
T848038,C2856323,1990-02-16,M,BANGALORE,21657.54,2016-09-09,72945,776.0,27.0,21-30,1,One-Time Customer
T652786,C6912734,1995-01-03,M,GUWAHATI,33058.88,2016-08-31,113138,600.0,22.0,21-30,1,One-Time Customer
T474318,C6287064,1990-10-22,F,PATIALA,14263.92,2016-08-21,233018,495.0,26.0,21-30,1,One-Time Customer
T63225,C3968315,1987-08-16,M,YEHAKANKA BANGALORE,259.97,2016-02-08,70901,655.0,28.0,21-30,1,One-Time Customer
T803877,C3636189,1994-05-20,M,SANGLI,4769.45,2016-05-09,183404,12.0,22.0,21-30,1,One-Time Customer
T18721,C8634478,1994-02-03,F,LUCKNOW,5528.36,2016-09-26,190425,40.0,23.0,21-30,1,One-Time Customer
T860086,C2524941,1980-02-19,M,JAIPUR,34533.87,2016-09-09,230725,892.0,37.0,31-40,1,One-Time Customer
T693184,C2529353,1992-03-05,M,LUCKNOW,49829.12,2016-08-30,200244,1444.0,24.0,21-30,1,One-Time Customer
T42013,C3811566,1980-06-19,M,MARKET YARD PUNE,25893.41,2016-03-08,112338,2146.0,36.0,31-40,1,One-Time Customer
T634675,C7641150,1989-01-08,M,HASSAN,7.02,2016-08-29,174941,500.0,28.0,21-30,1,One-Time Customer
T854436,C3617641,1979-10-27,M,DASUYA,8949.25,2016-09-09,224330,400.0,37.0,31-40,1,One-Time Customer
T313134,C7310482,1983-03-08,M,VISAKHAPATNAM,447.74,2016-10-08,205253,496.0,34.0,31-40,1,One-Time Customer
T633987,C8020530,1982-01-20,M,GHAZIABAD,37895.39,2016-08-29,205334,136.0,35.0,31-40,2,Occasional Customer
T603869,C7942270,1985-12-12,F,MUMBAI,12166.67,2016-08-26,171329,941.0,31.0,31-40,2,Occasional Customer
T527771,C2827363,,F,GUWAHATI,25837.04,2016-08-24,124140,1200.0,,,3,Occasional Customer
T779457,C6921956,1996-10-28,F,BHIWANI,7173.11,2016-06-09,195216,787.0,20.0,18-20,2,Occasional Customer
T632628,C5297286,1976-10-16,M,BANGALORE,636230.2,2016-08-29,123659,140.0,40.0,31-40,1,One-Time Customer
T578880,C3933661,1982-02-06,M,HYDERABAD,15078.17,2016-08-27,122050,199.0,35.0,31-40,1,One-Time Customer
T257361,C7523890,,F,NOIDA,769951.62,2016-12-08,124412,3290.21,,,1,One-Time Customer
T273102,C4333713,1981-05-08,M,MUZAFFARPUR,58066.21,2016-12-08,213841,125.0,36.0,31-40,1,One-Time Customer
T480882,C2710978,1981-12-08,F,MUMBAI,83197.57,2016-08-21,202419,2420.0,35.0,31-40,1,One-Time Customer
T863679,C1728613,1983-07-15,M,SRIKAKULAM,5546.16,2016-08-09,110546,100.0,33.0,31-40,1,One-Time Customer
T34255,C2642023,,M,KOLKATA,18280.25,2016-09-26,131548,1560.0,,,1,One-Time Customer
T864381,C4092751,,M,MUMBAI,82942.05,2016-08-09,123213,3351.0,,,1,One-Time Customer
T887639,C1947152,1988-10-28,F,GHAZIABAD,26088.77,2016-07-09,190329,100.0,28.0,21-30,1,One-Time Customer
T715546,C6313642,1992-11-19,M,MUMBAI,2977.48,2016-03-09,201434,310.0,23.0,21-30,3,Occasional Customer
T474438,C8912051,1987-05-24,F,KOLKATA,7805.59,2016-08-21,211503,50.0,29.0,21-30,1,One-Time Customer
T616783,C5442233,,M,NEW DELHI,10156.77,2016-08-26,124005,44.0,,,1,One-Time Customer
T708783,C2910653,1990-07-03,M,CHENNAI,6708.96,2016-03-09,74815,96.0,26.0,21-30,1,One-Time Customer
T883010,C4437011,1991-03-18,M,MANDAPETA,1.1,2016-07-09,232540,101.15,25.0,21-30,1,One-Time Customer
T527854,C8731988,1977-04-10,M,BARNALA,8204.9,2016-08-24,210434,179.0,39.0,31-40,1,One-Time Customer
T21828,C1218241,1988-05-18,M,MUMBAI,300427.91,2016-09-23,123655,300.0,28.0,21-30,1,One-Time Customer
T132501,C5747641,,F,KATRAJ MUMBAI HIGHWAY NARHE PUNE,8042.15,2016-05-08,103524,170.0,,,1,One-Time Customer
T328470,C8338521,1983-06-16,M,BANGALORE,38595.71,2016-08-15,181812,15000.0,33.0,31-40,2,Occasional Customer
T203224,C5521170,1988-02-01,M,HALOL,8539.44,2016-08-08,94200,100.0,29.0,21-30,1,One-Time Customer
T508276,C7217374,1990-04-15,M,KARIMNAGAR,220.48,2016-08-19,115502,30.0,26.0,21-30,1,One-Time Customer
T9516,C2110116,,F,MUMBAI,1006187.2,2016-09-27,190844,3500.0,,,2,Occasional Customer
T769299,C4064971,1989-01-14,M,BANGALORE,6.73,2016-06-09,223705,200.0,27.0,21-30,1,One-Time Customer
T895794,C5535534,1982-11-04,F,VISAKHAPATNAM,11468.84,2016-07-09,154322,150.0,34.0,31-40,1,One-Time Customer
T673769,C3435745,1994-01-26,M,MUMBAI,21903.05,2016-08-28,132158,12500.0,23.0,21-30,1,One-Time Customer
T214159,C1317474,,M,JAIPUR,11.39,2016-08-08,160458,200.0,,,2,Occasional Customer
T515645,C2731391,1988-06-17,M,MUMBAI,7296.07,2016-08-19,222745,420.0,28.0,21-30,1,One-Time Customer
T828317,C7512340,1990-06-20,F,THANE,3347.68,2016-04-09,120047,159.0,26.0,21-30,1,One-Time Customer
T266199,C8795858,1988-03-07,M,KAITHAL,9872.88,2016-03-09,111456,500.0,28.0,21-30,1,One-Time Customer
T1042131,C1835676,1996-06-15,M,MEERUT,1464.33,2016-09-18,140624,100.0,20.0,18-20,1,One-Time Customer
T348015,C7623213,1981-11-20,M,DELHI,782689.86,2016-08-14,90108,1291.0,35.0,31-40,1,One-Time Customer
T958452,C3819617,,M,NEW DELHI,25525.44,2016-10-09,85202,199.5,,,1,One-Time Customer
T103552,C5416645,1985-07-21,M,DELHI,39108.68,2016-06-08,122125,67.97,31.0,31-40,2,Occasional Customer
T665788,C1726858,,M,KOLHAPUR,167341.27,2016-08-31,95704,730.0,,,1,One-Time Customer
T363255,C3987837,1992-03-21,M,MUMBAI,102856.46,2016-08-14,182120,200.0,24.0,21-30,1,One-Time Customer
T141852,C7112824,1984-10-10,M,DELHI,10582.88,2016-05-08,174245,306.0,32.0,31-40,1,One-Time Customer
T360698,C6931636,1977-12-12,M,VELLORE,14980.26,2016-08-14,181854,1150.0,39.0,31-40,1,One-Time Customer
T662070,C8639591,,M,PUNE,120.82,2016-08-31,111317,674.0,,,1,One-Time Customer
T901422,C6462783,1983-12-18,M,PUNE,91.95,2016-07-09,104745,3339.0,33.0,31-40,1,One-Time Customer
T217633,C6939158,1988-11-30,M,ANDHERI W MUMBAI,22120.5,2016-08-08,183839,5494.0,28.0,21-30,1,One-Time Customer
T404503,C2589979,1984-09-27,M,POST NAROLI,29404.85,2016-08-18,154340,50.0,32.0,31-40,1,One-Time Customer
T1044098,C7368566,1984-04-06,F,MUMBAI,87269.9,2016-09-18,94621,1375.0,32.0,31-40,1,One-Time Customer
T617217,C3428348,,M,NEW DELHI,54311.94,2016-08-26,132945,2000.0,,,1,One-Time Customer
T456179,C3131886,1987-04-18,M,GURGAON,78.68,2016-08-21,31619,57.0,29.0,21-30,1,One-Time Customer
T742226,C8927957,1987-12-27,F,CHENNAI,2408.66,2016-02-09,211946,412.0,28.0,21-30,2,Occasional Customer
T774087,C4334359,1989-01-17,M,MUMBAI,7515.3,2016-06-09,204105,297.3,27.0,21-30,1,One-Time Customer
T159586,C1317935,1988-11-26,M,SONARPUR,14447.59,2016-04-08,91446,200.0,27.0,21-30,1,One-Time Customer
T367631,C5225254,1980-09-29,F,ANAND,94276.45,2016-08-14,194136,776.0,36.0,31-40,1,One-Time Customer
T554592,C4231043,1993-01-24,F,AGRA,97.95,2016-08-22,34441,100.0,24.0,21-30,1,One-Time Customer
T582843,C4839176,1983-11-18,F,KARNAL,12970.46,2016-08-23,154516,3104.0,33.0,31-40,2,Occasional Customer
T968460,C1837145,1992-01-02,M,MAU,7880.03,2016-10-09,145202,96.0,25.0,21-30,2,Occasional Customer
T654416,C3872214,,M,GURGAON,177.93,2016-08-31,131814,1011.0,,,1,One-Time Customer
T675667,C4640613,1985-09-05,M,JAGATSINGHPUR,539.85,2016-08-28,1124,50.0,31.0,31-40,2,Occasional Customer
T39883,C7636676,1990-02-07,M,MOHALI,10739.57,2016-09-22,24936,522.0,27.0,21-30,2,Occasional Customer
T978251,C4726759,1991-05-25,F,BANGALORE,7760.59,2016-09-15,145213,150.0,25.0,21-30,2,Occasional Customer
T228086,C6023180,1980-02-05,M,BANGALORE,11784.37,2016-07-08,143557,447.0,36.0,31-40,1,One-Time Customer
T948738,C4823456,1991-11-12,M,GUWAHATI,13508.74,2016-11-09,203210,3000.0,25.0,21-30,1,One-Time Customer
T721380,C6434151,1976-05-30,M,HOSUR,21174.02,2016-03-09,213005,1241.0,40.0,31-40,1,One-Time Customer
T939258,C8837046,1987-12-09,F,CHITTO0R,34676.52,2016-11-09,154909,1050.0,29.0,21-30,1,One-Time Customer
T313187,C1737279,1981-08-14,F,NEW DELHI,20494.87,2016-10-08,194906,200.0,35.0,31-40,3,Occasional Customer
T473696,C7419312,1978-11-29,F,NAGPUR,317.38,2016-08-21,220456,660.0,38.0,31-40,2,Occasional Customer
T445498,C8639372,,M,CHENNAI,13629.05,2016-08-16,113710,500.0,,,1,One-Time Customer
T912947,C1138650,1990-03-13,M,SANGLI,15809.68,2016-12-09,182004,561.5,27.0,21-30,1,One-Time Customer
T56737,C7314657,1976-06-13,M,CHENNAI,6768.2,2016-03-08,194010,540.0,40.0,31-40,1,One-Time Customer
T1037980,C7237231,1993-03-23,M,BANGALORE,1865.04,2016-09-18,160534,147.0,23.0,21-30,2,Occasional Customer
T852443,C6721464,,M,GURGAON,893.41,2016-09-09,213743,284.0,,,2,Occasional Customer
T715067,C6464263,1988-04-28,F,NEW DELHI,1022.23,2016-03-09,195121,7200.0,28.0,21-30,1,One-Time Customer
T560238,C5912783,1993-11-13,F,SECUNDERABAD,96.02,2016-08-22,150821,239.0,23.0,21-30,1,One-Time Customer
T94737,C2418891,,F,NEW DELHI,1422254.47,2016-01-08,162609,2583.3,,,2,Occasional Customer
T814199,C4427869,1990-03-08,M,MOHALI,13853.27,2016-04-09,201010,198.0,26.0,21-30,1,One-Time Customer
T701191,C5241835,1978-12-18,M,NOIDA,317165.75,2016-08-30,95718,578.79,38.0,31-40,1,One-Time Customer
T554317,C8746158,1985-08-22,F,FARIDABAD,43115.93,2016-08-24,162546,459.0,31.0,31-40,1,One-Time Customer
T771523,C3912214,,M,DELHI,253021.31,2016-06-09,230117,2007.0,,,1,One-Time Customer
T619182,C7123649,1978-01-15,F,AMRITSAR,21160.35,2016-08-27,201134,1449.0,39.0,31-40,1,One-Time Customer
T876070,C4110990,1988-10-04,M,REWARI,2687.78,2016-08-09,232940,50.0,28.0,21-30,1,One-Time Customer
T691458,C3933561,1977-02-10,M,FUJAIRAH,10460.98,2016-08-31,203112,805.0,40.0,31-40,1,One-Time Customer
T735077,C7837264,1988-07-24,M,KHARAR,223348.71,2016-02-09,130845,11300.0,28.0,21-30,1,One-Time Customer
T1003289,C6720713,1995-12-17,F,MUMBAI,47921.25,2016-09-14,193031,36.92,21.0,21-30,1,One-Time Customer
T405985,C2310818,1980-04-07,M,NEW DELHI,23345.26,2016-08-18,163534,182.82,36.0,31-40,2,Occasional Customer
T700036,C2039851,1988-04-02,M,BANGALORE,35781.54,2016-08-30,155901,1140.0,28.0,21-30,2,Occasional Customer
T247507,C7038775,1989-12-19,M,GURGAON,288908.35,2016-07-08,221254,2177.0,27.0,21-30,2,Occasional Customer
T574354,C5917189,1991-09-24,M,BANGALORE,53.3,2016-08-22,212147,174.06,25.0,21-30,2,Occasional Customer
T218559,C7194738,1980-03-20,M,DIST-PUNE PUNE,25548.93,2016-08-08,200047,410.0,36.0,31-40,1,One-Time Customer
T526222,C4514713,1981-11-17,M,JAGADHRI,27899.27,2016-08-23,170035,250.0,35.0,31-40,1,One-Time Customer
T719828,C1128689,1989-03-28,M,DURG,27295.7,2016-03-09,213631,21.0,27.0,21-30,1,One-Time Customer
T362789,C8336288,1986-07-16,M,GURGAON,10789.66,2016-08-14,164051,250.0,30.0,21-30,1,One-Time Customer
T750236,C9063613,,M,BARODA,18351.79,2016-02-09,224612,300.0,,,1,One-Time Customer
T187437,C2228517,,F,BANGALORE,18723.43,2016-09-08,141245,130.0,,,2,Occasional Customer
T769945,C6621211,1994-06-06,M,RANGA REDDY,6629.81,2016-06-09,160529,156.0,22.0,21-30,3,Occasional Customer
T283520,C7538456,1984-08-26,M,BANGALORE,11021.34,2016-11-08,131804,16025.31,32.0,31-40,1,One-Time Customer
T926275,C3330115,1991-12-06,M,GURGAON,9501.07,2016-11-09,121037,190.0,25.0,21-30,1,One-Time Customer
T441793,C6023146,1976-02-07,F,GREATER NOIDA,824.48,2016-08-16,123528,197.5,41.0,41-50,1,One-Time Customer
T1036845,C2016447,1992-02-12,M,MAHALPAT KANGRA,2542.6,2016-09-18,172645,673.0,25.0,21-30,1,One-Time Customer
T296063,C6814848,1992-07-02,M,GHAZIABAD,18902.63,2016-10-08,24345,300.0,24.0,21-30,1,One-Time Customer
T1019279,C3012934,,F,MUMBAI,84098.47,2016-09-13,184606,6002.1,,,1,One-Time Customer
T1021624,C4986871,1983-01-15,F,AGRA,9815.68,2016-09-13,203321,777.0,34.0,31-40,1,One-Time Customer
T636419,C5925766,1985-02-09,M,KANPUR,275608.36,2016-08-25,214805,10.0,32.0,31-40,1,One-Time Customer
T61113,C8210244,1989-12-13,M,NEW DELHI,50.54,2016-03-08,201023,50.0,26.0,21-30,2,Occasional Customer
T447209,C6828386,,M,K V RANGA REDDY,70.7,2016-08-16,133717,453.0,,,1,One-Time Customer
T994357,C5894525,1988-08-06,M,CHENNAI,18328.24,2016-09-15,204350,95.0,28.0,21-30,1,One-Time Customer
T617439,C5615389,1984-12-15,M,DELHI,14265.2,2016-08-22,223514,450.0,32.0,31-40,1,One-Time Customer
T302680,C7342486,1983-10-07,M,GURGAON,17148.56,2016-10-08,141034,990.0,33.0,31-40,2,Occasional Customer
T409791,C3623062,1984-07-24,M,CHENNAI,56202.21,2016-08-18,191450,393.0,32.0,31-40,1,One-Time Customer
T494398,C4310723,1993-08-25,M,BANGALORE,18498.78,2016-08-20,200912,200.0,23.0,21-30,1,One-Time Customer
T483253,C2032831,1988-09-17,M,KHAMMAM,11083.07,2016-08-20,141121,97.0,28.0,21-30,1,One-Time Customer
T222027,C1922914,1991-05-29,F,MUMBAI,65491.61,2016-08-08,214052,301.0,25.0,21-30,2,Occasional Customer
T743857,C8538539,1982-10-04,M,NADIAD,10476.46,2016-01-09,225635,150.0,33.0,31-40,1,One-Time Customer
T159531,C2522258,1985-08-25,M,HYDERABAD,11734.08,2016-05-08,221300,785.4,31.0,31-40,1,One-Time Customer
T366555,C2037637,1988-02-27,M,DELHI,20.24,2016-08-14,190612,100.0,28.0,21-30,1,One-Time Customer
T443330,C2242333,1990-01-03,M,NEW DELHI,162451.35,2016-08-16,112924,310.0,27.0,21-30,1,One-Time Customer
T263591,C2237666,1980-06-08,M,MELBOURNE,12574.37,2016-12-08,171541,8935.0,37.0,31-40,1,One-Time Customer
T778656,C6513040,,M,NEW DELHI,111674.02,2016-06-09,172015,200.0,,,3,Occasional Customer
T281238,C4570314,,F,CURCHOREM SOUTH GOA,6796.44,2016-11-08,110614,100.0,,,1,One-Time Customer
T295466,C5389840,1996-02-11,M,GHAZIPUR,12.33,2016-11-08,202937,499.0,21.0,21-30,1,One-Time Customer
T609368,C8138366,1993-06-21,M,CHANDRAPUR,21133.73,2016-08-26,32604,149.0,23.0,21-30,1,One-Time Customer
T776189,C1119985,,M,ZIRKPUR,35142.17,2016-06-09,184923,2700.0,,,1,One-Time Customer
T183831,C5414016,1987-05-07,M,GURGAON,1357.33,2016-09-08,114324,40.0,29.0,21-30,1,One-Time Customer
T90322,C4439363,1988-12-25,M,BANGALORE,15887.3,2016-01-08,105732,255.0,27.0,21-30,1,One-Time Customer
T758897,C2541269,,M,GHAZIABAD,22775.48,2016-01-09,155833,4777.81,,,1,One-Time Customer
T1004409,C7922358,1988-09-26,F,KRISHNA,29701.26,2016-09-14,193808,360.0,28.0,21-30,3,Occasional Customer
T896003,C7224347,1990-11-23,M,DELHI,104125.15,2016-07-09,141103,137.0,26.0,21-30,3,Occasional Customer
T78085,C3711482,1978-12-07,M,LUCKNOW,25256.28,2016-02-08,204012,606.9,37.0,31-40,1,One-Time Customer
T904894,C3514935,1994-02-22,M,KAITHAL,3417.78,2016-12-09,134936,30.0,23.0,21-30,2,Occasional Customer
T1003440,C5792431,1981-02-10,M,HOWRAH,20457.2,2016-09-14,145427,466.0,36.0,31-40,1,One-Time Customer
T110847,C6729453,1987-07-26,M,MUMBAI,3751.76,2016-06-08,104756,100.0,29.0,21-30,2,Occasional Customer
T242237,C2837188,1985-07-23,F,NEW DELHI,252113.99,2016-07-08,153356,472.0,31.0,31-40,2,Occasional Customer
T118140,C5430472,1989-09-27,F,BALRAMPUR,398.79,2016-06-08,151758,1730.0,27.0,21-30,1,One-Time Customer
T805955,C5921779,1981-11-01,M,EAST GODAVARI,9852.73,2016-04-09,214608,199.0,34.0,31-40,2,Occasional Customer
T192920,C3427818,1983-07-11,M,NEW DELHI,123247.77,2016-09-08,181123,225.0,33.0,31-40,1,One-Time Customer
T447231,C3335615,,M,TIRUPUR,9422.08,2016-08-16,134812,2431.0,,,2,Occasional Customer
T781003,C3097322,1981-06-03,F,BANGALORE,375063.77,2016-06-09,143932,1024.73,35.0,31-40,1,One-Time Customer
T433371,C7412680,1990-05-13,M,NOIDA,23.83,2016-08-16,5841,10.0,26.0,21-30,1,One-Time Customer
T576644,C6323377,,M,GREATER NOIDA,20770.16,2016-08-22,214927,367.0,,,1,One-Time Customer
T984304,C1919860,1992-07-17,F,NOIDA,106182.74,2016-09-15,184129,459.0,24.0,21-30,1,One-Time Customer
T603421,C7264453,,M,BHARUCH,5259.78,2016-08-26,204330,1235.0,,,1,One-Time Customer
T901097,C8033446,,M,N T PUNE,181600.42,2016-07-09,50906,260.7,,,2,Occasional Customer
T316209,C2825859,1988-02-06,M,NOIDA,957.25,2016-08-15,13345,1232.0,29.0,21-30,1,One-Time Customer
T843412,C1729543,1976-09-28,M,MUMBAI,1074183.99,2016-09-09,125528,1005.0,40.0,31-40,1,One-Time Customer
T649761,C1436050,,M,GURGAON,20568.33,2016-08-25,164554,500.0,,,1,One-Time Customer
T899191,C3440729,1987-09-29,F,KOTTAYAM,4971.1,2016-07-09,92254,251.0,29.0,21-30,1,One-Time Customer
T713394,C2235738,1978-04-16,F,NOIDA,292143.52,2016-03-09,171528,985.0,38.0,31-40,2,Occasional Customer
T404804,C7830819,1977-03-10,F,NEW DELHI,43086.57,2016-08-18,161704,1500.0,39.0,31-40,1,One-Time Customer
T393208,C3740833,,M,NORTH 24 PARGANAS,20915.75,2016-08-13,192133,1700.0,,,1,One-Time Customer
T385049,C2329664,1990-10-01,M,IND EST ANDHERI (W) MUMBAI,102.2,2016-08-13,155956,900.0,26.0,21-30,1,One-Time Customer
T459841,C5017477,1991-08-16,M,NOIDA,8261.93,2016-08-16,193635,95.0,25.0,21-30,1,One-Time Customer
T611100,C1929225,1989-08-20,M,RAIGARH CG RAIGARH,987.61,2016-08-25,90146,100.0,27.0,21-30,1,One-Time Customer
T242582,C7799449,,M,GURGAON,1006245.52,2016-07-08,181634,2912.0,,,1,One-Time Customer
T273438,C7418781,1982-07-05,M,NEW DELHI,6117.87,2016-12-08,194631,90.0,34.0,31-40,1,One-Time Customer
T321437,C1837015,1991-12-31,M,GHAZIPUR,4539.3,2016-08-15,114842,817.0,25.0,21-30,2,Occasional Customer
T966300,C6942729,1984-01-09,F,GURGAON,106729.01,2016-10-09,125705,17100.0,33.0,31-40,1,One-Time Customer
T715242,C8524550,1991-08-31,M,VADODARA,17510.48,2016-03-09,194248,8587.0,25.0,21-30,2,Occasional Customer
T761383,C4326481,1988-11-27,F,PUNE,19765.6,2016-01-09,150938,849.0,27.0,21-30,1,One-Time Customer
T203398,C4329454,1991-07-13,M,NOIDA,72476.67,2016-08-08,103312,550.0,25.0,21-30,1,One-Time Customer
T323567,C3858417,1990-12-06,M,PONNERI,676.99,2016-08-15,160832,10000.0,26.0,21-30,1,One-Time Customer
T218996,C4440765,1997-06-14,F,JAIPUR,,2016-08-08,193119,188.0,19.0,18-20,1,One-Time Customer
T483434,C2627817,1986-05-12,M,DELHI,6643.86,2016-08-20,4839,71.0,30.0,21-30,3,Occasional Customer
T903999,C3827369,1995-09-14,M,SIROHI,44902.32,2016-07-09,65706,120.0,21.0,21-30,2,Occasional Customer
T632048,C8382927,,M,PARGANAS TWENTY FOUR PARGANAS,5348.48,2016-08-29,113835,174.0,,,1,One-Time Customer
T272473,C1836248,1993-04-28,F,DELHI,15325.14,2016-12-08,211844,959.04,24.0,21-30,1,One-Time Customer
T782230,C7477420,1989-10-10,F,NOIDA,225067.43,2016-06-09,151342,155.0,27.0,21-30,1,One-Time Customer
T320877,C5732228,1982-01-21,M,BANGALORE,1679.24,2016-08-15,120113,1000.0,35.0,31-40,3,Occasional Customer
T74182,C4738248,,M,KOLKATA,46.17,2016-02-08,183842,1623.0,,,1,One-Time Customer
T57074,C8711219,1985-01-05,M,LUCKNOW,19279.3,2016-03-08,203337,120.0,31.0,31-40,2,Occasional Customer
T510480,C3910215,,M,BANGALORE,4911718.1,2016-08-19,190830,3112.0,,,1,One-Time Customer
T144580,C7242084,1993-05-21,F,BANGALORE,16078.97,2016-05-08,200801,25.0,23.0,21-30,1,One-Time Customer
T321043,C7335968,1977-06-09,F,BANGALORE,2159.53,2016-10-08,210928,549.0,39.0,31-40,1,One-Time Customer
T495448,C7349234,1982-03-09,M,BANGALORE,53610.05,2016-08-20,212700,702.0,34.0,31-40,1,One-Time Customer
T332469,C7025335,1987-07-03,M,MANGALORE,72118.89,2016-08-15,165354,379.0,29.0,21-30,1,One-Time Customer
T712787,C6632834,1990-07-27,M,DELHI,2951.19,2016-03-09,173221,510.0,26.0,21-30,1,One-Time Customer
T771054,C6638653,1985-07-16,M,SANGLI,24571.59,2016-06-09,210208,21.0,31.0,31-40,2,Occasional Customer
T472637,C1537216,,M,CHENNAI,34704.33,2016-08-21,211812,731.0,,,1,One-Time Customer
T277084,C8571417,1986-12-09,F,DELHI,71403.21,2016-11-08,73642,1000.0,30.0,21-30,1,One-Time Customer
T1025380,C1510549,1995-07-28,M,DEHRADUN,111.83,2016-09-13,153004,100.0,21.0,21-30,1,One-Time Customer
T103117,C7240675,1989-11-22,F,NEW DELHI,29617.65,2016-06-08,115720,345.0,27.0,21-30,1,One-Time Customer
T141744,C6123390,1976-10-08,M,MUMBAI,2748.4,2016-05-08,150107,505.0,40.0,31-40,2,Occasional Customer
T706565,C5033188,1983-07-30,M,NEW DELHI,18802.32,2016-08-30,113831,500.0,33.0,31-40,1,One-Time Customer
T401601,C8541382,1994-10-13,M,CHAMARAJANAGAR,809.63,2016-08-18,142036,24.0,22.0,21-30,2,Occasional Customer
T447296,C5737278,1979-02-19,M,RANCHI,178610.9,2016-08-16,174152,2680.0,37.0,31-40,1,One-Time Customer
T626008,C6916052,1977-08-20,F,NEW DELHI,27088.79,2016-08-25,173816,3000.0,39.0,31-40,1,One-Time Customer
T371122,C3813754,,M,HOSUR,13801.72,2016-08-13,52423,251.0,,,1,One-Time Customer
T694455,C7212132,,M,AHMEDABAD,16285.46,2016-08-31,224910,1000.0,,,3,Occasional Customer
T372114,C5023576,1997-09-24,M,BANGALORE,7910.39,2016-08-14,211134,235.0,19.0,18-20,1,One-Time Customer
T456165,C5037554,1987-10-01,M,MUMBAI,252599.77,2016-08-21,3444,594.91,29.0,21-30,1,One-Time Customer
T488226,C5971431,1986-12-09,F,DELHI,71403.21,2016-08-20,170115,3665.0,30.0,21-30,1,One-Time Customer
T664793,C1839532,,M,NAROL AHMEDABAD,318137.54,2016-08-28,165237,10000.0,,,1,One-Time Customer
T913012,C7420735,1984-03-07,M,DELHI,19983.4,2016-12-09,104221,7054.0,33.0,31-40,1,One-Time Customer
T3049,C2313633,,M,NEW DELHI,29854.14,2016-10-21,154905,480.0,,,1,One-Time Customer
T894017,C4226845,1984-04-12,M,HYDERABAD,1208220.92,2016-07-09,130952,200.0,32.0,31-40,2,Occasional Customer
T837925,C7116132,1989-07-03,M,THANE,4261.79,2016-04-09,33123,100.0,27.0,21-30,1,One-Time Customer
T125749,C3928869,1988-07-05,M,NEW DELHI,24228.94,2016-06-08,233002,645.23,28.0,21-30,2,Occasional Customer
T343782,C5978689,1988-12-16,F,GURGAON,1370.89,2016-08-15,194316,250.0,28.0,21-30,1,One-Time Customer
T925493,C6865622,1990-06-03,M,KOLLAM,21237.6,2016-11-09,115315,208.35,26.0,21-30,1,One-Time Customer
T216377,C8736873,1985-12-29,M,FARIDABAD,624.28,2016-08-08,170358,1840.0,31.0,31-40,1,One-Time Customer
T407675,C7842117,1981-03-06,M,MUMBAI,28154.28,2016-08-18,122526,1229.0,35.0,31-40,2,Occasional Customer
T202978,C5014230,,M,AURANGABAD,8846.59,2016-08-08,151527,190.0,,,1,One-Time Customer
T516523,C3432324,1981-11-06,M,NOIDA,41248.75,2016-08-24,72552,50.0,35.0,31-40,2,Occasional Customer
T535573,C8347659,,F,GURGAON,38457.11,2016-08-24,201719,657.0,,,1,One-Time Customer
T981719,C6624629,1998-04-29,M,BATHINDA,13638.99,2016-09-15,181847,440.0,18.0,18-20,1,One-Time Customer
T173044,C3818770,1993-05-25,F,RANCHI,7886.99,2016-09-08,70849,30.0,23.0,21-30,1,One-Time Customer
T53210,C2097488,1981-09-20,F,DELHI,49173.7,2016-03-08,164233,500.0,34.0,31-40,1,One-Time Customer
T372798,C1532982,1988-08-13,F,HYDERABAD,12340.96,2016-08-14,232748,422.82,28.0,21-30,3,Occasional Customer
T687136,C4420786,1987-04-27,M,GURGAON,44152.85,2016-08-31,214235,420.0,29.0,21-30,1,One-Time Customer
T641031,C6142473,,M,KOLKATA,10026.44,2016-08-25,194834,499.0,,,1,One-Time Customer
T408195,C5631770,1988-05-12,F,AHMEDABAD,21335.25,2016-08-18,231859,68.0,28.0,21-30,1,One-Time Customer
T810208,C8916738,1992-11-11,F,DELHI,6688.57,2016-05-09,233351,259.0,23.0,21-30,1,One-Time Customer
T341760,C7714974,,F,BHOPAL,6406304.47,2016-08-15,201952,3936.0,,,2,Occasional Customer
T624020,C2255931,1979-01-24,M,GHAZIABAD,183088.84,2016-08-29,202424,330.0,38.0,31-40,1,One-Time Customer
T208027,C4694255,1986-11-21,M,BHAVNAGAR,10238.63,2016-08-08,133944,245.0,30.0,21-30,1,One-Time Customer
T996000,C4026822,1993-08-07,M,BARABANKI,6445.23,2016-09-15,201041,100.0,23.0,21-30,1,One-Time Customer
T26119,C9031125,1992-05-03,F,GURGAON,217974.61,2016-09-27,162638,800.0,24.0,21-30,1,One-Time Customer
T1002145,C2867991,1983-10-31,F,VADODARA,4714.27,2016-09-14,124242,178.0,33.0,31-40,1,One-Time Customer
T29274,C5133612,1989-03-01,M,BHOPAL,8643.67,2016-09-25,232120,116.98,28.0,21-30,2,Occasional Customer
T490115,C4029141,1989-08-11,M,VADODARA,482.53,2016-08-20,164225,70.0,27.0,21-30,2,Occasional Customer
T754419,C8521077,1979-06-25,M,JALANDHAR,68437.27,2016-01-09,203855,2940.0,37.0,31-40,1,One-Time Customer
T672061,C4931364,1985-04-04,M,NEW DELHI,2422.18,2016-08-31,183020,300.0,31.0,31-40,1,One-Time Customer
T350059,C5034854,,F,MUMBAI,4091406.71,2016-08-14,125103,587.0,,,1,One-Time Customer
T446537,C7115692,,F,BANGALORE,379844.23,2016-08-16,182542,2100.0,,,2,Occasional Customer
T87769,C1589471,1992-01-23,F,NEW DELHI,5909.94,2016-01-08,132319,95.0,24.0,21-30,1,One-Time Customer
T58125,C1810024,1994-07-28,M,MUMBAI,24204.49,2016-03-08,210819,180.43,22.0,21-30,1,One-Time Customer
T437256,C6110553,1982-01-30,M,GURGAON,602.76,2016-08-16,102340,300.0,35.0,31-40,2,Occasional Customer
T774563,C6366518,1986-05-06,M,PATNA,498504.06,2016-06-09,190156,600.0,30.0,21-30,1,One-Time Customer
T894174,C3224556,1992-01-03,M,RUKMINI COLONY ULSOOR BANGALORE,175561.54,2016-07-09,141018,869.0,25.0,21-30,1,One-Time Customer
T336960,C5785488,1976-10-27,M,KOLKATA,29178.73,2016-08-15,222149,500.0,40.0,31-40,1,One-Time Customer
T4616,C4474542,1994-04-02,M,MEDAK,5793.57,2016-09-22,83427,100.0,22.0,21-30,1,One-Time Customer
T2120,C4529190,1991-01-12,M,NEW DELHI,2653.48,2016-10-21,200746,698.0,26.0,21-30,1,One-Time Customer
T201163,C4161137,1995-05-20,M,NEW DELHI,1.84,2016-08-08,23715,246.0,21.0,21-30,1,One-Time Customer
T186457,C9027280,,M,MOHALI,2036800.16,2016-09-08,153926,3721.0,,,1,One-Time Customer
T132937,C2335877,1982-09-10,M,BADDI,7586.97,2016-06-08,202631,311.0,34.0,31-40,1,One-Time Customer
T593425,C5828486,1992-08-18,M,DELHI,8376.49,2016-08-27,210345,1000.0,24.0,21-30,1,One-Time Customer
T280333,C1621318,,M,CHENNAI,25429.68,2016-11-08,151859,775.0,,,1,One-Time Customer
T1033159,C7318743,,M,MUMBAI,6997.0,2016-09-13,5945,220.0,,,2,Occasional Customer
T287032,C7786714,1984-11-22,M,NOIDA,17955.98,2016-11-08,182242,300.0,32.0,31-40,1,One-Time Customer
T545943,C7624046,1984-03-17,M,DELHI,174231.89,2016-08-24,184637,600.0,32.0,31-40,1,One-Time Customer
T63125,C6026053,1981-08-07,F,NOIDA,75983.96,2016-02-08,94539,250.0,35.0,31-40,1,One-Time Customer
T749409,C6437114,1990-11-23,M,HASSAN,48.72,2016-01-09,211746,55.0,25.0,21-30,1,One-Time Customer
T321081,C4216959,1991-03-25,M,NEW DELHI,20274.56,2016-10-08,204124,500.0,26.0,21-30,3,Occasional Customer
T160192,C6218223,,M,NEW DELHI,201994.18,2016-05-08,223129,3280.0,,,3,Occasional Customer
T302090,C2217562,,M,DELHI,140631.2,2016-10-08,95625,1350.0,,,1,One-Time Customer
T946692,C5432625,1988-07-26,M,MUMBAI,271.18,2016-10-09,210543,27.0,28.0,21-30,1,One-Time Customer
T242751,C3236181,1987-09-20,M,BADDI,4240.1,2016-07-08,195614,793.0,29.0,21-30,1,One-Time Customer
T414217,C1321642,1988-12-13,F,MADHAPUR,10985.49,2016-08-18,205610,200.0,28.0,21-30,2,Occasional Customer
T187667,C3932852,1996-03-08,F,NEW DELHI,8815.37,2016-09-08,142942,1000.0,21.0,21-30,2,Occasional Customer
T913288,C3714854,1992-06-20,M,KOLKATA,2816.36,2016-12-09,175216,80.0,24.0,21-30,2,Occasional Customer
T711918,C4015969,,M,GREATER NOIDA,72217.6,2016-03-09,165046,868.0,,,1,One-Time Customer
T820180,C3529552,1981-01-06,M,BANGALORE,30700.8,2016-04-09,163048,329.0,35.0,31-40,1,One-Time Customer
T553835,C1021959,1991-03-10,M,THANE,1945.89,2016-08-23,191811,557.0,25.0,21-30,2,Occasional Customer
T954116,C5217940,1989-06-05,M,HARIDWAR,30758.73,2016-10-09,190744,1999.0,27.0,21-30,1,One-Time Customer
T354087,C7629855,,M,DELHI,30981.4,2016-08-14,151156,195.0,,,1,One-Time Customer
T270566,C7020934,1985-11-01,M,MUMBAI,36041.15,2016-12-08,201151,900.0,31.0,31-40,1,One-Time Customer
T412598,C8033574,,M,DELHI,78433.0,2016-08-17,123132,850.0,,,1,One-Time Customer
T853861,C6941682,1990-09-16,M,DELHI,843.51,2016-09-09,224414,536.0,26.0,21-30,1,One-Time Customer
T695231,C6536181,1982-09-28,F,GURGAON,164262.57,2016-08-31,222219,271.0,34.0,31-40,2,Occasional Customer
T920622,C2338918,1997-03-26,M,BHILWARA,9366.36,2016-12-09,230631,150.0,20.0,18-20,1,One-Time Customer
T541722,C6121583,1989-07-01,F,MOHALI,12526.06,2016-08-23,195237,260.0,27.0,21-30,2,Occasional Customer
T638835,C1514135,1986-05-31,M,NASHIK,22345.69,2016-08-25,224629,660.0,30.0,21-30,1,One-Time Customer
T385752,C7225674,1997-09-22,F,THANE,4389.7,2016-08-13,204836,99.0,19.0,18-20,1,One-Time Customer
T539309,C7330819,1987-10-20,M,NEW DELHI,13609.37,2016-08-23,80009,50.0,29.0,21-30,1,One-Time Customer
T619385,C8940636,1981-07-13,M,BANGALORE,2154.44,2016-08-26,54119,0.0,35.0,31-40,1,One-Time Customer
T581319,C7765314,,M,AGRA,74017.63,2016-08-27,130307,285.0,,,1,One-Time Customer
T1024495,C5139461,1977-05-20,M,BUDDHA NAGAR NOIDA,908299.91,2016-09-13,161852,789.0,39.0,31-40,1,One-Time Customer
T560645,C2922466,1989-05-20,M,COIMBATORE,3173.75,2016-08-22,140908,15100.0,27.0,21-30,2,Occasional Customer
T155054,C6311948,1990-05-18,M,PUNE,1516.12,2016-03-09,155413,80.0,26.0,21-30,1,One-Time Customer
T593423,C8333488,1985-09-15,M,DELHI,33104.25,2016-08-25,114813,50.0,31.0,31-40,2,Occasional Customer
T150459,C1811626,1988-10-13,M,GURGAON,66251.44,2016-05-08,231256,688.85,28.0,21-30,1,One-Time Customer
T143332,C2214134,1986-01-06,F,PUNE,1722.18,2016-05-08,143300,379.0,30.0,21-30,2,Occasional Customer
T314813,C3910619,,M,NEW DELHI,39272.57,2016-10-08,101657,35.0,,,2,Occasional Customer
T92387,C8419339,1990-07-25,M,AHMEDABAD,20645.87,2016-09-22,111624,189.0,26.0,21-30,1,One-Time Customer
T792424,C3512373,1985-10-05,M,FIROZABAD,25141.48,2016-05-09,113849,150.0,31.0,31-40,1,One-Time Customer
T318505,C2631729,1992-02-03,M,BANGALORE,7766.91,2016-10-08,205208,292.0,25.0,21-30,1,One-Time Customer
T970933,C5916532,1991-08-16,F,DELHI,99696.78,2016-10-09,3947,1299.0,25.0,21-30,1,One-Time Customer
T107345,C4139711,1982-12-31,M,MUMBAI,83446.27,2016-01-08,190449,100.65,33.0,31-40,1,One-Time Customer
T792798,C7735575,1980-03-15,F,ALTOTORDA BARDEZ,72809.11,2016-05-09,70528,200.0,36.0,31-40,1,One-Time Customer
T217900,C3921982,1982-09-30,M,NEW DELHI,20672.47,2016-07-08,82747,270.0,34.0,31-40,1,One-Time Customer
T505470,C3639567,1993-03-25,M,NAGAR KANPUR,27785.71,2016-08-20,212817,247.0,23.0,21-30,1,One-Time Customer
T321039,C9016617,1989-11-08,M,PUNE,8872.81,2016-10-08,212650,3050.0,27.0,21-30,1,One-Time Customer
T292464,C6929562,,M,ISTAGE IST BLOCK BANGALORE,1040.2,2016-11-08,215205,606.9,,,1,One-Time Customer
T262452,C8318447,1989-10-10,F,BANGALORE,1.59,2016-12-08,192139,300.0,27.0,21-30,1,One-Time Customer
T805989,C3028619,1990-11-23,M,CANDOLIM,4627.35,2016-04-09,215957,100.0,25.0,21-30,1,One-Time Customer
T8147,C4241676,1995-10-08,M,MUMBAI,7023.02,2016-09-25,202506,200.0,21.0,21-30,1,One-Time Customer
T707076,C6633951,1982-04-30,M,TALEIGAO,38491.85,2016-03-09,105124,500.0,34.0,31-40,1,One-Time Customer
T415079,C1739518,1993-11-05,F,VISAKHAPATNAM,77669.33,2016-08-18,211025,80.0,23.0,21-30,1,One-Time Customer
T968164,C3723915,1976-04-14,M,YAMUNANAGAR,,2016-10-09,104535,88407.0,40.0,31-40,1,One-Time Customer
T38890,C5850617,,M,MUMBAI,222327.42,2016-09-27,201547,2299.0,,,1,One-Time Customer
T729047,C5390489,1982-04-17,M,KOLKATA,18957.07,2016-02-09,91136,340.0,34.0,31-40,1,One-Time Customer
T998984,C4936923,1993-12-27,M,NASHIK,9123.82,2016-09-14,141106,168.0,23.0,21-30,2,Occasional Customer
T648007,C8710148,,F,(MOHALI) KHARAR,439.71,2016-08-25,152514,3600.0,,,2,Occasional Customer
T27111,C4921064,1993-06-04,M,BANGALORE,10281.51,2016-09-25,203141,100.0,23.0,21-30,1,One-Time Customer
T603901,C8622048,1992-08-21,M,TIRUPATI (URBAN),9.9,2016-08-26,183656,300.0,24.0,21-30,2,Occasional Customer
T506015,C5825380,1986-07-04,M,NOIDA,36372.07,2016-08-20,225002,259.0,30.0,21-30,1,One-Time Customer
T992040,C6397777,1988-04-30,F,ALLAHABAD,6542.65,2016-09-14,102658,50.0,28.0,21-30,1,One-Time Customer
T581980,C5425176,1993-08-07,M,KHAMMAM,1116.15,2016-08-23,144701,200.0,23.0,21-30,1,One-Time Customer
T580067,C2626937,1992-12-08,M,GURGAON,83785.25,2016-08-27,130951,24281.0,24.0,21-30,2,Occasional Customer
T1044722,C7617016,1993-01-07,M,SHAHJAHANPUR,905.33,2016-09-18,104225,209.0,24.0,21-30,1,One-Time Customer
T946640,C5012079,1991-08-28,M,NEW DELHI,90077.57,2016-11-09,221837,8935.0,25.0,21-30,1,One-Time Customer
T203459,C6539733,1994-12-01,M,NAGAPATTINAM,2358.23,2016-08-08,70113,271.0,22.0,21-30,2,Occasional Customer
T840728,C4430882,1985-08-10,M,TIRUCHIRAPPALI,9031.41,2016-09-09,160940,346.86,31.0,31-40,1,One-Time Customer
T460294,C5154289,1980-08-17,M,GURGAON,1477827.06,2016-08-21,165247,3280.91,36.0,31-40,1,One-Time Customer
T779947,C7936582,1980-09-28,M,MUMBAI,55661.81,2016-06-09,141539,2023.27,36.0,31-40,1,One-Time Customer
T571273,C6231932,1989-05-28,M,MAHABUB NAGAR,5945.4,2016-08-22,131747,30.0,27.0,21-30,1,One-Time Customer
T936386,C7213470,1983-05-25,M,GURGAON,33412.78,2016-11-09,185920,1197.0,33.0,31-40,1,One-Time Customer
T534921,C8521776,,M,GURGAON,1104895.16,2016-08-24,194218,975.0,,,1,One-Time Customer
T961999,C9059432,1978-03-23,M,ZIRAKPUR,81393.66,2016-10-09,185507,2875.03,39.0,31-40,1,One-Time Customer
T537501,C6420823,1990-07-05,F,NEW DELHI,20188.57,2016-08-24,232507,606.9,26.0,21-30,1,One-Time Customer
T174756,C9011220,1981-07-14,M,ASANSOL,66639.89,2016-04-08,200817,20.0,35.0,31-40,1,One-Time Customer
T92853,C6310151,,M,DELHI,2518.12,2016-09-22,142651,1794.0,,,4,Occasional Customer
T818518,C2641657,1980-01-10,F,THANE,11670.31,2016-04-09,191025,2350.0,36.0,31-40,1,One-Time Customer
T876166,C7128682,1981-06-10,M,COIMBATORE,15232.9,2016-08-09,224610,250.0,35.0,31-40,2,Occasional Customer
T488498,C4534374,1982-01-24,F,GURGAON,111380.9,2016-08-20,150439,11598.0,35.0,31-40,1,One-Time Customer
T264198,C6722363,,M,THANE,35311.06,2016-12-08,172318,700.0,,,1,One-Time Customer
T588452,C3928636,1989-04-15,M,RAIGARH C G RAIGARH,5.18,2016-08-25,145054,50.0,27.0,21-30,2,Occasional Customer
T600623,C1818233,1976-08-18,M,JAGADHRI,6717.07,2016-08-26,113623,50.0,40.0,31-40,3,Occasional Customer
T622702,C6729957,1992-05-18,M,MUMBAI,15044.9,2016-08-29,194356,28.0,24.0,21-30,2,Occasional Customer
T993789,C2335535,1993-09-29,M,SINDHUDURG - DISTRICT,4517.78,2016-09-15,193401,147.0,23.0,21-30,2,Occasional Customer
T589766,C8417088,1987-07-13,M,GURGAON,499.94,2016-08-23,161431,353.0,29.0,21-30,1,One-Time Customer
T791667,C7938512,1992-05-03,F,TRIVANDRUM,211814.85,2016-05-09,121834,589.0,24.0,21-30,1,One-Time Customer
T397161,C8246258,1983-10-08,M,LUCKNOW,51320.72,2016-08-13,213528,947.18,33.0,31-40,1,One-Time Customer
T613421,C1291141,1987-12-24,M,MUMBAI,2439193.09,2016-08-26,224402,4424.0,29.0,21-30,1,One-Time Customer
T998242,C4286129,1978-06-21,F,MUMBAI,73.3,2016-09-14,84959,254.0,38.0,31-40,1,One-Time Customer
T898487,C3817834,1977-07-22,M,MUMBAI,129082.62,2016-07-09,123626,2600.0,39.0,31-40,1,One-Time Customer
T332242,C8811529,1976-04-22,F,BANGALORE,173754.67,2016-08-15,154042,183.67,40.0,31-40,2,Occasional Customer
T950098,C2119284,1981-08-24,F,FARIDABAD,48461.58,2016-10-09,223204,1396.0,35.0,31-40,1,One-Time Customer
T99524,C6338352,,F,AHMEDABAD,60212.79,2016-01-08,160316,220.0,,,1,One-Time Customer
T813982,C3156264,1992-03-06,F,DEHRADUN,21235.02,2016-05-09,204251,230.95,24.0,21-30,1,One-Time Customer
T665497,C3038125,,M,BANGALORE,91111.9,2016-08-31,94734,100.0,,,1,One-Time Customer
T198819,C5018158,1986-02-07,M,HYDERABAD,2604.98,2016-09-08,214305,277.0,31.0,31-40,1,One-Time Customer
T895654,C7527827,1983-07-11,M,NEW DELHI,123247.77,2016-07-09,134827,4658.0,33.0,31-40,2,Occasional Customer
T75471,C5139755,,M,CHENNAI,3046.95,2016-02-08,180312,571.93,,,1,One-Time Customer
T668323,C6635130,,M,JALANDHAR,0.12,2016-08-31,72116,1521.0,,,1,One-Time Customer
T398938,C2310017,1979-08-05,M,RAIPUR,16682.03,2016-08-18,125443,3528.0,37.0,31-40,1,One-Time Customer
T474585,C1725559,1991-10-31,M,DELHI,4597.23,2016-08-21,105600,65.0,25.0,21-30,2,Occasional Customer
T91900,C4328651,1991-02-07,M,HOWRAH,83.27,2016-09-27,201336,330.0,26.0,21-30,1,One-Time Customer
T7464,C8569743,1987-01-01,M,NEW DELHI,31369.74,2016-09-22,114133,808.0,30.0,21-30,1,One-Time Customer
T464247,C4381978,1994-03-04,M,CUDDALOURE(DT),7.17,2016-08-21,105332,30.0,22.0,21-30,1,One-Time Customer
T675399,C7226229,1988-09-25,M,MUMBAI,19310.24,2016-08-31,181221,4448.0,28.0,21-30,1,One-Time Customer
T611170,C3742248,,M,NEW DELHI,10156.77,2016-08-26,123342,44.0,,,2,Occasional Customer
T419608,C1713858,,M,JAIPUR,440463.42,2016-08-17,94212,1000.0,,,1,One-Time Customer
T689907,C4590744,1990-01-17,M,REWARI,11894.57,2016-08-31,215212,6000.0,27.0,21-30,1,One-Time Customer
T78480,C4831861,1993-10-03,F,ALLAHABAD,227049.63,2016-02-08,200425,100000.0,22.0,21-30,1,One-Time Customer
T834936,C7536614,1992-01-08,M,GREATER NOIDA,801.75,2016-09-09,175117,30.0,25.0,21-30,1,One-Time Customer
T979963,C6532673,1980-07-23,F,GURGAON,17281.6,2016-09-15,114925,1000.0,36.0,31-40,2,Occasional Customer
T284379,C2821862,1993-04-22,F,NEW DELHI,7605.65,2016-11-08,134245,154.05,24.0,21-30,1,One-Time Customer
T479898,C4121673,1990-11-17,M,GURGAON,7779.46,2016-08-20,124800,350.0,26.0,21-30,3,Occasional Customer
T771970,C7433568,1994-05-29,F,SOLAN,11271.15,2016-06-09,203801,42.0,22.0,21-30,1,One-Time Customer
T620387,C9078383,,M,NEW DELHI,226844.61,2016-08-27,201828,569.05,,,1,One-Time Customer
T354648,C5039784,1993-03-20,M,RUDRAPUR,2714.34,2016-08-14,144115,38.0,23.0,21-30,2,Occasional Customer
T677986,C9075063,1991-12-08,F,FARIDABAD,65835.77,2016-08-28,201348,1711.0,25.0,21-30,1,One-Time Customer
T1039976,C8739447,1996-06-13,M,BANDRA EAST MUMBAI,11.19,2016-09-18,145102,50.0,20.0,18-20,1,One-Time Customer
T348554,C7527852,1986-01-01,M,VIJAYAWADA,54.78,2016-08-14,132416,570.7,31.0,31-40,2,Occasional Customer
T198086,C8689621,1988-02-08,M,BANGALORE,10415.42,2016-09-08,223348,290.0,29.0,21-30,1,One-Time Customer
T917225,C5797563,1993-12-01,M,RAJAPALAYAM,26721.59,2016-12-09,204848,90.0,23.0,21-30,1,One-Time Customer
T378752,C4030870,,F,GURGAON,55453.26,2016-08-13,124435,3750.51,,,2,Occasional Customer
T793138,C8740992,1992-04-29,M,BENGALURU,16618.33,2016-05-09,120859,6500.0,24.0,21-30,1,One-Time Customer
T982295,C9037157,1987-08-16,F,GURGAON,626552.05,2016-09-15,104207,920.0,29.0,21-30,1,One-Time Customer
T577887,C8036613,1985-05-09,F,MUMBAI,86534.08,2016-08-27,151801,847.98,31.0,31-40,3,Occasional Customer
T857726,C1023156,1985-05-01,F,NEW DELHI,1148268.86,2016-08-09,1128,200.0,31.0,31-40,2,Occasional Customer
T892941,C5339376,1976-02-04,M,DOHA,636855.59,2016-07-09,145951,16600.0,40.0,31-40,2,Occasional Customer
T373559,C8442517,1984-12-03,F,NEW DELHI,30014.87,2016-08-13,122316,1500.0,32.0,31-40,1,One-Time Customer
T124008,C4218655,1987-02-19,F,NEW DELHI,184700.49,2016-06-08,203802,610.0,29.0,21-30,1,One-Time Customer
T653657,C2795341,1983-12-01,M,BANGALORE,54417.53,2016-08-28,212422,84.0,33.0,31-40,1,One-Time Customer
T215388,C3553846,1985-10-05,M,ULHASNAGAR,2584.39,2016-08-08,173706,701.61,31.0,31-40,1,One-Time Customer
T1034161,C4344067,,M,SHARJAH,863740.39,2016-09-13,53959,25.0,,,1,One-Time Customer
T126411,C4721450,1978-07-01,M,SIGNAL SION E MUMBAI,154192.98,2016-06-08,213352,1504.0,38.0,31-40,1,One-Time Customer
T576233,C2514933,1987-06-29,M,CHENNAI,10453.99,2016-08-22,123057,70.0,29.0,21-30,1,One-Time Customer
T590141,C6220352,,F,VADODARA,43078.22,2016-08-27,204334,254.36,,,1,One-Time Customer
T443841,C1134259,,M,GURGAON,258480.19,2016-08-16,151303,1380.9,,,1,One-Time Customer
T549844,C8995832,,M,CRAWFORD MARKET MUMBAI,160659.65,2016-08-23,114108,2230.36,,,1,One-Time Customer
T1040168,C3723843,,M,CUTTACK,13372.75,2016-09-18,110948,458.0,,,1,One-Time Customer
T94303,C6539332,1985-05-15,M,TIRUVALLA,7349.55,2016-01-08,140448,1711.0,31.0,31-40,1,One-Time Customer
T803146,C5521150,1992-09-19,M,NOIDA,2198.82,2016-05-09,175710,144.0,24.0,21-30,1,One-Time Customer
T111567,C2228972,1988-10-26,F,EZHUMATTOOR,4579.19,2016-06-08,103930,3210.0,28.0,21-30,1,One-Time Customer
T336392,C7626279,1977-06-14,M,LUCKNOW,17458.53,2016-08-15,185202,2099.48,39.0,31-40,1,One-Time Customer
T856251,C5741638,,M,GHAZIABAD,2789454.49,2016-09-09,212855,2970.0,,,1,One-Time Customer
T19165,C2030790,,M,MUMBAI,324902.92,2016-09-26,152230,2641.0,,,1,One-Time Customer
T1026947,C3426322,,M,DELHI,76455.35,2016-09-13,105014,5000.0,,,2,Occasional Customer
T436844,C3831549,1989-12-24,M,MOHALI,373068.23,2016-08-17,233321,395.0,27.0,21-30,2,Occasional Customer
T745009,C3339584,,F,BILASPUR,191087.97,2016-01-09,233554,581.0,,,1,One-Time Customer
T399912,C6129390,1988-07-02,M,NOIDA,5602.69,2016-08-18,132230,500.0,28.0,21-30,1,One-Time Customer
T524876,C1010655,1991-06-08,M,MEERUT,45856.24,2016-08-24,132144,712.0,25.0,21-30,1,One-Time Customer
T550711,C2411382,1977-12-17,F,GURGAON,299.33,2016-08-23,192405,1090.0,39.0,31-40,1,One-Time Customer
T271722,C3523451,1981-04-15,M,BIJNOR,126767.93,2016-12-08,213749,208.0,36.0,31-40,1,One-Time Customer
T20760,C7211575,1995-02-22,F,PATNA,51814.1,2016-09-23,190751,396.0,22.0,21-30,1,One-Time Customer
T899390,C4252488,1990-08-09,F,HYDERABAD,57838.87,2016-12-09,173550,1000.0,26.0,21-30,1,One-Time Customer
T747174,C6842890,1994-01-30,M,DELHI,123806.62,2016-02-09,232409,325.0,22.0,21-30,1,One-Time Customer
T424139,C2930845,1987-05-04,M,REWARI,124609.82,2016-08-17,162544,367.25,29.0,21-30,1,One-Time Customer
T984819,C2838074,1984-01-05,M,MUMBAI,1522.49,2016-09-15,5945,340.0,33.0,31-40,4,Occasional Customer
T1047547,C5452750,1987-09-09,M,DELHI,83.56,2016-09-18,193556,1579.0,29.0,21-30,1,One-Time Customer
T614911,C7339258,,M,HOSPITAL BEHIND COIMBATORE,92597.62,2016-08-26,112635,100.0,,,2,Occasional Customer
T147299,C1611342,1992-03-30,F,DELHI,4779.48,2016-05-08,134800,105.62,24.0,21-30,1,One-Time Customer
T487122,C2028970,1986-11-06,M,DELHI,74.99,2016-08-20,92654,97.0,30.0,21-30,2,Occasional Customer
T1019347,C6317022,1993-06-20,F,GREATER NOIDA,1.99,2016-09-14,213945,30.0,23.0,21-30,1,One-Time Customer
T354955,C3734761,1991-12-09,M,ROPAR,1892.42,2016-08-14,161037,2535.0,25.0,21-30,1,One-Time Customer
T727982,C5532259,1978-09-15,M,SION (E) MUMBAI,15895.14,2016-02-09,122122,297.0,37.0,31-40,2,Occasional Customer
T884050,C2419242,1984-12-06,M,SONIPAT,18031.39,2016-08-09,220706,176.0,32.0,31-40,1,One-Time Customer
T340674,C8542713,1982-05-31,M,SURAT,44981.72,2016-08-15,203809,468.09,34.0,31-40,2,Occasional Customer
T442017,C9090538,1992-05-27,M,CHENNAI,58.89,2016-08-16,143215,100.0,24.0,21-30,1,One-Time Customer
T938351,C7830539,1983-09-02,M,INDORE,73368.03,2016-11-09,193559,198.0,33.0,31-40,3,Occasional Customer
T245898,C6823848,1990-11-11,F,MUMBAI,9950.15,2016-12-08,4856,1139.0,26.0,21-30,1,One-Time Customer
T25333,C8163812,1982-07-29,M,BANGALORE,12218.53,2016-09-26,165230,265.0,34.0,31-40,1,One-Time Customer
T787941,C7137724,1989-08-13,F,JALANDHAR,40945.39,2016-06-09,94549,50.0,27.0,21-30,2,Occasional Customer
T577863,C4627032,1979-10-22,M,GURGAON,266621.06,2016-08-27,171009,1500.0,37.0,31-40,1,One-Time Customer
T268553,C2434976,,M,BANGALORE,22618.88,2016-12-08,125503,60.0,,,2,Occasional Customer
T1016577,C6827592,1979-12-26,M,PUNE,1.62,2016-09-13,211020,3900.0,37.0,31-40,2,Occasional Customer
T616111,C6726129,1990-10-09,F,GURGAON,682.65,2016-08-26,53738,1330.0,26.0,21-30,1,One-Time Customer
T176519,C8119021,,M,NEW DELHI,104601.71,2016-09-08,105131,3516.0,,,2,Occasional Customer
T434047,C5689284,,M,BADDI,3049.42,2016-08-16,94646,21.0,,,1,One-Time Customer
T148117,C7488964,1984-03-18,M,VAPI,6515.32,2016-05-08,191844,100.0,32.0,31-40,1,One-Time Customer
T1032340,C4422158,1977-10-11,F,DEHRADUN,17178.27,2016-09-18,171556,2297.0,39.0,31-40,2,Occasional Customer
T674389,C4595656,,M,LUDHIANA,2498.73,2016-08-31,173859,1000.0,,,1,One-Time Customer
T699877,C3211872,1988-10-11,M,VASHI  NAVI MUMBAI,2.88,2016-08-30,92349,200.0,28.0,21-30,1,One-Time Customer
T1002144,C1142182,1993-06-23,M,ANDHERI (W) MUMBAI,395.49,2016-09-14,124143,20.0,23.0,21-30,1,One-Time Customer
T79179,C1537092,1980-09-05,M,NALGONDA (DIST),867.62,2016-02-08,202005,1000.0,35.0,31-40,1,One-Time Customer
T668034,C1116754,,M,GHAZIABAD,89633.04,2016-08-28,132521,1600.0,,,1,One-Time Customer
T172176,C6635091,,M,NEW DELHI,2625795.19,2016-04-08,193200,573.0,,,1,One-Time Customer
T993666,C3354462,1983-08-21,M,MANGALORE,56810.02,2016-09-15,213830,1400.0,33.0,31-40,1,One-Time Customer
T680687,C6131822,1986-09-29,M,BANGALORE,57623.01,2016-08-28,110320,280.0,30.0,21-30,1,One-Time Customer
T1042420,C4628087,1993-05-30,M,NASHIK,32730.71,2016-09-18,132609,650.0,23.0,21-30,1,One-Time Customer
T59193,C2024245,1984-09-24,M,DARJEELING,175399.16,2016-03-08,215406,150.0,31.0,31-40,2,Occasional Customer
T1038185,C5831054,1988-10-24,F,NOIDA,31016.15,2016-09-18,135233,200.0,28.0,21-30,1,One-Time Customer
T53817,C5916631,1993-01-31,M,SURAT,2317.77,2016-03-08,185057,100.0,23.0,21-30,1,One-Time Customer
T798464,C2351318,,M,MUMBAI,34689.6,2016-05-09,171608,7147.29,,,1,One-Time Customer
T412414,C2512618,1983-06-12,M,BRAMPTON,3905118.13,2016-08-18,191309,1883.22,33.0,31-40,2,Occasional Customer
T646711,C3225357,1992-08-05,F,DELHI,27046.34,2016-08-29,33935,147.0,24.0,21-30,1,One-Time Customer
T463819,C5225081,1993-11-12,M,BANGALORE,227655.32,2016-08-21,165847,97.61,23.0,21-30,1,One-Time Customer
T988498,C3738542,1976-08-03,M,UJJAIN,1565.17,2016-09-15,193422,200.0,40.0,31-40,1,One-Time Customer
T238095,C5135719,1994-01-01,M,PEN,4364.94,2016-07-08,195312,88.0,23.0,21-30,2,Occasional Customer
T201554,C2519876,1983-08-01,F,CHENNAI,51139.0,2016-09-08,214100,230.0,33.0,31-40,2,Occasional Customer
T711041,C3334356,1991-02-08,M,PUNE,100.1,2016-03-09,171919,399.0,25.0,21-30,1,One-Time Customer
T950323,C9025280,1984-11-12,F,MUMBAI,147524.65,2016-11-09,231554,2000.0,32.0,31-40,1,One-Time Customer
T1020342,C2490465,1992-05-21,F,SILIGURI,1830.56,2016-09-13,174303,799.0,24.0,21-30,1,One-Time Customer
T350615,C5358620,1985-07-18,M,QUEPEM GA,28440.57,2016-08-14,112624,1136.0,31.0,31-40,1,One-Time Customer
T269733,C6720589,1987-05-08,M,MUMBAI,961933.33,2016-12-08,222103,279.0,30.0,21-30,1,One-Time Customer
T958563,C1431326,1981-08-08,M,INDORE,31843.01,2016-10-09,200404,600.0,35.0,31-40,1,One-Time Customer
T686193,C1531135,,M,GREATER NOIDA,18824.47,2016-08-30,161904,3874.05,,,1,One-Time Customer
T86074,C7633674,1978-04-12,M,BANKURA,39089.93,2016-01-08,103033,1000.0,38.0,31-40,2,Occasional Customer
T802576,C6723265,1988-07-20,M,GURGAON,33253.07,2016-05-09,205102,222.0,28.0,21-30,1,One-Time Customer
T398814,C5130383,1990-05-19,M,NANJANGUD,37657.11,2016-08-18,81049,28.0,26.0,21-30,2,Occasional Customer
T1033120,C7211512,1986-06-08,M,MUMBAI,1045.01,2016-09-18,170021,1349.0,30.0,21-30,1,One-Time Customer
T462559,C1018572,,F,MUMBAI,50276.97,2016-08-16,234008,121.0,,,1,One-Time Customer
T515543,C3517589,1979-08-25,F,AMRITSAR,9475.75,2016-08-19,163238,987.0,37.0,31-40,3,Occasional Customer
T127660,C6630859,,M,HYDERABAD,72470.38,2016-06-08,234040,6000.0,,,1,One-Time Customer
T92948,C9031815,1986-10-02,M,JAIPUR,22110.5,2016-09-22,162033,874.0,30.0,21-30,1,One-Time Customer
T540629,C3314366,1989-02-07,M,BANGALORE,113358.2,2016-08-24,191231,123.14,28.0,21-30,1,One-Time Customer
T808771,C8633880,,M,LUCKNOW,11623.27,2016-04-09,132835,14.95,,,1,One-Time Customer
T810395,C6142646,,M,BANGALORE,1282730.27,2016-05-09,193636,300.0,,,2,Occasional Customer
T77736,C7025332,1984-11-13,M,BHAWANI SHANKAR MUMBAI,13503.67,2016-02-08,194201,940.0,31.0,31-40,1,One-Time Customer
T463368,C5837653,1986-07-23,M,MUMBAI,87152.98,2016-08-21,120742,100.0,30.0,21-30,4,Occasional Customer
T734939,C4329135,1988-08-30,F,MUMBAI,31323.82,2016-02-09,161627,360.0,27.0,21-30,1,One-Time Customer
T255080,C2527349,1988-01-18,M,GURGAON,433969.89,2016-12-08,81530,500.0,29.0,21-30,1,One-Time Customer
T103190,C7826975,,M,MUMBAI,81172.67,2016-01-08,201509,600.0,,,1,One-Time Customer
T319284,C2410283,1987-02-22,F,GHAZIABAD,685.28,2016-10-08,200701,700.0,30.0,21-30,1,One-Time Customer
T151373,C1176415,1978-02-10,F,MUMBAI,13616.67,2016-05-08,220731,527.0,38.0,31-40,1,One-Time Customer
T459876,C3723944,1984-05-16,M,VADODARA,55606.84,2016-08-21,112640,1278.0,32.0,31-40,2,Occasional Customer
T648323,C5010931,,M,NORWICH,343702.89,2016-08-25,140026,4880.0,,,1,One-Time Customer
T768401,C1471423,1991-03-16,M,GURGAON,31434.55,2016-06-09,210912,1324.0,25.0,21-30,1,One-Time Customer
T945946,C5637242,1988-06-29,M,MOHALI,6297.06,2016-11-09,213625,436.0,28.0,21-30,1,One-Time Customer
T816116,C3528854,1980-08-15,M,GHAZIABAD,58076.59,2016-04-09,195841,90.0,36.0,31-40,1,One-Time Customer
T426297,C8210030,1989-01-19,F,PUNE,83.66,2016-08-17,182704,1600.0,28.0,21-30,1,One-Time Customer
T739769,C1899033,1994-09-12,F,ROAD ANDHERI (W) MUMBAI,276854.36,2016-02-09,192702,166.93,21.0,21-30,1,One-Time Customer
T34211,C6094623,1994-09-03,M,REWARI,11766.81,2016-09-25,190545,95.0,22.0,21-30,1,One-Time Customer
T3727,C2119663,1991-11-10,M,NOIDA,659.55,2016-10-21,171358,2990.0,25.0,21-30,2,Occasional Customer
T470244,C6925057,,M,DEHRADUN,10364.26,2016-08-21,190952,49.25,,,3,Occasional Customer
T239728,C2221160,1990-07-09,M,COIMBATORE,39093.13,2016-07-08,165557,2925.0,26.0,21-30,1,One-Time Customer
T755709,C6566380,1977-04-02,M,BANGALORE,193477.86,2016-01-09,183519,399.0,39.0,31-40,1,One-Time Customer
T122969,C3410019,1988-09-19,M,DELHI,1.73,2016-06-08,190135,1299.0,28.0,21-30,1,One-Time Customer
T178507,C2333450,1987-09-18,M,GUNTUR,63596.45,2016-04-08,213858,146.88,29.0,21-30,1,One-Time Customer
T910468,C3158290,1982-06-07,M,CHANDIGARH,4982.23,2016-12-09,95848,179.0,35.0,31-40,1,One-Time Customer
T108582,C8388936,1989-10-28,M,LUDHIANA,4066.44,2016-06-08,192629,100.0,27.0,21-30,1,One-Time Customer
T676763,C5317821,1988-07-04,F,DELHI,562742.03,2016-08-28,182047,201.0,28.0,21-30,1,One-Time Customer
T705166,C6355175,,M,MUMBAI,5437138.29,2016-08-30,153230,630.0,,,1,One-Time Customer
T580956,C2831169,1982-02-21,M,PUNE,84.11,2016-08-27,130516,1284.0,35.0,31-40,1,One-Time Customer
T120195,C1229125,1980-04-18,M,KANNUR,0.0,2016-06-08,185824,490.0,36.0,31-40,1,One-Time Customer
T31330,C1711692,1993-01-21,F,PANIPAT,49203.61,2016-09-26,135548,250.0,24.0,21-30,1,One-Time Customer
T281568,C6526425,1979-02-23,M,DELHI,45151.08,2016-11-08,152154,100.0,38.0,31-40,2,Occasional Customer
T17597,C5854178,1988-09-25,M,MEERUT,2773.65,2016-09-26,181123,964.0,28.0,21-30,1,One-Time Customer
T218260,C7811626,1998-01-16,M,MUMBAI,537735.68,2016-08-08,185913,2460.5,19.0,18-20,1,One-Time Customer
T504047,C2629453,1993-08-15,M,PUNE,124726.02,2016-08-19,130635,93.0,23.0,21-30,2,Occasional Customer
T305967,C3618559,1983-07-20,M,BAMBOLIM,11994.51,2016-10-08,124451,298.0,33.0,31-40,1,One-Time Customer
T1011123,C3922139,1992-04-27,M,HARIDWAR,1231.89,2016-09-13,230842,550.0,24.0,21-30,1,One-Time Customer
T222238,C3867019,1978-07-27,M,DELHI,94695.61,2016-07-08,14938,65.0,38.0,31-40,1,One-Time Customer
T121496,C1124634,1985-01-15,M,MUMBAI,43967.92,2016-06-08,210943,3023.75,31.0,31-40,2,Occasional Customer
T228738,C5910446,1990-06-20,M,LUCKNOW,141726.79,2016-08-08,221903,2550.0,26.0,21-30,1,One-Time Customer
T286899,C4788211,1990-03-12,M,NEW DELHI,13677.82,2016-11-08,151839,301.0,27.0,21-30,1,One-Time Customer
T614856,C2112950,,F,MUMBAI,84098.47,2016-08-26,104709,33952.6,,,1,One-Time Customer
T19821,C5715081,1985-05-27,M,THANE WEST,38008.91,2016-09-26,203324,1692.0,31.0,31-40,1,One-Time Customer
T383223,C7242855,1988-06-26,F,CHANDIGARH,51761.63,2016-08-13,154009,1499.0,28.0,21-30,3,Occasional Customer
T886878,C4916176,1993-06-29,F,NAGPUR,13269.0,2016-07-09,202029,50.0,23.0,21-30,1,One-Time Customer
T434156,C4333870,,F,KOLKATA,14164.67,2016-08-17,211748,300.0,,,1,One-Time Customer
T959524,C3728684,1979-09-20,F,NEW DELHI,3433.13,2016-10-09,175520,322.0,37.0,31-40,2,Occasional Customer
T826531,C1663657,1989-09-14,F,LUCKNOW,19297.99,2016-04-09,183142,2200.0,27.0,21-30,2,Occasional Customer
T460028,C3026535,1980-10-07,F,SECUNDERABAD,31802.6,2016-08-21,113329,1675.0,36.0,31-40,1,One-Time Customer
T982376,C2741524,1995-07-12,M,THANE (W),998.59,2016-09-15,123001,222.0,21.0,21-30,1,One-Time Customer
T176488,C5969825,,M,MUMBAI,14213.27,2016-09-08,102050,1500.0,,,1,One-Time Customer
T823407,C1815672,1990-10-05,M,BANGALORE,40277.13,2016-04-09,135125,1240.0,26.0,21-30,1,One-Time Customer
T336658,C2541736,1992-04-14,M,BANGALORE,43.24,2016-08-15,221040,4991.0,24.0,21-30,1,One-Time Customer
T376472,C8145930,1991-06-20,M,RUDRAPUR,9501.75,2016-08-13,101422,20.0,25.0,21-30,1,One-Time Customer
T945610,C5029837,1987-01-10,M,NAGAR MUMBAI,9007.6,2016-10-09,220845,1026.0,30.0,21-30,1,One-Time Customer
T624794,C6423570,1990-06-04,M,NOIDA,21289.31,2016-08-29,191117,1000.0,26.0,21-30,1,One-Time Customer
T595002,C8819742,,M,BHINMAL,13452.65,2016-08-27,224310,179.0,,,1,One-Time Customer
T257353,C3433676,1979-11-12,M,NOIDA SEC 77,126281.78,2016-12-08,114205,147.0,37.0,31-40,2,Occasional Customer
T465920,C4724328,1987-01-04,M,KOLKATA,4274.31,2016-08-21,174121,100.0,30.0,21-30,1,One-Time Customer
T318598,C2911040,1986-07-23,M,THANE,98925.54,2016-08-15,1455,5549.0,30.0,21-30,1,One-Time Customer
T210027,C7913047,,M,BANGALORE,856.73,2016-03-09,133507,2000.0,,,1,One-Time Customer
T218924,C7522772,1986-10-22,M,MUMBAI,2255.75,2016-07-08,10617,465.0,30.0,21-30,2,Occasional Customer
T524016,C1628041,1992-06-14,M,BOKARO,178.76,2016-08-19,204951,100.0,24.0,21-30,1,One-Time Customer
T499805,C8940655,1992-10-01,M,DELHI,92476.65,2016-08-20,214409,1008.08,24.0,21-30,2,Occasional Customer
T652392,C3638492,,M,KOLKATA,8666.23,2016-08-28,214939,830.0,,,5,Occasional Customer
T308537,C7940054,1984-11-13,F,MUMBAI,181141.88,2016-10-08,184309,1795.0,32.0,31-40,1,One-Time Customer
T347164,C2810058,1985-08-30,M,DELHI,58558.32,2016-08-14,33956,1009.75,31.0,31-40,2,Occasional Customer
T440490,C2230416,1986-04-12,M,AHMEDABAD,34788.97,2016-08-16,91302,50.0,30.0,21-30,1,One-Time Customer
T694089,C1132491,1985-04-24,M,MUMBAI,5257.67,2016-08-31,205644,1570.0,31.0,31-40,1,One-Time Customer
T592367,C1210240,1995-03-10,M,SAHARANPUR,298.88,2016-08-27,212614,23.5,21.0,21-30,1,One-Time Customer
T881318,C7032973,1993-06-13,M,PURI DISTRICT,20313.42,2016-07-09,211240,98.0,23.0,21-30,1,One-Time Customer
T1010565,C1630769,1995-12-17,M,CHENNAI,7464.96,2016-09-13,213937,197.0,21.0,21-30,1,One-Time Customer
T469618,C2325827,1990-09-06,M,PUNE,2132.5,2016-08-21,144331,327.0,26.0,21-30,2,Occasional Customer
T716617,C2274132,1983-04-30,M,NOIDA,101632.38,2016-03-09,184939,259.0,33.0,31-40,1,One-Time Customer
T761028,C4132339,1994-08-21,F,MUMBAI,215470.82,2016-01-09,161630,3810.0,21.0,21-30,2,Occasional Customer
T498817,C4924263,1983-12-12,M,THANE,17262.26,2016-08-19,82431,500.0,33.0,31-40,1,One-Time Customer
T703285,C8617359,1986-10-08,M,JAMSHEDPUR,0.89,2016-08-30,154134,110.0,30.0,21-30,1,One-Time Customer
T874509,C1840719,1986-12-04,F,HYDERABAD,63558.69,2016-08-09,201300,250.0,30.0,21-30,3,Occasional Customer
T334269,C8827374,1992-08-17,F,SECUNDERABAD,7998.42,2016-08-15,194828,43.0,24.0,21-30,1,One-Time Customer
T186873,C6912036,,M,PANIPAT,64593.97,2016-09-08,161351,5231.0,,,1,One-Time Customer
T134336,C7929678,1976-02-13,F,MUMBAI,26710.74,2016-06-08,221116,6626.8,40.0,31-40,2,Occasional Customer
T516801,C6111216,,M,KOLKATA,27567.88,2016-08-24,70345,248.0,,,1,One-Time Customer
T634572,C7112427,,F,DELHI,442102.13,2016-08-29,123349,5100.0,,,1,One-Time Customer
T527288,C5131866,1980-02-10,M,BANGALORE,139.23,2016-08-24,145121,5000.0,37.0,31-40,1,One-Time Customer
T987108,C1818340,1990-03-24,F,KOLKATA,9427.3,2016-09-15,85938,200.0,26.0,21-30,1,One-Time Customer
T410277,C7926027,1990-10-13,M,NEW DELHI,3138.44,2016-08-18,201314,200.0,26.0,21-30,2,Occasional Customer
T503827,C7626113,,M,SAI TEMPLE ROAD BANGALORE,699040.89,2016-08-19,152323,4180.0,,,2,Occasional Customer
T82938,C8133021,,M,THANE,51588.06,2016-01-08,121716,100.0,,,2,Occasional Customer
T622093,C6826321,,M,NAWANSHAHR,5438.9,2016-08-25,182632,5300.0,,,1,One-Time Customer
T842518,C1114772,1995-10-06,M,TIRUVARUR,5.36,2016-09-09,131443,200.0,21.0,21-30,1,One-Time Customer
T977982,C6629581,1979-09-07,M,KASHIPUR,2316307.0,2016-09-15,163901,3297.0,37.0,31-40,2,Occasional Customer
T322344,C1293763,1987-09-23,M,CHHATARPUR,37800.82,2016-08-15,134838,439.43,29.0,21-30,1,One-Time Customer
T1034584,C1623067,1991-06-14,F,STOP BANGALORE,255317.32,2016-09-18,161506,488.0,25.0,21-30,1,One-Time Customer
T644731,C2342883,,F,HYDERABAD,84945.08,2016-08-25,154425,699.0,,,1,One-Time Customer
T258341,C3926711,1993-11-30,M,KOTTAYAM,57053.7,2016-12-08,123710,680.0,23.0,21-30,1,One-Time Customer
T146989,C6026960,1994-03-03,F,VISAKHAPATNAM,3469.86,2016-05-08,155946,2038.0,22.0,21-30,1,One-Time Customer
T193968,C5319375,1994-09-25,M,FARIDABAD,27979.35,2016-09-08,203941,272.0,22.0,21-30,2,Occasional Customer
T532108,C5435416,1993-10-07,M,VARANASI,14.69,2016-08-24,204112,272.29,23.0,21-30,1,One-Time Customer
T633656,C1318030,1989-10-07,M,HYDERABAD,12185.79,2016-08-29,134509,60.0,27.0,21-30,1,One-Time Customer
T106395,C2824041,1982-04-27,M,BANGALORE,74982.05,2016-06-08,145422,880.0,34.0,31-40,2,Occasional Customer
T100870,C1718283,1990-05-30,M,BANGALORE,12567.3,2016-01-08,183923,25.0,26.0,21-30,1,One-Time Customer
T694008,C7025358,1987-04-06,M,KHAMMAM,37703.19,2016-08-31,204822,360.0,29.0,21-30,2,Occasional Customer
T451833,C4928828,1990-10-25,M,RAJKOT,118174.11,2016-08-16,194944,475.0,26.0,21-30,1,One-Time Customer
T593978,C8824582,1993-02-15,M,NOIDA,208246.9,2016-08-26,150524,590.0,24.0,21-30,1,One-Time Customer
T931309,C8225889,1993-05-14,M,MUMBAI,18179.91,2016-11-09,144345,575.0,23.0,21-30,1,One-Time Customer
T861186,C2440179,1991-01-02,M,BHOPAL,131.99,2016-08-09,104542,3000.0,26.0,21-30,3,Occasional Customer
T391448,C7716339,,M,CHENNAI,442986.57,2016-08-13,203706,750.0,,,1,One-Time Customer
T339054,C4424517,1992-07-02,F,CACHAR,7189.32,2016-08-14,65628,200.0,24.0,21-30,1,One-Time Customer
T427503,C6939288,,M,THORAIPAKKAM CHENNAI,1026.31,2016-08-17,164030,5400.0,,,2,Occasional Customer
T999781,C7721451,1983-07-15,M,DELHI,21103.19,2016-09-14,141648,690.0,33.0,31-40,1,One-Time Customer
T22038,C1615320,1989-01-13,M,INDORE,18432.03,2016-09-23,204732,200.0,28.0,21-30,3,Occasional Customer
T383341,C1920763,1994-04-08,M,PUDUCHERRY,11279.5,2016-08-13,151518,1250.0,22.0,21-30,1,One-Time Customer
T461655,C5075571,1980-06-28,M,NAVI MUMBAI,16054.16,2016-08-16,174456,276.0,36.0,31-40,1,One-Time Customer
T292557,C2721564,1978-10-06,F,NOIDA,489758.67,2016-11-08,175916,828.0,38.0,31-40,1,One-Time Customer
T320158,C6720827,1985-05-22,M,JALPAIGURI,3165.98,2016-08-15,114714,300.0,31.0,31-40,1,One-Time Customer
T190065,C7323427,1993-11-19,F,INDORE,1586.55,2016-09-08,170641,249.0,23.0,21-30,2,Occasional Customer
T369754,C3513633,1987-10-12,M,NOIDA,21504.73,2016-08-13,55108,20.0,29.0,21-30,1,One-Time Customer
T920792,C1535753,1991-11-13,M,ROURKELA,10982.13,2016-12-09,220518,30.0,25.0,21-30,2,Occasional Customer
T982778,C3335567,1992-11-25,F,DELHI,5934.77,2016-09-15,180513,50.0,24.0,21-30,1,One-Time Customer
T314389,C2426739,1992-04-22,M,BANGALORE,1785.3,2016-10-08,223137,98.0,24.0,21-30,1,One-Time Customer
T339646,C1037329,1993-03-01,F,ENMAKAJE,10481.5,2016-08-15,195347,211.0,23.0,21-30,1,One-Time Customer
T717174,C2123417,1981-07-19,M,MUMBAI,29273.29,2016-03-09,194828,122.0,35.0,31-40,1,One-Time Customer
T1044311,C5429243,1976-08-01,M,CHANDIGARH,99165.25,2016-09-18,110705,326.49,40.0,31-40,1,One-Time Customer
T457515,C4825382,,M,MUMBAI,3743220.4,2016-08-21,113027,1652.0,,,1,One-Time Customer
T45844,C6940063,1987-05-24,F,MUMBAI,173170.52,2016-03-08,110226,222.0,29.0,21-30,1,One-Time Customer
T932809,C6833027,1990-08-25,F,DELHI,27219.68,2016-11-09,173725,250.0,26.0,21-30,1,One-Time Customer
T930224,C1713844,1976-11-19,M,GHAZIABAD,85599.96,2016-11-09,141530,300.0,40.0,31-40,1,One-Time Customer
T472103,C7018911,1990-08-30,F,PUNE,229.74,2016-08-21,161013,190.0,26.0,21-30,2,Occasional Customer
T113900,C4950657,1984-11-03,F,BANGALORE,41.19,2016-06-08,142926,215.0,32.0,31-40,1,One-Time Customer
T360093,C5324170,1985-04-22,M,NOIDA,13975.15,2016-08-14,165844,5341.6,31.0,31-40,2,Occasional Customer
T411175,C6945385,1989-03-05,F,NEW DELHI,139.4,2016-08-18,200458,1520.0,27.0,21-30,1,One-Time Customer
T988302,C3235792,1995-04-17,M,DELHI,1.14,2016-09-15,231155,50.0,21.0,21-30,2,Occasional Customer
T931409,C9040888,,M,NEW DELHI,354488.47,2016-11-09,113617,1510.0,,,1,One-Time Customer
T853300,C3115565,1991-02-03,F,AMRITSAR,3010.1,2016-09-09,224156,63.0,26.0,21-30,1,One-Time Customer
T667547,C2787176,1978-02-13,M,NOIDA,27919.71,2016-08-31,101029,1500.0,39.0,31-40,1,One-Time Customer
T847647,C2941383,1979-03-12,M,GHAZIABAD,24220.56,2016-09-09,84644,1000.0,37.0,31-40,2,Occasional Customer
T961591,C7637941,1990-01-18,M,DELHI,23.98,2016-10-09,180350,710.0,27.0,21-30,2,Occasional Customer
T980299,C7448518,1984-07-06,M,BANGALORE,54.91,2016-09-15,123854,3006.0,32.0,31-40,1,One-Time Customer
T363339,C8742580,1989-04-25,M,CHINCHWAD PUNE,24605.84,2016-08-14,224209,335.0,27.0,21-30,1,One-Time Customer
T600866,C9010885,,M,DELHI,21913.8,2016-08-25,92519,7000.0,,,1,One-Time Customer
T217728,C4317648,1990-06-20,M,HYDERABAD,5983.34,2016-08-08,191309,18105.0,26.0,21-30,2,Occasional Customer
T716063,C7557972,1989-11-09,M,MUMBAI,29717.81,2016-03-09,193421,500.0,26.0,21-30,1,One-Time Customer
T670460,C1316771,1991-01-04,F,DELHI,12726.39,2016-08-31,93149,50.0,26.0,21-30,1,One-Time Customer
T574184,C6239140,1977-07-13,M,DELHI,80402.18,2016-08-22,180522,1500.0,39.0,31-40,1,One-Time Customer
T198241,C7431978,1987-07-13,F,KULLU,135406.67,2016-09-08,220328,47.0,29.0,21-30,2,Occasional Customer
T847574,C6316487,,M,DELHI,35207.22,2016-09-09,121500,944.19,,,2,Occasional Customer
T373339,C5188724,1985-06-29,M,ALWAR,18938.84,2016-08-13,73320,130.0,31.0,31-40,1,One-Time Customer
T1045745,C1234748,1994-02-01,M,HANUMANGARH,113.58,2016-09-18,14429,20.0,23.0,21-30,1,One-Time Customer
T359614,C2712933,,F,BANGALORE,62919.55,2016-08-14,195945,3891.0,,,1,One-Time Customer
T784097,C2095057,1996-03-06,M,UDAYARPALAIYAM,677.93,2016-06-09,120119,50.0,20.0,18-20,1,One-Time Customer
T508252,C4029592,,M,CHENNAI,15554.06,2016-08-19,110756,610.0,,,1,One-Time Customer
T546491,C3329956,1983-06-14,M,BANGALORE,10616.61,2016-08-23,73745,1103.0,33.0,31-40,1,One-Time Customer
T190342,C7330038,1992-08-09,M,ULHASNAGAR,2080.3,2016-09-08,190719,250.0,24.0,21-30,1,One-Time Customer
T34610,C2221481,1985-03-05,M,PALAKKAD,17915.56,2016-09-26,92218,464.0,32.0,31-40,2,Occasional Customer
T613523,C1435386,1996-01-01,M,BANGALORE,4968.88,2016-08-25,64144,20.0,21.0,21-30,1,One-Time Customer
T716481,C3734867,1984-05-03,M,BILASPUR,99202.18,2016-03-09,193831,800.0,32.0,31-40,1,One-Time Customer
T430068,C4828528,,M,TALEIGAO,10673.12,2016-08-17,194925,1369.0,,,1,One-Time Customer
T360782,C2425013,1985-02-10,F,INDORE,22993.79,2016-08-14,184233,675.0,32.0,31-40,2,Occasional Customer
T793473,C4056543,,M,NEW DELHI,1055799.07,2016-05-09,123836,779.5,,,1,One-Time Customer
T80779,C3627349,1992-05-22,M,GOA,36102.2,2016-01-08,124108,600.0,24.0,21-30,2,Occasional Customer
T1035717,C6417347,1990-01-26,M,KOLKATA,99184.4,2016-09-18,170048,106.0,27.0,21-30,1,One-Time Customer
T143000,C8138782,1985-09-15,M,MUMBAI,1493702.18,2016-05-08,142018,151.0,31.0,31-40,2,Occasional Customer
T671312,C2729627,1987-02-24,M,BURDWAN,33178.94,2016-08-28,185300,393.0,30.0,21-30,2,Occasional Customer
T466229,C4552792,1988-04-16,F,BANGALORE,117356.25,2016-08-21,131740,150.0,28.0,21-30,1,One-Time Customer
T364391,C3524568,1982-08-19,F,SIGNAL SION (E) MUMBAI,778965.38,2016-08-14,220757,745.0,34.0,31-40,1,One-Time Customer
T887755,C6521887,,M,NR TV9 OFFICE MUMBAI,23059.7,2016-07-09,195815,650.0,,,1,One-Time Customer
T554300,C4813915,1985-03-03,M,CHENNAI,19111.18,2016-08-24,164754,100.0,31.0,31-40,3,Occasional Customer
T990943,C8638945,1993-12-15,F,ABOVE TOTAL SUPER STORE BANGALORE,5717.46,2016-09-14,100701,50.0,23.0,21-30,1,One-Time Customer
T430785,C3737353,1982-07-02,M,NEW DELHI,1856.55,2016-08-17,185507,220.0,34.0,31-40,1,One-Time Customer
T846632,C6818563,1992-11-09,M,KOTA,17585.76,2016-09-09,111409,50.0,24.0,21-30,1,One-Time Customer
T457186,C3059635,1992-07-21,M,NOIDA,18742.03,2016-08-16,203809,20.0,24.0,21-30,1,One-Time Customer
T471630,C8214069,,F,DELHI,813054.5,2016-08-21,151109,100.0,,,1,One-Time Customer
T182113,C8617977,1986-04-02,M,REWARI,2336.75,2016-09-08,103015,463.0,30.0,21-30,1,One-Time Customer
T513269,C3923219,,M,GURGAON,27706.84,2016-08-19,194327,1380.0,,,3,Occasional Customer
T634503,C5240748,1986-12-04,F,HYDERABAD,63558.69,2016-08-29,204054,300.0,30.0,21-30,1,One-Time Customer
T156180,C4034534,1980-09-18,F,BANGALORE,737268.83,2016-03-09,160353,1691.0,35.0,31-40,2,Occasional Customer
T95717,C8636983,1977-11-19,M,DELHI,1511.69,2016-01-08,142010,400.0,38.0,31-40,1,One-Time Customer
T995956,C2832031,1985-11-19,M,HYDERABAD,803.36,2016-09-15,210010,240.0,31.0,31-40,1,One-Time Customer
T269022,C5612442,,M,BANGALORE,8666.76,2016-12-08,213456,200.0,,,1,One-Time Customer
T950714,C7947749,1989-06-18,M,DELHI,3983.24,2016-11-09,231021,275.0,27.0,21-30,1,One-Time Customer
T842632,C6314966,1996-08-03,F,FATEHGARH SAHIB,488.75,2016-09-09,144959,97.0,20.0,18-20,3,Occasional Customer
T986624,C6027973,1983-07-04,M,AMBALA,5366.19,2016-09-15,203328,97.0,33.0,31-40,2,Occasional Customer
T977159,C5318953,,F,LUDHIANA,14141.65,2016-09-15,120251,5678.78,,,1,One-Time Customer
T321056,C1829488,1980-01-06,M,NEW DELHI,9770.87,2016-10-08,205841,366.0,37.0,31-40,1,One-Time Customer
T197840,C7711049,1983-12-16,M,KANPUR,19398.56,2016-09-08,214307,30.0,33.0,31-40,1,One-Time Customer
T947138,C7410586,1976-05-09,F,PATIALA,71964.27,2016-10-09,90022,20943.02,40.0,31-40,3,Occasional Customer
T704767,C5744233,,M,NEW DELHI,222673.95,2016-08-31,161736,255.0,,,1,One-Time Customer
T874391,C1938139,1993-05-31,F,HYDERABAD,17377.46,2016-08-09,185735,29.0,23.0,21-30,1,One-Time Customer
T281759,C6711482,1988-10-25,M,PILANI,14042.19,2016-11-08,151725,121.0,28.0,21-30,2,Occasional Customer
T677343,C1839163,1989-09-03,M,SHIMLA,128.1,2016-08-28,193902,30.0,27.0,21-30,2,Occasional Customer
T438885,C4533882,1985-02-13,F,GURGAON,12662.98,2016-08-16,42134,200.0,32.0,31-40,1,One-Time Customer
T344223,C6330758,1992-01-31,F,AMRITSAR,224.16,2016-08-14,34959,58.0,25.0,21-30,1,One-Time Customer
T798686,C1611149,,M,FARIDABAD,5294.18,2016-05-09,161927,368.0,,,1,One-Time Customer
T564111,C8123111,1991-06-04,M,RUDRAPUR,8100.05,2016-08-27,102318,700.0,25.0,21-30,2,Occasional Customer
T728426,C4822414,1982-10-25,M,DUBAI,1127892.55,2016-02-09,144017,10487.0,33.0,31-40,1,One-Time Customer
T376101,C6922433,1976-07-14,F,CHENNAI,110.88,2016-08-13,142011,1322.0,40.0,31-40,1,One-Time Customer
T353863,C5788367,1998-07-03,M,BASTI,1551.02,2016-08-14,143835,65.0,18.0,18-20,1,One-Time Customer
T24468,C5826863,1986-07-22,M,GREATER NOIDA,843.56,2016-09-27,155543,240.0,30.0,21-30,1,One-Time Customer
T707315,C1529117,1988-06-08,M,MUMBAI,56.37,2016-08-31,160422,100.0,28.0,21-30,1,One-Time Customer
T12453,C1415722,,M,SAS NAGAR,1703.72,2016-09-22,22525,151.05,,,1,One-Time Customer
T759902,C4033768,1992-05-26,M,DELHI,27.7,2016-01-09,165141,350.0,24.0,21-30,1,One-Time Customer
T171026,C5241227,1991-07-14,M,GHAZIABAD,8348.11,2016-04-08,121653,100.0,25.0,21-30,1,One-Time Customer
T278241,C3622855,1989-03-13,M,MOHALI,4449.61,2016-11-08,90748,50.0,28.0,21-30,1,One-Time Customer
T898844,C2222362,1982-02-18,M,NAVI MUMBAI,13945.64,2016-07-09,133101,423.0,34.0,31-40,1,One-Time Customer
T801195,C8265787,1983-07-28,M,BANGALORE,28624.99,2016-05-09,172103,38.55,33.0,31-40,1,One-Time Customer
T966727,C1016471,1978-10-18,F,PUNE CITY WANOWARIE PUNE,18421.6,2016-10-09,161243,2300.0,38.0,31-40,1,One-Time Customer
T797048,C1416322,1985-12-20,M,HYDERABAD,31865.14,2016-05-09,135044,2258.67,30.0,21-30,3,Occasional Customer
T699419,C5532040,1985-03-31,M,MUMBAI,12297.02,2016-08-30,165616,57.0,31.0,31-40,1,One-Time Customer
T120805,C1523181,1991-09-20,M,KOCHI,2.69,2016-06-08,153854,98.0,25.0,21-30,1,One-Time Customer
T570626,C7923667,1983-06-15,M,SHAMLI,8112.0,2016-08-27,1022,39.0,33.0,31-40,1,One-Time Customer
T930932,C4529553,1992-04-12,F,AHMEDABAD,116030.66,2016-11-09,105231,60.0,25.0,21-30,1,One-Time Customer
T30675,C5770588,1983-12-07,M,GREATER NOIDA,16365.47,2016-09-25,194434,1700.0,33.0,31-40,1,One-Time Customer
T743060,C3231735,1993-09-21,M,KOLKATA,10823.9,2016-02-09,190324,3000.0,22.0,21-30,2,Occasional Customer
T1020263,C6920061,1989-04-27,F,DELHI,9237.9,2016-09-13,212358,350.0,27.0,21-30,1,One-Time Customer
T1022142,C2617525,1994-07-26,M,DELHI,94254.54,2016-09-13,181400,167.0,22.0,21-30,1,One-Time Customer
T619874,C7322636,1990-10-09,F,KOLHAPUR,47881.9,2016-08-26,145314,1020.65,26.0,21-30,1,One-Time Customer
T762015,C2822765,1989-05-09,M,GURGAON,473840.29,2016-01-09,125855,1378.86,27.0,21-30,1,One-Time Customer
T137604,C5627282,1986-05-08,M,DELHI,400230.28,2016-05-08,144528,1724.41,30.0,21-30,2,Occasional Customer
T599602,C6026990,1977-06-26,M,CUTTACK,69322.73,2016-08-27,192417,710.0,39.0,31-40,1,One-Time Customer
T552878,C8028981,1984-05-15,M,CHENNAI,14446.76,2016-08-24,160437,361.0,32.0,31-40,1,One-Time Customer
T772354,C1725674,1993-03-18,M,GUNTUR,1369.51,2016-06-09,202258,40.0,23.0,21-30,1,One-Time Customer
T514548,C5020943,,M,NOIDA,27615.33,2016-08-24,14755,2599.0,,,2,Occasional Customer
T119299,C5715626,1991-11-21,M,GURGAON,22624.41,2016-06-08,145451,240.0,25.0,21-30,5,Occasional Customer
T975173,C2516688,1998-11-10,M,AHMEDABAD,13.65,2016-09-15,144825,279.74,18.0,18-20,1,One-Time Customer
T773561,C2126792,1984-01-19,M,MUMBAI,33542.07,2016-06-09,203143,700.0,32.0,31-40,1,One-Time Customer
T1033878,C1415311,1990-02-19,M,NEW DELHI,266724.1,2016-09-13,80802,1000.0,27.0,21-30,2,Occasional Customer
T790840,C6530384,1994-01-01,M,GODDA,13968.07,2016-05-09,85805,102.0,22.0,21-30,1,One-Time Customer
T485724,C5013211,1989-02-22,M,GURGAON,15406.19,2016-08-20,71357,249.0,27.0,21-30,1,One-Time Customer
T913408,C3133461,1983-12-23,M,DELHI,307628.28,2016-12-09,102052,2000.0,33.0,31-40,1,One-Time Customer
T204642,C3728876,1994-05-01,M,PATNA,5567.94,2016-08-08,74929,2167.0,22.0,21-30,2,Occasional Customer
T789158,C4617178,1979-09-10,M,PUNE,8390.73,2016-05-09,30632,149.5,37.0,31-40,1,One-Time Customer
T281856,C6530556,,M,CHANDIGARH,6436.07,2016-11-08,123301,1000.0,,,1,One-Time Customer
T439940,C1312515,,F,JAIPUR,21935.65,2016-08-16,120449,6256.48,,,2,Occasional Customer
T746540,C4582447,1984-07-13,M,GURGAON,43081.08,2016-01-09,212641,542.3,31.0,31-40,1,One-Time Customer
T538726,C3712978,1994-10-24,M,MUMBAI,19419.98,2016-08-24,182433,30.0,22.0,21-30,1,One-Time Customer
T565596,C5122520,,M,MUMBAI,438214.4,2016-08-27,102407,0.0,,,2,Occasional Customer
T1045689,C8025474,1988-05-16,M,NEW DELHI,61.33,2016-09-18,130829,500.0,28.0,21-30,1,One-Time Customer
T334101,C8542825,1980-09-03,F,THIRUVANNAMALAI,18922.31,2016-08-15,140337,793.0,36.0,31-40,1,One-Time Customer
T150447,C7742870,,M,MEERUT,5603.84,2016-05-08,185645,300.0,,,1,One-Time Customer
T257730,C1336122,1985-05-24,M,BULDHANA,111575.9,2016-12-08,113604,1000.0,32.0,31-40,1,One-Time Customer
T814154,C3530267,1984-06-25,M,GUWAHATI,5753.64,2016-04-09,194413,1790.0,32.0,31-40,2,Occasional Customer
T146565,C5721918,1992-11-16,M,JUNAGADH,80798.93,2016-05-08,152000,140.0,23.0,21-30,1,One-Time Customer
T58496,C6011577,1989-10-14,F,BANGALORE,10662.67,2016-03-08,202500,141.0,26.0,21-30,1,One-Time Customer
T769393,C8836192,1992-10-10,M,WEST MUMBAI,119.38,2016-01-09,51944,50.0,23.0,21-30,1,One-Time Customer
T364205,C5118939,,M,SCHOOL CHENNAI,18085.19,2016-08-14,191203,950.0,,,1,One-Time Customer
T48074,C1738748,1985-09-15,M,MUMBAI,1493702.18,2016-03-08,131919,174.0,30.0,21-30,1,One-Time Customer
T567240,C3912511,1990-02-08,M,DHANBAD,55186.21,2016-08-22,180926,485.0,27.0,21-30,1,One-Time Customer
T124943,C4127460,1996-10-25,M,MUMBAI,10701.76,2016-06-08,215843,76.0,20.0,18-20,3,Occasional Customer
T801628,C3839121,1977-07-13,M,DELHI,80402.18,2016-05-09,221219,1500.0,39.0,31-40,2,Occasional Customer
T358922,C2025069,1977-04-13,F,SAHAKARA NAGAR BANGALORE,36227.38,2016-08-14,205908,527.0,39.0,31-40,1,One-Time Customer
T66104,C3235575,1990-10-29,M,BATHINDA,7292.19,2016-02-08,125459,1200.0,25.0,21-30,1,One-Time Customer
T301415,C8930315,1992-10-07,M,SAMBHAL,5072.67,2016-10-08,104249,50.0,24.0,21-30,4,Occasional Customer
T282514,C3123042,1988-12-24,M,BANGALORE,232.03,2016-11-08,152452,1050.0,28.0,21-30,2,Occasional Customer
T368537,C6812724,,F,NEW DELHI,74286.57,2016-08-13,93000,1800.7,,,2,Occasional Customer
T637639,C4710984,1988-10-11,M,SAKINAKA ANDHERI E MUMBAI,17965.89,2016-08-29,113444,8912.0,28.0,21-30,1,One-Time Customer
T679585,C3238448,1992-03-11,M,DELHI,162724.57,2016-08-29,233512,259.0,24.0,21-30,1,One-Time Customer
T959762,C8036265,1991-09-16,M,GORAKHPUR,1427.99,2016-10-09,175148,253.0,25.0,21-30,1,One-Time Customer
T215635,C2460772,,M,DELHI,7673.84,2016-08-08,104755,1570.0,,,1,One-Time Customer
T679156,C6225890,1992-04-12,F,ROAD VARTHUR HOBLI BANGALORE,373.69,2016-08-28,1516,251.0,24.0,21-30,1,One-Time Customer
T836352,C7421128,1979-10-19,F,GHAZIABAD,106214.13,2016-04-09,103633,615.17,36.0,31-40,2,Occasional Customer
T1020468,C7314462,1989-07-08,F,THANE,12069.87,2016-09-13,191012,134.0,27.0,21-30,1,One-Time Customer
T17238,C5730534,1983-01-08,M,BHOPAL,276763.95,2016-09-26,213158,80.0,34.0,31-40,1,One-Time Customer
T878965,C7434315,1988-10-04,M,BANGALORE,9737.0,2016-08-09,225733,100.0,28.0,21-30,1,One-Time Customer
T422500,C4625730,1980-01-06,M,NASHIK,45.71,2016-08-17,114847,10.0,37.0,31-40,1,One-Time Customer
T457118,C5334859,,M,BANGALORE,45348.2,2016-08-21,115118,1000.0,,,1,One-Time Customer
T865349,C4332444,1986-08-20,F,NOIDA,11645.65,2016-08-09,133458,453.0,30.0,21-30,3,Occasional Customer
T62175,C3974548,1985-08-14,M,BANGALORE,8.7,2016-02-08,80259,200.0,30.0,21-30,1,One-Time Customer
T58994,C4714790,1989-05-29,M,LUCKNOW,83092.45,2016-03-08,202755,1000.0,27.0,21-30,2,Occasional Customer
T455706,C7454961,1991-12-17,M,KOLAR,16156.96,2016-08-16,184108,20.0,25.0,21-30,1,One-Time Customer
T634877,C3031146,,M,NEW DELHI,118604.68,2016-08-29,102419,10000.0,,,1,One-Time Customer
T176407,C1120665,1987-10-22,M,NEW DELHI,4962.24,2016-04-08,230851,184.0,28.0,21-30,1,One-Time Customer
T307822,C1216823,1988-03-31,M,NEW DELHI,5138.1,2016-10-08,180622,500.0,29.0,21-30,1,One-Time Customer
T533554,C7629025,,F,DELHI,7459.42,2016-08-23,143243,600.0,,,1,One-Time Customer
T638139,C6424481,1982-10-04,M,MOHALI,3321603.4,2016-08-25,225335,910.0,34.0,31-40,2,Occasional Customer
T13652,C1710470,1980-12-25,M,NEW DELHI,79926.78,2016-09-22,120150,20000.0,36.0,31-40,2,Occasional Customer
T916104,C6613626,1979-10-13,M,SAHARANPUR,5816.78,2016-12-09,184307,50.0,37.0,31-40,3,Occasional Customer
T528497,C4331873,1994-04-04,M,JAIPUR,9826.16,2016-08-24,113406,49.0,22.0,21-30,2,Occasional Customer
T14292,C8141379,1985-04-04,F,CHIKKABALLAPUR DIST,85952.86,2016-09-26,192328,862.5,31.0,31-40,1,One-Time Customer
T673135,C5491638,1985-04-03,F,GURGAON,240959.75,2016-08-28,184521,6208.0,31.0,31-40,1,One-Time Customer
T498923,C1213064,1978-06-16,M,THANE,15250.29,2016-08-20,210527,302.0,38.0,31-40,1,One-Time Customer
T501547,C6413537,1991-05-25,M,BANGALORE,28637.17,2016-08-19,121356,8925.0,25.0,21-30,1,One-Time Customer
T254988,C2126073,1994-01-25,M,MUMBAI,11012.42,2016-12-08,134427,350.0,23.0,21-30,1,One-Time Customer
T435213,C1319923,1989-04-08,M,NEW DELHI,278652.44,2016-08-17,210531,389.0,27.0,21-30,1,One-Time Customer
T319706,C3988319,1998-07-03,M,BASTI,1551.02,2016-10-08,203037,115.0,18.0,18-20,1,One-Time Customer
T980703,C6424858,,,AHMEDABAD,44974.13,2016-09-15,120824,10000.0,,,1,One-Time Customer
T409303,C6578451,,F,MUMBAI,23077.24,2016-08-18,213744,160.0,,,1,One-Time Customer
T831124,C6325382,,M,NEW DELHI,1629378.7,2016-04-09,130728,1978.95,,,1,One-Time Customer
T517950,C3727522,1993-05-21,F,DELHI,651.92,2016-08-19,165138,995.0,23.0,21-30,2,Occasional Customer
T592102,C3513545,,M,CHENNAI,139710.09,2016-08-25,154359,2000.0,,,1,One-Time Customer
T440344,C8116262,1981-11-19,F,MUMBAI,471880.62,2016-08-16,142435,1093.0,35.0,31-40,1,One-Time Customer
T545706,C4216168,1991-03-13,F,JAMSHEDPUR,344.03,2016-08-24,173708,500.0,25.0,21-30,1,One-Time Customer
T948493,C4526539,1987-01-06,M,THANE,40924.39,2016-10-09,212319,605.0,30.0,21-30,2,Occasional Customer
T861844,C6789691,1986-04-26,F,MUMBAI,1617.95,2016-08-09,120841,367.2,30.0,21-30,1,One-Time Customer
T215454,C3011376,1992-06-19,M,NERUL NODE-3 THANE NAVI MUMBAI,3787.55,2016-08-08,163237,1878.05,24.0,21-30,1,One-Time Customer
T854890,C3923663,,M,THANE,8453.03,2016-09-09,205959,200.0,,,1,One-Time Customer
T45456,C4819556,1991-10-03,M,INDORE,30.26,2016-03-08,115434,160.0,24.0,21-30,2,Occasional Customer
T490991,C6421820,1992-04-14,F,KANGRA,3865.92,2016-08-20,141653,50.0,24.0,21-30,1,One-Time Customer
T93235,C3740374,1990-07-28,M,BANGALORE,10203.64,2016-09-22,140210,182.0,26.0,21-30,1,One-Time Customer
T392410,C7535926,,M,CHANDIGARH,66612.38,2016-08-18,91100,3034.32,,,1,One-Time Customer
T689400,C4819343,,M,MUMBAI,30056.71,2016-08-30,190610,1.0,,,2,Occasional Customer
T381976,C1041611,1990-07-26,M,DELHI,8173.79,2016-08-13,154521,606.9,26.0,21-30,1,One-Time Customer
T958607,C6641623,1987-01-19,F,MUMBAI,11361.62,2016-10-09,195146,805.0,30.0,21-30,1,One-Time Customer
T838215,C6682822,1991-02-02,F,HYDERABAD,481.6,2016-09-09,171533,20.0,26.0,21-30,1,One-Time Customer
T576931,C4922729,1991-08-24,M,MUMBAI,83906.1,2016-08-22,130846,1570.0,25.0,21-30,3,Occasional Customer
T22417,C2618414,,M,BANGALORE,51871.54,2016-09-23,120939,13116.0,,,1,One-Time Customer
T332454,C8329960,1985-05-17,F,ZONE WHITEFIELD BANGALORE,36724.28,2016-08-15,151856,2094.0,31.0,31-40,2,Occasional Customer
T2723,C1642951,1986-10-07,M,VARANASI,14303.91,2016-10-21,155743,25.0,30.0,21-30,1,One-Time Customer
T934869,C6937768,1993-12-03,M,GORAKHPUR,6229.67,2016-11-09,140506,35.0,23.0,21-30,1,One-Time Customer
T46922,C7846934,1994-02-05,F,CHENNAI,26.55,2016-03-08,113207,250.0,22.0,21-30,1,One-Time Customer
T739887,C7433518,1976-05-29,M,GURGAON,51400.57,2016-02-09,212401,2617.0,40.0,31-40,2,Occasional Customer
T147157,C5927221,,F,CHENNAI,7641.82,2016-05-08,200806,1052.0,,,1,One-Time Customer
T910978,C2140111,1991-12-25,M,GURGAON,2452.77,2016-12-09,92252,50.0,25.0,21-30,2,Occasional Customer
T932575,C2812173,1976-08-02,M,PUNE,12895.42,2016-11-09,150200,371.0,40.0,31-40,2,Occasional Customer
T532222,C8229136,1981-03-13,M,GURGAON,383.11,2016-08-23,213222,303.0,35.0,31-40,2,Occasional Customer
T667943,C7669088,1983-08-15,M,NEW DELHI,54483.68,2016-08-28,114442,1266.0,33.0,31-40,1,One-Time Customer
T954081,C3524749,1992-03-17,M,PALAKKAD,19779.52,2016-10-09,192337,1887.83,25.0,21-30,3,Occasional Customer
T197441,C4829958,1984-12-26,F,MUMBAI,119047.39,2016-09-08,195924,2490.0,32.0,31-40,1,One-Time Customer
T545681,C5988343,,F,KOLKATA,17361.34,2016-08-23,213731,251.0,,,2,Occasional Customer
T775101,C1212243,1980-05-05,F,KOLKATA,7825.13,2016-06-09,201526,405.0,36.0,31-40,1,One-Time Customer
T776537,C5051475,1989-04-13,F,NEW DELHI,866.06,2016-06-09,193904,190.0,27.0,21-30,1,One-Time Customer
T701624,C5113938,1993-07-07,M,DEHRADUN,31195.46,2016-08-30,1559,1.0,23.0,21-30,1,One-Time Customer
T581305,C1610855,1997-06-11,M,CHANDIGARH,176741.55,2016-08-27,171420,4393.0,19.0,18-20,1,One-Time Customer
T510217,C6127111,1979-12-02,M,NEW DELHI,28446.67,2016-08-19,160521,762.0,37.0,31-40,1,One-Time Customer
T39791,C2019976,1985-02-08,M,AMRITSAR,328.39,2016-09-22,153932,48.0,32.0,31-40,1,One-Time Customer
T21485,C3611668,1989-02-15,F,GHAZIABAD,9493.1,2016-09-23,193318,125.0,28.0,21-30,1,One-Time Customer
T670962,C7518617,1991-04-24,F,NEW DELHI,12779.85,2016-08-31,100635,100.0,25.0,21-30,2,Occasional Customer
T102794,C3439078,,M,MUMBAI,17153.95,2016-01-08,212139,2831.6,,,2,Occasional Customer
T1007113,C2142977,1986-03-02,F,GURGAON,501922.29,2016-09-14,205122,203.0,31.0,31-40,1,One-Time Customer
T1007026,C4216414,1988-04-06,F,STATION SRIRAMPURAM BANGALORE,39267.72,2016-09-14,192052,238.0,28.0,21-30,1,One-Time Customer
T313764,C8711611,,M,BANGALORE,13827.81,2016-10-08,213802,1000.0,,,2,Occasional Customer
T961543,C6511928,,M,DELHI,37361.95,2016-10-09,181147,1051.59,,,1,One-Time Customer
T701864,C5814049,,F,KOLKATA,45224.62,2016-08-30,122927,340.0,,,2,Occasional Customer
T981594,C8316480,1988-05-05,F,AHMEDABAD,119135.46,2016-09-15,173612,207.08,28.0,21-30,1,One-Time Customer
T656001,C4226530,1977-01-06,M,BANGALORE,6644.96,2016-08-28,172430,2239.39,40.0,31-40,1,One-Time Customer
T438322,C8562241,,M,BANGALORE,24000.05,2016-08-17,220536,500.0,,,1,One-Time Customer
T356396,C3712034,1995-01-06,M,BHARATPUR,6140.06,2016-08-14,174340,358.0,22.0,21-30,1,One-Time Customer
T569985,C5130043,,F,BANGALORE,105078.34,2016-08-27,171111,1495.0,,,4,Occasional Customer
T388195,C8039536,,M,PUNE,120.82,2016-08-13,175440,270.0,,,2,Occasional Customer
T505403,C1529582,1977-09-10,M,MUMBAI,38704.02,2016-08-20,224308,483.0,39.0,31-40,2,Occasional Customer
T137918,C7818065,,M,MOHALI,146831.59,2016-05-08,114506,1200.0,,,1,One-Time Customer
T187416,C5422026,1994-11-16,F,GURGAON,57720.95,2016-09-08,154523,140.0,22.0,21-30,1,One-Time Customer
T726041,C3031543,,F,GURGAON,10320.2,2016-03-09,234142,100.0,,,1,One-Time Customer
T436622,C4710875,1990-09-15,M,PATNA,151.54,2016-08-17,192849,491.0,26.0,21-30,1,One-Time Customer
T161816,C6225523,1988-11-01,F,SUNDARGARH,58251.62,2016-05-08,213747,3878.83,28.0,21-30,1,One-Time Customer
T499364,C6739539,1981-09-14,M,MUMBAI,10487.64,2016-08-20,210625,1834.0,35.0,31-40,1,One-Time Customer
T109898,C6625016,,M,DEHRADUN,10364.26,2016-06-08,64734,1.97,,,1,One-Time Customer
T908960,C6636544,1983-10-20,M,DELHI,583.68,2016-12-09,133136,30.0,33.0,31-40,1,One-Time Customer
T243087,C6820870,1978-04-17,F,MUMBAI,89417.46,2016-12-08,11502,310.0,39.0,31-40,1,One-Time Customer
T599430,C6635428,,M,GHAZIABAD,6507.89,2016-08-25,85327,1000.0,,,2,Occasional Customer
T864568,C5214053,1993-07-21,M,ZIRAKPUR,11729.34,2016-08-09,103344,510.0,23.0,21-30,1,One-Time Customer
T151152,C6333614,1986-06-12,M,KATALAB UTTAR PRADESH LUCKNOW,4761.85,2016-05-08,185207,215.0,30.0,21-30,1,One-Time Customer
T368760,C5730763,1986-04-22,M,MADURAI,30684.95,2016-08-13,104936,399.0,30.0,21-30,1,One-Time Customer
T841918,C1336467,1989-05-08,M,MUMBAI,99861.75,2016-04-09,11658,2420.0,27.0,21-30,2,Occasional Customer
T417049,C6011827,1991-04-01,F,ALIGARH,12105.71,2016-08-17,912,150.0,25.0,21-30,1,One-Time Customer
T981175,C4226244,1982-07-18,M,TRICHY,1253.83,2016-09-15,105832,49.0,34.0,31-40,1,One-Time Customer
T805995,C7014561,1986-06-09,M,MUMBAI,213236.32,2016-04-09,213444,187.0,30.0,21-30,1,One-Time Customer
T222017,C2031046,1986-08-06,M,DOMBIVALI EAST THANE,24861.4,2016-08-08,212618,150.0,30.0,21-30,1,One-Time Customer
T215787,C6315662,1994-08-01,M,ARIYALUR DISTRICT,3478.6,2016-08-08,181858,468.0,22.0,21-30,2,Occasional Customer
T796392,C2924616,1989-09-02,M,AGRA,33136.62,2016-05-09,144457,1050.0,27.0,21-30,1,One-Time Customer
T502056,C4632169,1979-10-31,F,DELHI,156697.87,2016-08-19,122105,4400.0,37.0,31-40,2,Occasional Customer
T1035275,C4036853,1984-05-09,F,NEW DELHI,4933.58,2016-09-18,164140,284.0,32.0,31-40,3,Occasional Customer
T598723,C1826426,1980-10-27,M,MUMBAI,65450.2,2016-08-27,202119,1420.0,36.0,31-40,2,Occasional Customer
T165502,C3214465,1978-11-04,M,DELHI,21836.18,2016-04-08,163555,1000.0,37.0,31-40,2,Occasional Customer
T819090,C2534730,1982-11-18,M,CHENNAI,602.25,2016-04-09,194642,399.0,33.0,31-40,2,Occasional Customer
T242157,C7326058,1979-07-12,M,CHENNAI,14401.16,2016-07-08,154819,1460.0,37.0,31-40,1,One-Time Customer
T629456,C5331676,,M,NOIDA,1129990.31,2016-08-29,152443,2106.0,,,1,One-Time Customer
T850490,C8338541,1977-02-05,M,NASHIK,3663.22,2016-09-09,190452,3681.0,40.0,31-40,1,One-Time Customer
T496600,C7936088,1976-05-13,M,PUNE,54562.27,2016-08-20,161502,2300.0,40.0,31-40,1,One-Time Customer
T839547,C2634757,1985-02-05,M,BANGALORE,38116.34,2016-09-09,171207,810.21,32.0,31-40,1,One-Time Customer
T874710,C9016812,1982-02-27,M,MUMBAI,35991.7,2016-08-09,211352,370.0,34.0,31-40,2,Occasional Customer
T974939,C8413637,1985-05-04,F,THANE,6451.64,2016-10-09,101537,397.0,31.0,31-40,1,One-Time Customer
T442686,C5218776,1993-06-28,M,DOMBIVALI WEST VISHNUNAGAR THANE,71767.91,2016-08-16,122015,10.0,23.0,21-30,1,One-Time Customer
T941117,C7036143,1991-08-15,M,NEW DELHI,3954.79,2016-11-09,192520,500.0,25.0,21-30,1,One-Time Customer
T341399,C1338453,1991-06-30,F,MANDLA,93.08,2016-08-15,202158,3752.55,25.0,21-30,1,One-Time Customer
T566915,C2237081,1988-11-20,F,LUDHIANA,8842.13,2016-08-27,143904,189.0,28.0,21-30,1,One-Time Customer
T174874,C8228667,1988-07-18,M,HYDERABAD,18625.64,2016-04-08,192011,394.0,28.0,21-30,2,Occasional Customer
T92908,C8325487,,M,GHAZIABAD DISTT GHAZIABAD,54959.41,2016-09-22,161421,476.31,,,1,One-Time Customer
T472176,C4728181,1977-03-17,M,NEW DELHI,73.38,2016-08-21,223738,1000.0,39.0,31-40,2,Occasional Customer
T210269,C6720976,,M,COMPOUND BYCULLA MUMBAI,81863.96,2016-03-09,141036,3000.0,,,1,One-Time Customer
T559982,C2637450,1983-06-04,M,CHARODA,1212467.61,2016-08-27,101315,177.0,33.0,31-40,3,Occasional Customer
T12538,C3955754,1988-01-23,M,NORTH 24 PARAGANAS,8314.22,2016-09-25,221717,175.0,29.0,21-30,1,One-Time Customer
T826573,C8117881,1992-12-18,M,GURGAON,2923.45,2016-04-09,143828,200.0,23.0,21-30,1,One-Time Customer
T361785,C8432377,1994-06-22,M,STAGE BANGALORE,280345.78,2016-08-13,3011,1027.76,22.0,21-30,2,Occasional Customer
T728229,C2715967,1982-03-03,M,SRI MUKTSAR SAHIB,493338.46,2016-02-09,142531,120.0,34.0,31-40,1,One-Time Customer
T796168,C1439827,1987-07-15,M,MUMBAI,7567.79,2016-05-09,135312,1000.0,29.0,21-30,2,Occasional Customer
T728101,C7037212,,M,GANDHINAGAR,12911.4,2016-02-09,74827,500.0,,,1,One-Time Customer
T785061,C7228756,1979-05-06,M,FARIDABAD,60198.84,2016-06-09,105801,250.0,37.0,31-40,1,One-Time Customer
T896111,C4217138,1979-12-22,M,NEW DELHI,301604.98,2016-07-09,125952,3559.0,37.0,31-40,1,One-Time Customer
T881419,C7533217,1991-03-26,M,CHENNAI,145566.52,2016-08-09,133830,30.98,25.0,21-30,1,One-Time Customer
T174059,C3029067,1991-02-28,M,KOLKATA,17041.36,2016-04-08,191017,132.0,25.0,21-30,1,One-Time Customer
T900166,C6034031,,F,DHARUHERA,67368.05,2016-12-09,165816,7600.0,,,1,One-Time Customer
T967926,C5421123,1993-10-10,F,VELIM SALCETE,10912.16,2016-10-09,123927,606.9,23.0,21-30,1,One-Time Customer
T348993,C3128972,1990-02-12,F,INDORE,2501.06,2016-08-14,102422,83.0,27.0,21-30,1,One-Time Customer
T81919,C4935412,1980-11-03,F,ZIRAKPUR,250.37,2016-01-08,10207,98.0,35.0,31-40,1,One-Time Customer
T379236,C6816328,1986-04-09,M,PANIPAT,283.89,2016-08-13,130311,200.0,30.0,21-30,3,Occasional Customer
T996953,C1068546,1991-05-11,F,NEW DELHI,14281.11,2016-09-14,73401,50.0,25.0,21-30,1,One-Time Customer
T930165,C3925971,,F,MUMBAI,29.65,2016-11-09,111836,1045.0,,,2,Occasional Customer
T66972,C1923460,1986-03-16,M,DELHI,56.7,2016-02-08,110856,100.0,30.0,21-30,2,Occasional Customer
T664685,C1516437,1991-01-05,M,MUMBAI,1859.36,2016-08-28,172847,1409.0,26.0,21-30,1,One-Time Customer
T574493,C5320750,1984-08-30,F,GURGAON,82260.85,2016-08-22,231013,3838.0,32.0,31-40,2,Occasional Customer
T80382,C3223037,1990-04-21,M,KALYANI NAGAR PUNE,3934.64,2016-02-08,224651,180.0,26.0,21-30,1,One-Time Customer
T735847,C6928457,1988-12-25,M,DELHI,593.57,2016-02-09,153105,869.0,27.0,21-30,1,One-Time Customer
T205651,C7633459,1986-04-16,M,KOLHAPUR,13864.03,2016-08-08,133330,4923.0,30.0,21-30,2,Occasional Customer
T895034,C8114957,1988-04-01,M,NOIDA,9484.74,2016-07-09,114604,210.0,28.0,21-30,1,One-Time Customer
T949762,C5924738,1987-07-12,F,MUMBAI,7604.9,2016-10-09,220500,1050.0,29.0,21-30,1,One-Time Customer
T312590,C8226843,1981-03-05,M,GURGAON,45545.01,2016-10-08,201010,1200.0,36.0,31-40,2,Occasional Customer
T622452,C8020247,1996-05-30,M,NOIDA,67.48,2016-08-29,213006,219.0,20.0,18-20,2,Occasional Customer
T661848,C2593787,1991-11-20,F,DELHI,3280.73,2016-08-31,120159,240.0,25.0,21-30,1,One-Time Customer
T789375,C3469772,1994-11-08,M,K V RANGAREDDY,227.56,2016-05-09,12412,1796.99,22.0,21-30,1,One-Time Customer
T399592,C5132840,1990-09-10,M,SINDHUDURG,3228.86,2016-08-18,113006,99.0,26.0,21-30,2,Occasional Customer
T904197,C4126055,1990-04-20,M,KOLKATA,7454.36,2016-12-09,162453,202.0,27.0,21-30,1,One-Time Customer
T466171,C5423590,1983-07-28,F,NORTH 24 PARGANAS,318150.39,2016-08-21,123421,1080.0,33.0,31-40,1,One-Time Customer
T172285,C2627875,,M,VAISHALI GHAZIABAD,48130.28,2016-09-08,55637,208.0,,,1,One-Time Customer
T797188,C2818650,1979-05-25,M,THANE MUMBAI,16855.12,2016-05-09,113722,445.0,37.0,31-40,1,One-Time Customer
T479518,C8225863,1993-08-15,M,PUNE,3749.62,2016-08-21,203942,11.0,23.0,21-30,1,One-Time Customer
T690263,C7830587,1988-06-17,F,MUMBAI,27881.07,2016-08-30,183059,160.0,28.0,21-30,1,One-Time Customer
T625028,C8236419,1984-09-18,M,NEW DELHI,47718.22,2016-08-25,193632,2000.0,32.0,31-40,1,One-Time Customer
T903485,C8027553,1994-01-16,M,PANCHKULA,15179.58,2016-12-09,162840,222.0,23.0,21-30,3,Occasional Customer
T264045,C5824460,1987-06-08,M,MUMBAI,17921.92,2016-12-08,152454,50.0,30.0,21-30,1,One-Time Customer
T26384,C5625640,1985-07-29,M,BILASPUR,449068.76,2016-09-27,175551,27747.0,31.0,31-40,1,One-Time Customer
T894396,C4942689,1982-12-17,M,MEERUT,128845.63,2016-07-09,132526,6233.0,34.0,31-40,1,One-Time Customer
T1035390,C7825378,1982-06-05,M,HYDERABAD,3122.43,2016-09-13,23759,50.0,34.0,31-40,1,One-Time Customer
T316643,C4016168,,M,NEW DELHI,2930.69,2016-10-08,183959,6210.0,,,1,One-Time Customer
T736110,C2412523,1983-08-10,F,NEW DELHI,415788.23,2016-02-09,180713,450.0,33.0,31-40,1,One-Time Customer
T177677,C7612172,1989-06-29,F,NEW DELHI,686.26,2016-09-08,110720,150.0,27.0,21-30,1,One-Time Customer
T329462,C4816878,1991-03-07,M,CHENNAI,7671.01,2016-08-15,131744,680.0,25.0,21-30,2,Occasional Customer
T455241,C6999816,1994-02-17,M,ANANTAPUR,10934.09,2016-08-16,220205,50.0,22.0,21-30,1,One-Time Customer
T931549,C2539979,1978-03-05,M,COIMBATORE,37627.15,2016-11-09,151830,1721.0,39.0,31-40,1,One-Time Customer
T126206,C8529881,1990-07-23,F,MUMBAI,198744.31,2016-06-08,183514,100.0,26.0,21-30,1,One-Time Customer
T434887,C2481438,1979-07-27,F,MUMBAI,19807.22,2016-08-17,204209,1100.0,37.0,31-40,2,Occasional Customer
T1023120,C6413868,1986-10-07,F,DELHI,31990.76,2016-09-13,191037,1425.0,30.0,21-30,1,One-Time Customer
T49742,C2216746,1991-10-02,F,K V RANGAREDDY,55313.33,2016-03-08,144850,1368.16,24.0,21-30,1,One-Time Customer
T900571,C7977822,1995-08-11,M,KASHIPUR,15677.93,2016-07-09,1543,999.0,21.0,21-30,1,One-Time Customer
T707823,C5616542,1984-04-22,M,NOIDA,53238.98,2016-08-31,181217,549.0,32.0,31-40,1,One-Time Customer
T427587,C2713874,1991-02-22,M,THANE,606.8,2016-08-17,152448,1420.0,25.0,21-30,1,One-Time Customer
T752081,C2634734,1979-06-06,M,BOISAR,67556.54,2016-02-09,220854,885.0,37.0,31-40,1,One-Time Customer
T1036913,C1428481,1976-05-06,M,MUMBAI,7693.17,2016-09-18,155647,371.0,40.0,31-40,2,Occasional Customer
T771263,C4530389,1976-12-03,F,MUMBAI,41205.42,2016-06-09,191853,845.0,40.0,31-40,2,Occasional Customer
T587726,C4925790,1994-07-08,M,BANGALORE,7280.39,2016-08-23,165522,500.0,22.0,21-30,1,One-Time Customer
T211502,C2422068,,F,MUMBAI,52062.92,2016-08-08,133349,831.0,,,1,One-Time Customer
T723048,C4366331,1992-01-08,M,NOIDA,2.92,2016-02-09,411,200.0,24.0,21-30,1,One-Time Customer
T223723,C1941751,1985-01-03,M,MUMBAI,65049.79,2016-08-08,215405,705.0,32.0,31-40,1,One-Time Customer
T250995,C2821957,1992-04-17,F,NAVI MUMBAI,2808.51,2016-12-08,2553,584.0,25.0,21-30,2,Occasional Customer
T476889,C3228475,1996-02-17,F,BANGALORE,22148.31,2016-08-21,193444,153.0,21.0,21-30,1,One-Time Customer
T331129,C2121378,1982-08-25,F,GHAZIABAD,399349.49,2016-08-15,175435,600.0,34.0,31-40,1,One-Time Customer
T427257,C4333123,1991-01-21,F,DELHI,4806.75,2016-08-17,172739,500.0,26.0,21-30,1,One-Time Customer
T310893,C3825390,,M,NEW DELHI,2086.99,2016-10-08,192935,50.0,,,2,Occasional Customer
T847453,C2115311,,M,NOIDA,380094.06,2016-09-09,105839,735.54,,,1,One-Time Customer
T365646,C8975552,,M,KOLKATA,3773.59,2016-08-14,204153,1976.0,,,1,One-Time Customer
T649607,C5723830,1997-10-12,M,KANPUR,1095.78,2016-08-29,2356,10.0,19.0,18-20,1,One-Time Customer
T253343,C1151170,1981-04-22,F,GURGAON,173000.45,2016-12-08,14833,662.0,36.0,31-40,1,One-Time Customer
T824899,C3316148,1979-01-13,M,NAVI MUMBAI,13.19,2016-04-09,135912,475.0,37.0,31-40,1,One-Time Customer
T824718,C7326661,1991-08-22,M,DELHI,12779.46,2016-04-09,165150,1836.0,25.0,21-30,2,Occasional Customer
T575704,C3698230,1993-11-07,F,DELHI,11103.77,2016-08-27,123142,200.0,23.0,21-30,1,One-Time Customer
T775795,C9027750,1991-08-10,M,NEW DELHI,35.82,2016-06-09,191447,76.3,25.0,21-30,1,One-Time Customer
T351713,C6150438,1988-10-21,F,BANGALORE,19523.19,2016-08-14,165021,7267.0,28.0,21-30,1,One-Time Customer
T691743,C7613986,1993-04-16,M,BHINMAL,16866.07,2016-08-31,214253,2766.8,23.0,21-30,1,One-Time Customer
T947396,C2486528,1984-09-07,F,MUMBAI,550850.93,2016-10-09,210555,4575.0,32.0,31-40,2,Occasional Customer
T404347,C5873527,1994-01-14,M,MUMBAI,210613.39,2016-08-18,132028,2718.0,23.0,21-30,1,One-Time Customer
T961373,C8133217,,M,FARIDABAD,30071.04,2016-10-09,181603,4006.0,,,1,One-Time Customer
T956162,C7233362,1991-04-03,F,MUMBAI,56552.18,2016-10-09,181601,790.0,26.0,21-30,1,One-Time Customer
T680257,C6716218,,F,NEW DELHI,1024633.57,2016-08-30,224512,5570.0,,,1,One-Time Customer
T601727,C4437457,1992-08-13,M,GURGAON,10840.2,2016-08-26,204716,758.0,24.0,21-30,1,One-Time Customer
T782372,C8222969,1992-12-16,M,DELHI,13405.8,2016-06-09,133005,4999.0,23.0,21-30,1,One-Time Customer
T178564,C5089381,1979-05-26,M,BANGALORE,501.1,2016-09-08,104943,1338.0,37.0,31-40,1,One-Time Customer
T644919,C2387748,1980-06-15,M,DURG,17382.21,2016-08-25,194721,3550.0,36.0,31-40,1,One-Time Customer
T52279,C4333726,,M,THANE WEST,150750.67,2016-03-08,180625,1984.25,,,1,One-Time Customer
T554891,C3740950,1995-04-11,M,NOIDA,3591.18,2016-08-23,122509,2000.0,21.0,21-30,1,One-Time Customer
T215010,C2340430,1991-03-26,F,PALI HILL BANDRA W MUMBAI,11900.32,2016-08-08,181458,810.0,25.0,21-30,1,One-Time Customer
T532507,C3216255,1993-10-06,M,PANIPAT,45.74,2016-08-22,115,2205.0,23.0,21-30,1,One-Time Customer
T149424,C4228145,,F,NEW DELHI,48967.03,2016-05-08,190443,20000.0,,,1,One-Time Customer
T74001,C2224413,,M,HYDERABAD,24343.5,2016-02-08,175154,1.0,,,3,Occasional Customer
T863031,C7526920,1991-11-05,M,JIND,66614.8,2016-08-09,104415,200.0,25.0,21-30,1,One-Time Customer
T1008103,C2927157,1994-11-15,M,GURGAON,11587.48,2016-09-13,235633,1080.0,22.0,21-30,2,Occasional Customer
T393799,C2526147,1988-12-28,M,GURGAON,7655.17,2016-08-13,193211,120.0,28.0,21-30,2,Occasional Customer
T156872,C4335256,1990-10-04,M,PARK MAHAPE NAVI MUMBAI,3500.56,2016-03-09,152235,625.0,25.0,21-30,1,One-Time Customer
T305587,C5386940,,M,NEW DELHI,37415.97,2016-10-08,125158,1400.0,,,1,One-Time Customer
T312326,C6824351,1986-01-10,M,BANGALORE,61988.41,2016-10-08,201056,119.0,31.0,31-40,2,Occasional Customer
T620996,C8742323,1991-06-11,M,DELHI,36700.23,2016-08-25,164447,744.39,25.0,21-30,1,One-Time Customer
T199113,C2229940,,F,KOLKATA,464300.9,2016-09-08,214249,1000.0,,,1,One-Time Customer
T361212,C4464121,1981-10-16,M,KOLKATA,30928.99,2016-08-14,175455,241.0,35.0,31-40,1,One-Time Customer
T434588,C2536344,1995-09-24,F,SANT RAVIDAS NAGAR,0.19,2016-08-17,213459,10.0,21.0,21-30,1,One-Time Customer
T233460,C8919885,1976-01-24,M,MUMBAI,10622.15,2016-07-08,172753,410.0,40.0,31-40,1,One-Time Customer
T342281,C1134153,1991-06-06,F,BANGALORE,5030.46,2016-08-15,204710,779.0,25.0,21-30,1,One-Time Customer
T516200,C1619964,1988-07-13,F,MUMBAI,3000.14,2016-08-19,170908,2950.0,28.0,21-30,1,One-Time Customer
T726251,C7313620,1990-08-02,M,BAREILLY,112.04,2016-03-09,235750,96.0,26.0,21-30,2,Occasional Customer
T894783,C8112342,1988-01-16,F,THANE,4587.93,2016-07-09,121235,220.0,28.0,21-30,1,One-Time Customer
T627403,C4521576,1994-05-01,M,SONBHADRA,22863.48,2016-08-29,181306,60.0,22.0,21-30,2,Occasional Customer
T932730,C4224154,1981-11-09,F,DELHI,32288.59,2016-11-09,170116,450.0,35.0,31-40,1,One-Time Customer
T582442,C6130915,1981-12-07,M,GURGAON,19966.73,2016-08-22,203653,170.0,35.0,31-40,2,Occasional Customer
T680263,C7728989,1980-05-21,F,JALGAON,53.69,2016-08-30,231723,44.0,36.0,31-40,1,One-Time Customer
T491408,C3133937,1995-12-03,F,KARAMSAD,4845.01,2016-08-20,201104,30.0,21.0,21-30,1,One-Time Customer
T316699,C6919312,1995-12-03,M,INDORE,0.48,2016-08-15,4240,80.0,21.0,21-30,2,Occasional Customer
T417611,C3719466,1981-01-05,M,NEW DELHI,22148.93,2016-08-17,2205,2371.65,36.0,31-40,1,One-Time Customer
T148861,C3628458,1979-02-16,M,LUDHIANA,563135.41,2016-05-08,185146,500.0,37.0,31-40,1,One-Time Customer
T86186,C8128091,1992-02-28,F,NOIDA,33752.74,2016-01-08,90326,95.0,24.0,21-30,1,One-Time Customer
T606990,C3728671,1983-07-15,M,SRIKAKULAM,5546.16,2016-08-25,102905,300.0,33.0,31-40,2,Occasional Customer
T951308,C6739816,1996-07-10,M,DELHI,4647.91,2016-11-09,224600,344.0,20.0,18-20,3,Occasional Customer
T550696,C7641057,,F,PANCHKULA,47638.29,2016-08-23,192817,1512.75,,,2,Occasional Customer
T959463,C6219256,1988-06-11,M,NOIDA,60050.82,2016-10-09,140454,150.0,28.0,21-30,1,One-Time Customer
T990946,C8532790,1980-07-28,M,NOIDA,317537.63,2016-09-14,101905,1000.0,36.0,31-40,1,One-Time Customer
T454918,C1113132,1992-05-02,M,SARAN,3.85,2016-08-16,212909,10.0,24.0,21-30,1,One-Time Customer
T338196,C1826889,1992-10-05,F,GURGAON,4246.24,2016-08-15,190423,100.0,24.0,21-30,1,One-Time Customer
T774687,C1698138,1995-07-02,M,AMRELI,58.59,2016-06-09,204301,155.0,21.0,21-30,1,One-Time Customer
T506972,C5823915,1990-02-18,M,KOTTAYAM,12885.13,2016-08-20,212907,240.56,27.0,21-30,1,One-Time Customer
T373223,C2716225,1979-01-29,F,MUMBAI,44218.56,2016-08-13,115228,1148.0,38.0,31-40,2,Occasional Customer
T892761,C1519440,1986-12-26,M,BANGALORE,10123.33,2016-07-09,143347,350.0,30.0,21-30,1,One-Time Customer
T913799,C6714166,,M,GHAZIABAD,1030.94,2016-12-09,183153,429.49,,,1,One-Time Customer
T913910,C8625618,1978-01-26,M,NEW DELHI,16267.41,2016-12-09,105954,1020.0,39.0,31-40,1,One-Time Customer
T710592,C3531435,1990-07-07,M,AZAMGARH,1329.14,2016-03-09,10726,10.0,26.0,21-30,2,Occasional Customer
T22665,C7731416,,M,NEW DELHI,9427.19,2016-09-23,124235,12943.24,,,2,Occasional Customer
T606443,C2333377,1982-02-12,M,JAIPUR,5683.46,2016-08-25,113933,2528.75,35.0,31-40,1,One-Time Customer
T914032,C5241047,,M,MALLESHWARAM W BANGALORE,981997.89,2016-12-09,141722,60.4,,,2,Occasional Customer
T832750,C2856256,1981-06-03,F,NEW DELHI,272058.12,2016-04-09,102548,1698.0,35.0,31-40,1,One-Time Customer
T94840,C6421846,1988-01-13,F,THANE,103293.77,2016-01-08,132850,225.0,28.0,21-30,1,One-Time Customer
T825825,C7110590,1990-01-14,F,BHARUCH,23870.98,2016-04-09,151848,1899.0,26.0,21-30,1,One-Time Customer
T79884,C4038418,1993-07-23,M,VAPI,13894.64,2016-02-08,145644,247.0,23.0,21-30,1,One-Time Customer
T899801,C3933735,1990-11-14,M,DELHI,23783.09,2016-12-09,171130,50.0,26.0,21-30,1,One-Time Customer
T170427,C9033186,1990-12-11,M,HYDERABAD,1392.75,2016-04-08,181545,390.0,25.0,21-30,1,One-Time Customer
T1040868,C3136967,1986-08-18,M,ADILABAD,42370.97,2016-09-18,130748,286.36,30.0,21-30,1,One-Time Customer
T457966,C3511244,1980-08-29,M,VAN UDYAN MUMBAI,138849.31,2016-08-21,113043,998.0,36.0,31-40,1,One-Time Customer
T884714,C6030523,1977-04-14,M,NEW DELHI,41029.32,2016-07-09,141733,25.5,39.0,31-40,1,One-Time Customer
T760563,C7412135,1990-03-29,M,DELHI,1012.83,2016-01-09,150150,1190.0,26.0,21-30,1,One-Time Customer
T67899,C3772139,1977-02-08,F,GUNTUR,86037.46,2016-02-08,133007,462.65,39.0,31-40,1,One-Time Customer
T821314,C8624568,1993-04-02,M,DELHI,7586.62,2016-04-09,183754,224.0,23.0,21-30,1,One-Time Customer
T987816,C6440415,,M,ROPAR,8013.87,2016-09-15,122846,100.0,,,1,One-Time Customer
T831307,C8737790,1988-11-09,M,TIWRI VASAI EAST,1640.33,2016-04-09,115113,100.0,27.0,21-30,1,One-Time Customer
T1010989,C1318680,,M,LUDHIANA,98.21,2016-09-14,204643,1310.0,,,1,One-Time Customer
T338014,C4626582,,M,GHAZIABAD,13228.75,2016-08-15,213528,224.0,,,1,One-Time Customer
T880935,C1828637,,M,JAIPUR,13252.13,2016-07-09,213138,350.0,,,1,One-Time Customer
T621224,C9027016,1988-06-07,M,KURNOOL,5781.25,2016-08-25,151214,500.0,28.0,21-30,1,One-Time Customer
T910352,C6213818,1986-01-04,M,DELHI,6932.71,2016-12-09,113214,107.24,31.0,31-40,3,Occasional Customer
T517039,C8126361,1994-06-13,M,BANGALORE,6.42,2016-08-24,70808,100.0,22.0,21-30,1,One-Time Customer
T292622,C6731252,1989-03-24,M,NEW DELHI,5574.4,2016-11-08,234534,550.12,28.0,21-30,2,Occasional Customer
T799739,C6428423,1992-10-26,M,JAMUI,15460.58,2016-05-09,162723,147.0,24.0,21-30,1,One-Time Customer
T190757,C2936012,,M,NOIDA,53291.17,2016-09-08,173805,290.0,,,1,One-Time Customer
T542073,C7532129,,M,NEW DELHI,10939.09,2016-08-22,95402,1000.0,,,3,Occasional Customer
T423297,C4115261,1992-06-21,M,NOIDA,30469.01,2016-08-17,90356,20.0,24.0,21-30,1,One-Time Customer
T676301,C5735415,1992-02-25,M,GAUTAM BUDH NAGAR,28550.79,2016-08-31,191018,827.0,25.0,21-30,2,Occasional Customer
T515534,C6236139,,F,BANGALORE,131537.76,2016-08-19,163445,800.0,,,2,Occasional Customer
T453974,C3683883,1989-03-01,M,MUMBAI,2798.03,2016-08-16,183747,100.86,27.0,21-30,1,One-Time Customer
T164352,C7936914,1980-08-22,M,RAJPURA,8730.96,2016-04-08,121051,950.0,36.0,31-40,1,One-Time Customer
T408021,C2927042,,F,DELHI,91265.45,2016-08-18,181235,459.0,,,2,Occasional Customer
T725928,C6126678,1986-11-09,M,NEW DELHI,53079.91,2016-02-09,102204,950.0,29.0,21-30,1,One-Time Customer
T270709,C3240067,1986-05-20,M,PARBHANI,60.8,2016-12-08,220242,100.0,31.0,31-40,1,One-Time Customer
T360465,C5716780,1988-08-30,M,MUMBAI,16841.95,2016-08-14,164846,1165.0,28.0,21-30,1,One-Time Customer
T912535,C1018578,1984-07-31,F,GURGAON,203927.4,2016-12-09,184913,243.0,32.0,31-40,1,One-Time Customer
T199001,C4519220,1993-03-16,M,BANGALORE,31443.84,2016-08-08,4702,140.0,23.0,21-30,2,Occasional Customer
T861854,C8839579,1981-03-15,M,PUNE,23374.7,2016-08-09,95900,1666.0,35.0,31-40,1,One-Time Customer
T1028487,C6024332,1993-12-20,M,KOTRI,5411.38,2016-09-13,114302,300.0,23.0,21-30,2,Occasional Customer
T842702,C2739740,1994-02-18,F,BANGALORE,4941.29,2016-09-09,141321,1082.0,23.0,21-30,1,One-Time Customer
T818796,C6516144,1991-06-27,M,MUMBAI,7573.9,2016-04-09,194204,2991.81,25.0,21-30,1,One-Time Customer
T280081,C8223034,,M,BANGALORE,904980.16,2016-11-08,92326,213.95,,,2,Occasional Customer
T920509,C3229887,1989-08-19,M,CHANDIGARH,1086.66,2016-11-09,91520,390.0,27.0,21-30,1,One-Time Customer
T212022,C2442065,1990-12-03,M,BANGALORE,21340.05,2016-08-08,150351,1299.0,26.0,21-30,1,One-Time Customer
T743275,C2973632,1994-07-22,F,AMARAVATI,6414.02,2016-02-09,212201,50.0,22.0,21-30,1,One-Time Customer
T206038,C7232826,1982-05-03,M,KARNAL,1423.05,2016-08-08,170720,1967.41,34.0,31-40,1,One-Time Customer
T699557,C8135492,1991-01-30,F,DELHI,19786.7,2016-08-30,102908,100.0,26.0,21-30,1,One-Time Customer
T912550,C3722483,1986-01-01,F,DHANBAD,112837.76,2016-12-09,90213,297.0,31.0,31-40,2,Occasional Customer
T964075,C7310612,1988-11-13,M,BURHANPUR,5440.55,2016-10-09,125343,8650.0,28.0,21-30,2,Occasional Customer
T88412,C1515378,1990-01-25,M,PUNE,78.84,2016-01-08,133214,30.0,26.0,21-30,3,Occasional Customer
T503158,C5730645,1993-07-15,F,JALANDHAR,47.42,2016-08-19,102326,196.0,23.0,21-30,3,Occasional Customer
T463911,C3113730,1984-10-19,M,BHIWADI,18466.08,2016-08-21,163554,263.0,32.0,31-40,1,One-Time Customer
T841508,C2727967,1992-04-09,M,MUMBAI,140.15,2016-09-09,174958,293.0,24.0,21-30,1,One-Time Customer
T1005910,C4438061,1992-06-11,F,AHMEDABAD,13229.19,2016-09-14,210048,606.9,24.0,21-30,1,One-Time Customer
T740530,C1914536,1989-03-22,F,GURGAON,54676.08,2016-02-09,195142,110.0,27.0,21-30,2,Occasional Customer
T759979,C2915878,1985-05-03,M,ALWAR,32319.7,2016-01-09,155830,275.0,31.0,31-40,2,Occasional Customer
T561512,C3716542,1993-02-10,F,KOLKATA,449815.5,2016-08-27,102358,2180.47,24.0,21-30,1,One-Time Customer
T10465,C7939876,1994-02-16,M,HOSHIARPUR,10046.77,2016-09-25,221554,47.0,23.0,21-30,2,Occasional Customer
T208905,C8441265,1996-02-25,M,BANGALORE,70.24,2016-03-09,130910,100.0,20.0,18-20,1,One-Time Customer
T144618,C6219190,1991-06-06,M,GANGTOK,9244.6,2016-05-08,162600,30.0,25.0,21-30,1,One-Time Customer
T859583,C6992335,1985-04-23,F,DELHI,102842.16,2016-08-09,100150,510.0,31.0,31-40,1,One-Time Customer
T752092,C6542257,1987-10-06,M,BANGALORE,20217.22,2016-02-09,221009,390.0,28.0,21-30,1,One-Time Customer
T292471,C2418083,1988-02-04,M,PANVEL,33683.88,2016-11-08,185040,50.0,29.0,21-30,1,One-Time Customer
T626655,C3080874,1976-02-25,M,LUDHIANA,135335.05,2016-08-29,194017,235.0,41.0,41-50,1,One-Time Customer
T564442,C5161044,1983-03-06,M,HYDERABAD,35567.73,2016-08-27,153020,1262.91,33.0,31-40,1,One-Time Customer
T180516,C5099864,1996-09-06,M,BANGALORE,96063.46,2016-09-08,40002,400.0,20.0,18-20,1,One-Time Customer
T1015241,C8521232,1993-03-28,M,SIKAR,2992.54,2016-09-13,193722,200.0,23.0,21-30,1,One-Time Customer
T392362,C5651713,1979-10-10,M,MUMBAI,21032.33,2016-08-13,192706,700.0,37.0,31-40,1,One-Time Customer
T380426,C5526219,1990-04-11,M,BANUR,56094.61,2016-08-13,133349,1000.0,26.0,21-30,2,Occasional Customer
T139436,C2736656,1981-03-20,F,CHANDIGARH,6321.66,2016-05-08,151323,194.0,35.0,31-40,2,Occasional Customer
T842315,C4538287,,M,RAIPUR,127279.34,2016-09-09,165424,1935.0,,,1,One-Time Customer
T66400,C7440152,1976-01-01,M,DELHI,54118.75,2016-02-08,121106,1590.53,40.0,31-40,1,One-Time Customer
T1039824,C1023551,1986-12-24,M,NAVIMUMBAI,5941.62,2016-09-18,171413,150.0,30.0,21-30,1,One-Time Customer
T221339,C8231979,1992-09-19,M,BANGALORE,14872.37,2016-08-08,195317,1206.0,24.0,21-30,2,Occasional Customer
T500004,C7128881,,M,PUNE,18581.04,2016-08-20,200820,400.0,,,1,One-Time Customer
T798784,C3949882,,F,CHHINDWARA,42909.8,2016-05-09,170954,798.92,,,1,One-Time Customer
T297613,C2038173,1988-01-25,M,NEW DELHI,61656.77,2016-10-08,62002,67.0,29.0,21-30,2,Occasional Customer
T706543,C5938532,1976-08-03,M,UJJAIN,1565.17,2016-08-31,173001,525.0,40.0,31-40,1,One-Time Customer
T1017402,C5444474,1989-11-13,M,THANE W,221.25,2016-09-13,191621,105.0,27.0,21-30,1,One-Time Customer
T989051,C7019691,1980-02-15,M,GURGAON,235603.79,2016-09-15,224839,12748.0,37.0,31-40,2,Occasional Customer
T720210,C2922958,,M,BHIWANI,74566.61,2016-03-09,215155,50.0,,,1,One-Time Customer
T847533,C3234045,1993-05-28,M,GUNTUR,4338.32,2016-09-09,70025,97.0,23.0,21-30,2,Occasional Customer
T709106,C3624747,1986-10-02,M,GURGAON,14910.49,2016-03-09,246,410.0,29.0,21-30,2,Occasional Customer
T554952,C6235520,1987-11-27,M,EAST GODAVARI,6.96,2016-08-24,155919,100.0,29.0,21-30,1,One-Time Customer
T419826,C3994217,1986-11-21,M,BHAVNAGAR,10238.63,2016-08-17,102203,300.0,30.0,21-30,2,Occasional Customer
T427930,C3121067,,M,NEW DELHI,59991.58,2016-08-17,151303,520.0,,,1,One-Time Customer
T868014,C8021722,,F,GURGAON,28303.42,2016-08-09,150158,2000.0,,,1,One-Time Customer
T496859,C8723865,1980-11-14,F,GHAZIABAD,8663.81,2016-08-20,174442,1599.67,36.0,31-40,1,One-Time Customer
T118796,C4894446,1988-06-24,M,JAIPUR,151201.88,2016-06-08,153003,100.0,28.0,21-30,1,One-Time Customer
T777769,C1830684,1987-11-26,M,BANGALORE,17538.71,2016-06-09,170135,1154.0,29.0,21-30,1,One-Time Customer
T588689,C5313466,1985-08-01,M,CHENNAI,351880.66,2016-08-27,203527,150.0,31.0,31-40,1,One-Time Customer
T476937,C3637455,,M,DELHI,114051.74,2016-08-21,180708,1320.0,,,1,One-Time Customer
T260512,C7180938,1981-02-11,F,GURGAON,6327.57,2016-12-08,141235,352.0,36.0,31-40,1,One-Time Customer
T415096,C1611783,1986-02-02,M,GONDIYA,370.39,2016-08-17,55023,189.0,31.0,31-40,1,One-Time Customer
T508582,C4310136,,M,HYDERABAD,3752.74,2016-08-19,62814,6200.0,,,1,One-Time Customer
T17328,C3525348,1986-01-03,M,GURGAON,577313.02,2016-09-26,161535,11162.0,31.0,31-40,2,Occasional Customer
T97500,C7638973,,M,GREATER NOIDA,16173.29,2016-01-08,171321,6716.88,,,1,One-Time Customer
T431880,C4138592,1985-11-08,F,CHANDIGARH,318772.6,2016-08-17,180938,1698.0,31.0,31-40,2,Occasional Customer
T936516,C5428325,1993-10-08,F,BANGALORE,25810.99,2016-11-09,182454,499.0,23.0,21-30,1,One-Time Customer
T858266,C4314532,1995-07-15,M,BHUJ,481.47,2016-08-09,5252,748.0,21.0,21-30,2,Occasional Customer
T640492,C5128677,1992-08-11,M,DELHI,291353.34,2016-08-25,234019,500.0,24.0,21-30,1,One-Time Customer
T673835,C6219439,1984-04-08,M,MUMBAI,97173.06,2016-08-28,194807,343.0,32.0,31-40,1,One-Time Customer
T335997,C5833214,1985-07-13,M,MANALI,73010.48,2016-08-14,61005,550.0,31.0,31-40,1,One-Time Customer
T3538,C5133213,1988-09-27,M,NOIDA,105922.41,2016-10-21,163226,2250.0,28.0,21-30,2,Occasional Customer
T517706,C7227089,1986-01-03,M,NEW DELHI,170001.01,2016-08-19,180243,478.0,31.0,31-40,1,One-Time Customer
T218760,C4833735,1993-01-15,M,JAMNAGAR,1008.59,2016-08-08,194841,40.0,24.0,21-30,1,One-Time Customer
T101945,C6713130,1985-02-13,M,BANGALORE,617.85,2016-01-08,174300,2000.0,31.0,31-40,1,One-Time Customer
T885749,C1253573,1985-06-24,M,GURGAON,8125.39,2016-07-09,192613,300.0,31.0,31-40,1,One-Time Customer
T998717,C2727145,1982-09-20,M,CHANDIGARH,69289.51,2016-09-14,132953,878.0,34.0,31-40,1,One-Time Customer
T865176,C4546725,1989-10-09,M,NOIDA,46779.95,2016-08-09,135742,550.0,27.0,21-30,1,One-Time Customer
T816649,C6510017,1989-01-05,M,GHAZIABAD,1584.18,2016-04-09,165033,199.0,27.0,21-30,1,One-Time Customer
T324759,C2137371,1989-05-23,M,JHANSI,368.53,2016-08-15,151343,1866.0,27.0,21-30,2,Occasional Customer
T8868,C6541860,1989-11-29,M,DELHI,10497.55,2016-09-25,213746,1883.0,27.0,21-30,1,One-Time Customer
T427715,C4913278,,F,UJJAIN,102837.49,2016-08-17,181119,189.0,,,1,One-Time Customer
T12368,C8023131,1997-03-27,F,DELHI,13145.09,2016-09-27,160659,100.0,20.0,18-20,1,One-Time Customer
T749973,C7738323,1985-10-08,M,GURGAON,84348.94,2016-02-09,222244,1000.0,30.0,21-30,2,Occasional Customer
T95549,C1435671,1980-11-17,M,MUMBAI,42723.91,2016-01-08,132933,658.0,35.0,31-40,2,Occasional Customer
T181146,C4124740,1987-07-12,M,RUPNAGAR,3556.41,2016-09-08,91230,100.0,29.0,21-30,1,One-Time Customer
T798678,C2428946,1989-05-15,F,TRIVANDRUM,13334.94,2016-05-09,180350,500.0,27.0,21-30,1,One-Time Customer
T978838,C6137672,1981-07-15,M,KRISHNAGIRI,22664.61,2016-09-15,130704,158.0,35.0,31-40,2,Occasional Customer
T931229,C3730635,,M,GHAZIABAD,11061.88,2016-11-09,121814,100.0,,,1,One-Time Customer
T525856,C8425945,,M,GURGAON,246918.34,2016-08-19,221340,3315.0,,,1,One-Time Customer
T338853,C1539290,1983-08-18,M,GHAZIABAD,97399.74,2016-08-15,222009,1677.0,33.0,31-40,1,One-Time Customer
T613463,C1679511,,M,DELHI,473358.78,2016-08-26,105921,500.0,,,1,One-Time Customer
T712767,C3817259,1982-07-18,M,NAVI MUMBAI,95844.09,2016-03-09,173017,368.0,34.0,31-40,2,Occasional Customer
T334356,C6242841,1987-10-30,M,ANDHERI EAST MUMBAI,1466.01,2016-08-15,170921,905.0,29.0,21-30,1,One-Time Customer
T361711,C6029029,1986-07-04,M,DELHI,42261.58,2016-08-14,233023,1025.0,30.0,21-30,3,Occasional Customer
T723434,C4815164,1977-12-07,M,BANGALORE,163913.63,2016-03-09,235436,470.0,38.0,31-40,1,One-Time Customer
T627644,C2017383,1977-07-16,M,JAIPUR,92324.95,2016-08-25,173039,325.0,39.0,31-40,1,One-Time Customer
T154381,C8720316,1985-05-22,F,BANGALORE,89293.84,2016-05-08,195651,1759.0,31.0,31-40,3,Occasional Customer
T958232,C4235125,,F,HYDERABAD,280043.19,2016-10-09,210352,299.0,,,1,One-Time Customer
T937699,C2511263,1993-08-09,F,BILASPUR,14688.2,2016-11-09,191217,175.0,23.0,21-30,2,Occasional Customer
T716233,C4118054,1986-12-17,M,BANGALORE,9121.97,2016-03-09,190822,200.0,29.0,21-30,1,One-Time Customer
T839416,C6925340,1989-05-12,M,JAIPUR,94291.85,2016-09-09,154002,189.0,27.0,21-30,1,One-Time Customer
T494903,C4973483,1988-09-08,M,MUMBAI,1756.68,2016-08-20,203956,1376.0,28.0,21-30,1,One-Time Customer
T581192,C5612126,1992-12-31,M,RUDRAPUR,4.45,2016-08-27,122924,18000.0,24.0,21-30,1,One-Time Customer
T388820,C7247332,1985-05-28,M,MUMBAI,82.45,2016-08-13,195248,3397.63,31.0,31-40,1,One-Time Customer
T148813,C5840964,1986-03-14,M,MUMBAI,31155.02,2016-05-08,222222,8250.13,30.0,21-30,2,Occasional Customer
T652632,C5818830,1983-01-21,F,NAVI MUMBAI,6782.27,2016-08-31,120627,2532.89,34.0,31-40,1,One-Time Customer
T118323,C6635037,1984-10-04,M,BANGALORE,556.44,2016-06-08,154948,354.67,32.0,31-40,1,One-Time Customer
T527589,C1223225,1994-03-20,M,PANIPAT,14184.43,2016-08-24,202425,50.0,22.0,21-30,1,One-Time Customer
T137843,C6722034,1989-10-23,F,ZIRAKPUR,549793.59,2016-05-08,143228,1000.0,27.0,21-30,2,Occasional Customer
T28847,C7813248,1991-04-23,M,OSMANABAD,4837.03,2016-09-25,183509,2691.43,25.0,21-30,1,One-Time Customer
T185418,C1526755,1990-12-30,F,FARIDABAD,62209.55,2016-09-08,130750,24.0,26.0,21-30,1,One-Time Customer
T980395,C4873778,1976-12-08,M,MUMBAI,,2016-09-15,122153,200.0,40.0,31-40,1,One-Time Customer
T1020317,C4841515,,M,UNA,23571.53,2016-09-13,170802,2750.0,,,2,Occasional Customer
T137390,C8738477,,M,NEW DELHI,135855.71,2016-05-08,153428,476.0,,,1,One-Time Customer
T747821,C1191534,,F,NOIDA,5458642.14,2016-02-09,232600,1289.0,,,1,One-Time Customer
T985041,C2713616,1980-12-14,F,VADODARA,996350.51,2016-09-15,200924,2689.0,36.0,31-40,3,Occasional Customer
T407505,C2213765,1987-08-12,M,MUMBAI,4370.51,2016-08-18,210522,1000.0,29.0,21-30,1,One-Time Customer
T166586,C3412752,1991-04-16,F,CHENNAI,9150.7,2016-04-08,152724,130.0,25.0,21-30,1,One-Time Customer
T681153,C1941714,,F,MUMBAI,43083.34,2016-08-31,214104,1178.07,,,1,One-Time Customer
T517527,C3037969,1989-04-20,M,THANE,61907.49,2016-08-19,213600,412.97,27.0,21-30,1,One-Time Customer
T119627,C5712669,1991-02-16,M,NEW DELHI,54331.53,2016-06-08,152957,682.52,25.0,21-30,1,One-Time Customer
T123897,C7677544,1977-02-21,M,BANGALORE,91128.31,2016-06-08,175221,315.44,39.0,31-40,1,One-Time Customer
T476562,C1357187,1995-03-24,M,CHENNAI,29241.44,2016-08-20,83013,45.0,21.0,21-30,1,One-Time Customer
T242747,C1410464,1989-04-20,M,MUMBAI,244598.86,2016-07-08,142423,350.0,27.0,21-30,1,One-Time Customer
T23466,C6427749,1992-07-07,M,PUNE,11232.29,2016-09-26,161229,441.0,24.0,21-30,3,Occasional Customer
T75971,C6312615,1980-03-15,M,COIMBATORE,197.58,2016-02-08,184740,499.0,36.0,31-40,1,One-Time Customer
T292290,C6375059,,M,NALAGARH,27138.92,2016-11-08,185842,1616.0,,,1,One-Time Customer
T469168,C4541992,1990-04-14,M,PUNE,36068.01,2016-08-21,131332,299.0,26.0,21-30,1,One-Time Customer
T31328,C2425123,1991-05-17,F,MUMBAI,3135.07,2016-09-26,135514,2150.0,25.0,21-30,1,One-Time Customer
T628021,C6193366,1987-01-12,M,GREATER NOIDA,5934.14,2016-08-29,152140,220.0,30.0,21-30,1,One-Time Customer
T119939,C5922674,1989-09-25,M,MORADABAD,9926.99,2016-06-08,190439,100.0,27.0,21-30,1,One-Time Customer
T82412,C1423682,1992-03-06,F,SOUTH 24 PARGANAS,45675.13,2016-02-08,214146,167.0,24.0,21-30,1,One-Time Customer
T292424,C8424187,1990-05-08,F,NOIDA,2991.59,2016-11-08,211028,99.0,27.0,21-30,1,One-Time Customer
T773947,C1470353,1990-01-10,F,NEW DELHI,6047.18,2016-06-09,191555,2246.5,26.0,21-30,1,One-Time Customer
T40563,C1330383,1987-08-31,F,BHUJKUTCH,190495.68,2016-09-27,202505,1680.0,29.0,21-30,1,One-Time Customer
T146971,C2827073,1985-08-04,F,GURGAON,7676.7,2016-05-08,193819,699.0,31.0,31-40,1,One-Time Customer
T190016,C6428490,,F,NEW DELHI,4651.2,2016-09-08,171105,1800.0,,,1,One-Time Customer
T542587,C4022649,,M,NEW DELHI,70554.95,2016-08-23,213201,1206.0,,,1,One-Time Customer
T506361,C6221134,1993-05-14,M,PATIALA,8341.43,2016-08-19,144535,100.0,23.0,21-30,1,One-Time Customer
T199426,C2411635,,M,NEW DELHI,76243.98,2016-09-08,214842,1307.51,,,1,One-Time Customer
T16248,C3929232,1977-06-15,M,RANCHI,1325597.4,2016-09-26,193429,6669.24,39.0,31-40,2,Occasional Customer
T965991,C6938452,,F,FARIDABAD,287384.32,2016-10-09,122918,4598.0,,,1,One-Time Customer
T279431,C3441056,1988-10-11,F,DAMAN,117964.28,2016-11-08,114917,1008.5,28.0,21-30,1,One-Time Customer
T866852,C6737262,1988-10-15,F,BANGALORE,54843.8,2016-08-09,165213,365.0,28.0,21-30,3,Occasional Customer
T87957,C5740536,1989-03-10,M,KOTA,5119.71,2016-01-08,114124,58.0,27.0,21-30,1,One-Time Customer
T970017,C1718260,1990-05-30,M,BANGALORE,12567.3,2016-10-09,90109,47.0,26.0,21-30,1,One-Time Customer
T591833,C8118057,1993-11-04,M,MUMBAI,22287.92,2016-08-27,221241,1238.0,23.0,21-30,1,One-Time Customer
T686345,C9030346,1985-10-06,M,FIROZABAD,25603.6,2016-08-31,214413,24.0,31.0,31-40,1,One-Time Customer
T135303,C3913768,1993-03-26,M,GURGAON,10340.63,2016-06-08,213723,78.0,23.0,21-30,2,Occasional Customer
T407550,C6437028,1992-10-02,M,DOMBIVALI E THANE,2150.51,2016-08-18,121311,20.0,24.0,21-30,1,One-Time Customer
T790258,C1110741,1992-08-03,M,NEW MUMBAI,453.34,2016-05-09,15221,50.0,24.0,21-30,1,One-Time Customer
T21630,C3038287,1990-01-28,M,SHILLLONG,10677.64,2016-09-23,112315,28.0,27.0,21-30,2,Occasional Customer
T655826,C3726480,1985-07-29,M,KANGRA,7849.88,2016-08-28,213204,1722.35,31.0,31-40,1,One-Time Customer
T902430,C3439924,1990-06-26,M,DODDAMMA MARAMMA TEMPLE BANGALORE,2234.23,2016-07-09,64145,500.0,26.0,21-30,3,Occasional Customer
T438137,C8124930,1985-12-31,F,MUMBAI,31361.3,2016-08-17,221927,1414.0,31.0,31-40,1,One-Time Customer
T34192,C4727768,1991-04-24,M,DELHI,321.13,2016-09-25,194552,658.0,25.0,21-30,1,One-Time Customer
T766108,C3099341,1986-02-03,M,SILIGURI,29017.0,2016-01-09,103638,200.0,30.0,21-30,1,One-Time Customer
T416728,C5939449,1990-09-28,F,MUMBAI,18972.71,2016-08-17,2955,204.0,26.0,21-30,2,Occasional Customer
T760642,C1823053,,F,BANGALORE,96076.2,2016-01-09,164754,2149.0,,,3,Occasional Customer
T225899,C9017268,1994-08-16,M,ADILABAD,17.22,2016-08-08,130223,50.0,22.0,21-30,1,One-Time Customer
T182265,C9032824,1981-03-15,M,BARNALA,6430.79,2016-09-08,94705,606.9,35.0,31-40,1,One-Time Customer
T37207,C1623168,1983-02-19,M,THRISSUR,39410.56,2016-09-30,201206,179.0,34.0,31-40,2,Occasional Customer
T760713,C4428442,1991-02-09,F,KARUR,854.21,2016-01-09,150202,3410.0,25.0,21-30,2,Occasional Customer
T170896,C7729515,1989-01-15,F,GURGAON,28590.48,2016-04-08,191051,1299.0,27.0,21-30,1,One-Time Customer
T537225,C5926829,1976-03-17,M,MUMBAI,43128.99,2016-08-23,205526,3996.0,40.0,31-40,3,Occasional Customer
T688397,C4325734,1986-04-18,M,NANGAL,75006.15,2016-08-30,235903,110.0,30.0,21-30,1,One-Time Customer
T5657,C3836127,1988-07-23,F,NEW DELHI,40935.19,2016-09-22,74304,200.0,28.0,21-30,1,One-Time Customer
T939500,C8931677,,M,GHAZIABAD,82380.93,2016-11-09,190448,1658.0,,,1,One-Time Customer
T821166,C3021446,1990-04-09,M,RANGAREDDI HYDERABAD,1275.3,2016-04-09,165119,199.0,26.0,21-30,4,Occasional Customer
T401809,C7329049,,M,SECUNDERABAD BOLARUM HYDERABAD,44311.65,2016-08-18,95818,2746.0,,,1,One-Time Customer
T853584,C6639768,1993-06-13,M,GURGAON,641.46,2016-09-09,224508,300.0,23.0,21-30,3,Occasional Customer
T505636,C7840120,1982-04-29,M,MUMBAI,30861.81,2016-08-20,220019,3124.0,34.0,31-40,1,One-Time Customer
T768635,C7013258,1991-01-01,M,KHARAR,175.73,2016-01-09,84935,33.0,25.0,21-30,2,Occasional Customer
T360383,C4923920,1977-04-21,F,BANGALORE,814.71,2016-08-14,124418,10.19,39.0,31-40,1,One-Time Customer
T520705,C3823183,1984-07-05,M,GREATER NOIDA,15092.19,2016-08-24,81148,44.0,32.0,31-40,2,Occasional Customer
T929552,C6495432,1992-01-26,F,MUMBAI,19563.33,2016-11-09,160101,2775.0,25.0,21-30,1,One-Time Customer
T455578,C2623664,,M,AHMEDABAD,949076.5,2016-08-16,223135,1000.0,,,2,Occasional Customer
T642057,C4926445,1996-03-06,M,PANCHKULA,7209.14,2016-08-25,204948,363.0,20.0,18-20,1,One-Time Customer
T612305,C1938953,1991-09-30,M,MUMBAI,349.11,2016-08-26,221331,810.0,25.0,21-30,1,One-Time Customer
T858545,C5916583,1988-11-23,M,CHANDIGARH,41860.23,2016-08-09,91648,325.0,28.0,21-30,1,One-Time Customer
T1047322,C2527965,1994-05-11,F,NEW DELHI,19574.64,2016-09-18,190040,385.0,22.0,21-30,1,One-Time Customer
T944933,C4020647,,F,DELHI,70956.09,2016-11-09,210611,526.0,,,1,One-Time Customer
T477930,C6733766,1990-07-29,F,HYDERABAD,5886.35,2016-08-20,95850,30.0,26.0,21-30,2,Occasional Customer
T91266,C1912473,,M,DELHI,32092.3,2016-09-22,143551,5793.0,,,1,One-Time Customer
T384303,C7616115,1985-04-14,M,MUMBAI,954736.95,2016-08-13,160424,1676.07,31.0,31-40,1,One-Time Customer
T664530,C1834375,,M,VIJAYAWADA,11844.21,2016-08-28,163359,2472.0,,,1,One-Time Customer
T403985,C8942671,1987-07-07,M,DOMBIVALI,25896.74,2016-08-18,142230,100.0,29.0,21-30,3,Occasional Customer
T458870,C1255261,1996-08-13,F,DELHI,30109.84,2016-08-21,14948,991.0,20.0,18-20,1,One-Time Customer
T505381,C7038651,1987-06-13,M,CHENNAI,1367.22,2016-08-19,102350,230.0,29.0,21-30,1,One-Time Customer
T988979,C5730858,1980-01-07,M,NOIDA,7568.32,2016-09-15,193650,305.0,37.0,31-40,2,Occasional Customer
T30186,C7218074,1990-11-03,M,NEW DELHI,2866.15,2016-09-25,213942,189.0,26.0,21-30,1,One-Time Customer
T297878,C5324742,1994-10-17,M,NEW DELHI,28.25,2016-11-08,225831,400.0,22.0,21-30,1,One-Time Customer
T945270,C6390333,1990-07-10,M,HYDERABAD,21492.21,2016-11-09,205340,110.0,26.0,21-30,1,One-Time Customer
T813424,C5534839,1990-12-08,F,GURGAON,2155.47,2016-05-09,214212,50.0,25.0,21-30,2,Occasional Customer
T76595,C1739249,1980-10-21,M,SINGAPORE,232573.44,2016-02-08,230640,35466.0,35.0,31-40,1,One-Time Customer
T394684,C1617966,1989-09-05,F,KOLKATA,25388.44,2016-08-13,212149,3800.0,27.0,21-30,2,Occasional Customer
T825864,C2229679,1993-10-27,F,SAMBHAL,58125.63,2016-04-09,135117,299.0,22.0,21-30,1,One-Time Customer
T968007,C6252938,1990-07-01,F,GURGAON,11009.51,2016-10-09,90824,50.0,26.0,21-30,1,One-Time Customer
T989814,C6241066,1989-10-23,F,BALOTRA,6021.72,2016-09-15,85827,500.0,27.0,21-30,1,One-Time Customer
T901162,C2410764,1980-10-04,M,PHURSUNGI PUNE,17499.87,2016-07-09,618,370.0,36.0,31-40,1,One-Time Customer
T261845,C3322721,1983-06-21,M,DAUSA,6991.02,2016-12-08,142947,10000.0,33.0,31-40,1,One-Time Customer
T324038,C4013566,1983-03-18,M,MANALI,18417.56,2016-08-15,92528,809.2,33.0,31-40,1,One-Time Customer
T182695,C7830732,1985-07-05,M,LUCKNOW,88358.86,2016-09-08,121907,10000.0,31.0,31-40,1,One-Time Customer
T432097,C3613261,1985-07-09,M,BANGALORE,7538.44,2016-08-17,193325,154.0,31.0,31-40,1,One-Time Customer
T91382,C3419972,1992-10-31,F,KHAMMAM,6168.81,2016-09-22,131431,29.0,24.0,21-30,1,One-Time Customer
T9373,C5736150,1986-09-02,M,PANCHKULA,6220.12,2016-09-25,203748,680.0,30.0,21-30,2,Occasional Customer
T747924,C6196266,,M,HUBLI,21177.17,2016-02-09,215839,59.0,,,1,One-Time Customer
T195159,C5811583,1987-02-13,F,CHANDAULI,41839.3,2016-08-08,90537,2850.0,29.0,21-30,1,One-Time Customer
T564078,C6342740,1982-02-02,F,ALWAR,537529.71,2016-08-27,163855,10490.0,35.0,31-40,1,One-Time Customer
T40872,C6131367,1994-02-14,F,DELHI,2698.48,2016-09-22,160334,115.0,23.0,21-30,1,One-Time Customer
T40119,C8718876,1981-04-10,M,NAGPUR,1619.38,2016-09-27,191725,150.0,35.0,31-40,1,One-Time Customer
T670161,C2942358,1994-04-01,F,NOIDA,8951.33,2016-08-28,161057,1602.0,22.0,21-30,2,Occasional Customer
T42419,C5337090,1984-01-01,M,KORAPUT,1481.88,2016-03-08,90052,25.0,32.0,31-40,1,One-Time Customer
T605641,C3425612,1993-04-21,M,DIBRUGARH,4138.66,2016-08-25,85521,70.0,23.0,21-30,2,Occasional Customer
T585655,C1187479,1995-06-07,F,BHINMAL,1.77,2016-08-22,224722,91.0,21.0,21-30,1,One-Time Customer
T681732,C5523518,1982-02-14,M,KALYAN WEST,40413.56,2016-08-28,133047,1488.8,35.0,31-40,1,One-Time Customer
T749430,C1137880,1995-04-09,F,OTTAPALAM,26645.71,2016-01-09,204922,192.0,21.0,21-30,1,One-Time Customer
T444660,C9030057,1985-09-16,M,VADODARA,13.53,2016-08-16,173442,1510.0,31.0,31-40,1,One-Time Customer
T754299,C2625042,1983-08-17,M,MUMBAI,108243.03,2016-01-09,194124,50.0,32.0,31-40,1,One-Time Customer
T555,C6835078,1988-05-30,F,IDUKKI,2759.06,2016-10-21,212801,23.0,28.0,21-30,1,One-Time Customer
T13697,C8221864,1995-10-08,M,BHILAI,39555.97,2016-09-25,220642,196.65,21.0,21-30,1,One-Time Customer
T690424,C5430886,,M,MULUND EAST,14510.38,2016-08-31,215428,326.0,,,1,One-Time Customer
T793738,C3817953,,M,MUMBAI,59079.92,2016-05-09,110538,247.0,,,1,One-Time Customer
T322149,C2717811,1985-06-06,M,MUMBAI,133753.18,2016-10-08,230410,1178.0,31.0,31-40,1,One-Time Customer
T47416,C8421355,1980-04-20,M,MUMBAI,165.3,2016-03-08,141535,2077.8,36.0,31-40,2,Occasional Customer
T798895,C4232611,1980-05-20,M,MEDAK,56.17,2016-05-09,172510,5000.0,36.0,31-40,2,Occasional Customer
T17643,C6756279,,M,KOLKATA,161266.23,2016-09-26,202451,326.0,,,1,One-Time Customer
T662121,C4466958,1989-04-12,M,LUCKNOW,143509.04,2016-08-31,120228,149.0,27.0,21-30,1,One-Time Customer
T690401,C1494732,1990-07-11,M,BANGALORE,99003.81,2016-08-31,194212,999.0,26.0,21-30,1,One-Time Customer
T919212,C6173425,1986-05-06,M,HOSUR,1984.74,2016-12-09,220614,311.0,31.0,31-40,1,One-Time Customer
T505261,C3635179,,M,TAL DIST PALGHAR BOISAR,54.82,2016-08-19,124807,144.65,,,1,One-Time Customer
T634064,C7132825,1984-11-30,M,THANE WEST,139027.84,2016-08-29,132358,319.0,32.0,31-40,2,Occasional Customer
T711825,C1310481,1984-12-10,M,ZIRAKPUR,15724.88,2016-03-09,180427,957.0,31.0,31-40,2,Occasional Customer
T789304,C4312832,1987-02-18,M,GURGAON,3496.45,2016-05-09,91300,1.0,29.0,21-30,2,Occasional Customer
T760000,C2310660,1985-11-13,F,GURGAON,90711.66,2016-01-09,151718,845.0,30.0,21-30,1,One-Time Customer
T265331,C6488781,,F,PUNE,44998.26,2016-12-08,195822,716.33,,,1,One-Time Customer
T940360,C6827314,1988-10-28,M,PAREL MUMBAI,7315.11,2016-11-09,214255,1325.0,28.0,21-30,1,One-Time Customer
T177168,C6538257,1991-05-08,F,BHOPAL,16734.1,2016-04-08,213853,2420.0,25.0,21-30,1,One-Time Customer
T637061,C4240153,1987-07-01,M,AMBALA,105300.52,2016-08-29,105114,100.0,29.0,21-30,2,Occasional Customer
T245106,C8640342,1986-09-12,M,BANGALORE,33473.44,2016-07-08,140346,30.0,30.0,21-30,2,Occasional Customer
T773795,C5729882,1985-07-16,F,GURGAON,202871.08,2016-06-09,185544,1000.0,31.0,31-40,1,One-Time Customer
T277658,C5214235,,M,SAHARANPUR,525000.0,2016-11-08,114937,381.0,,,1,One-Time Customer
T155971,C3811455,1994-06-04,F,HYDERABAD,23327.36,2016-03-09,162211,600.0,22.0,21-30,1,One-Time Customer
T260333,C2940855,1981-11-21,F,MUMBAI,45503.78,2016-12-08,131329,1486.0,35.0,31-40,2,Occasional Customer
T29630,C8140547,1997-12-11,F,DELHI,36744.99,2016-09-26,130836,1799.0,19.0,18-20,1,One-Time Customer
T254632,C5987811,1992-03-21,M,MUMBAI,102856.46,2016-12-08,84904,200.0,25.0,21-30,1,One-Time Customer
T707054,C6715828,1985-05-03,M,ALWAR,32319.7,2016-08-31,160227,147.0,31.0,31-40,1,One-Time Customer
T374173,C4215030,,F,GURGAON,18.8,2016-08-13,84333,200.0,,,1,One-Time Customer
T875227,C1820352,1983-11-27,F,DUMDUM,7282.88,2016-08-09,210935,210.0,33.0,31-40,1,One-Time Customer
T132729,C5615082,1988-10-08,M,CHANDAULI,30064.65,2016-05-08,104813,5923.0,28.0,21-30,1,One-Time Customer
T154259,C5110439,1981-12-01,M,DELHI,15510.46,2016-05-08,211732,450.0,34.0,31-40,2,Occasional Customer
T846842,C1520555,1979-09-24,M,NEW DELHI,71219.43,2016-09-09,85452,63.0,37.0,31-40,1,One-Time Customer
T1032951,C2336250,1987-09-25,F,BANGALORE,123120.93,2016-09-18,184344,4256.0,29.0,21-30,1,One-Time Customer
T685558,C2526125,,M,MUMBAI,41502.54,2016-08-30,82925,2000.0,,,1,One-Time Customer
T747462,C3242627,1983-07-23,M,FARIDABAD,163677.14,2016-02-09,231852,108.46,33.0,31-40,2,Occasional Customer
T954321,C6573574,,M,BANGALORE,3020.18,2016-10-09,191249,179.0,,,1,One-Time Customer
T309319,C3817854,,M,MILLENNIUM BANGALORE,139544.29,2016-10-08,191848,1000.0,,,2,Occasional Customer
T364055,C3523912,,M,NOIDA,1937026.56,2016-08-14,223144,220.0,,,1,One-Time Customer
T414864,C4533319,1988-09-22,F,BANGALORE,208726.03,2016-08-17,72343,599.0,28.0,21-30,1,One-Time Customer
T973329,C1835430,1983-04-11,F,BANGALORE,184240.11,2016-10-09,73138,720.52,33.0,31-40,2,Occasional Customer
T422202,C1819438,1987-07-11,M,MUMBAI,113.46,2016-08-17,121404,16.0,29.0,21-30,1,One-Time Customer
T421610,C4323155,1993-06-16,M,FARIDABAD,82892.52,2016-08-17,121235,9642.5,23.0,21-30,3,Occasional Customer
T592277,C3916287,1984-02-07,M,MUMBAI,51336.53,2016-08-27,202512,1500.0,33.0,31-40,1,One-Time Customer
T464894,C4642931,1992-02-20,M,ROAD PUNE,0.17,2016-08-21,121026,40.0,25.0,21-30,1,One-Time Customer
T951744,C1232318,1980-02-09,M,DELHI,148645.4,2016-10-09,212147,694.07,37.0,31-40,1,One-Time Customer
T431017,C3619913,1981-09-06,F,GURGAON,248344.38,2016-08-17,185901,684.0,35.0,31-40,1,One-Time Customer
T803556,C8141465,1992-02-18,M,MUMBAI,2938.46,2016-05-09,164105,100.0,24.0,21-30,1,One-Time Customer
T1004578,C5118670,1982-07-22,F,AHMEDABAD,58396.09,2016-09-14,155242,1384.0,34.0,31-40,2,Occasional Customer
T228540,C6128717,,F,PATNA,27525.24,2016-07-08,2337,79.0,,,2,Occasional Customer
T251193,C6156462,1989-02-03,F,GURGAON,7429.43,2016-12-08,104446,500.0,28.0,21-30,1,One-Time Customer
T689976,C3528618,1980-10-09,M,THANE,72464.76,2016-08-31,204844,285.0,36.0,31-40,1,One-Time Customer
T702365,C8325836,1988-01-07,M,DELHI,3732.58,2016-08-31,171128,546.0,29.0,21-30,2,Occasional Customer
T341258,C7662577,1986-10-19,M,SONIPAT,12275.7,2016-08-14,103036,197.0,30.0,21-30,1,One-Time Customer
T755135,C4230928,,M,NEW DELHI,10199.89,2016-01-09,183948,50000.0,,,1,One-Time Customer
T446718,C4839625,1989-11-11,F,GURGAON,31904.51,2016-08-16,191054,492.0,27.0,21-30,1,One-Time Customer
T651450,C7834716,,F,BUS STOP NEAR BANGALORE,12551.17,2016-08-28,211612,593.0,,,2,Occasional Customer
T85166,C2419452,1991-05-22,M,SILIGURI,3574.85,2016-01-08,103526,279.0,25.0,21-30,1,One-Time Customer
T103316,C8230059,1983-08-10,M,BANGALORE,1254.5,2016-06-08,120054,1569.0,33.0,31-40,2,Occasional Customer
T112855,C3520887,1991-08-07,F,NOIDA,107886.27,2016-06-08,144813,39.0,25.0,21-30,1,One-Time Customer
T780365,C4124971,1985-04-10,M,NEW DELHI,12309.06,2016-06-09,151518,1000.0,31.0,31-40,2,Occasional Customer
T900306,C1435522,1989-01-11,M,MUMBAI,10473.6,2016-12-09,165659,111.0,28.0,21-30,1,One-Time Customer
T232375,C4247669,1988-04-08,M,SURAT,493.07,2016-07-08,122537,250.0,28.0,21-30,1,One-Time Customer
T266191,C2330350,1983-10-27,M,CHANDIGARH,26953.43,2016-03-09,110132,350.0,32.0,31-40,4,Occasional Customer
T1019669,C6438523,1980-07-04,F,KOLKATA,410439.41,2016-09-13,203037,1962.0,36.0,31-40,1,One-Time Customer
T715548,C5629228,1991-08-10,M,DELHI,18672.17,2016-03-09,201602,145.0,25.0,21-30,1,One-Time Customer
T1047565,C4440671,,M,SAHARANPUR,317010.42,2016-09-18,181701,599.0,,,1,One-Time Customer
T426242,C4316442,1978-04-03,F,NEW DELHI,4825396.65,2016-08-17,165903,2699.0,38.0,31-40,1,One-Time Customer
T947709,C3125418,1983-10-03,M,BARDDHAMAN,181582.37,2016-11-09,205103,2900.0,33.0,31-40,1,One-Time Customer
T637157,C1940247,,F,AGRA,59208.8,2016-08-29,174237,572.0,,,1,One-Time Customer
T210043,C4726791,1986-08-22,M,DELHI,34357.62,2016-03-09,123737,120.0,30.0,21-30,1,One-Time Customer
T1020822,C7621219,1989-04-07,M,BANGALORE,279132.3,2016-09-13,182059,410.0,27.0,21-30,1,One-Time Customer
T102675,C1639015,1993-05-31,M,FATEHABAD,371.56,2016-01-08,205651,99.0,23.0,21-30,1,One-Time Customer
T913903,C3719637,1988-07-14,F,KOLKATA,13489.09,2016-12-09,104402,469.0,28.0,21-30,1,One-Time Customer
T152446,C2812491,1988-05-10,M,DAUSA,1110.61,2016-04-08,50347,150.0,28.0,21-30,1,One-Time Customer
T812676,C5929583,1991-06-15,F,FARIDABAD,157109.79,2016-05-09,212400,200.0,25.0,21-30,1,One-Time Customer
T972299,C7737457,1992-11-27,F,THANE,32516.49,2016-10-09,113223,100.0,24.0,21-30,1,One-Time Customer
T79319,C8122475,1991-07-09,F,DELHI,121.55,2016-02-08,193654,319.0,25.0,21-30,1,One-Time Customer
T386410,C6032626,1990-06-08,F,SOUTH 24 PARGANAS,1634.48,2016-08-13,183422,1172.0,26.0,21-30,2,Occasional Customer
T747779,C7886791,1978-12-19,M,ABU DHABI,452475.04,2016-02-09,205915,27.22,37.0,31-40,1,One-Time Customer
T260069,C1324428,,M,MUMBAI,242494.39,2016-12-08,140350,2200.0,,,1,One-Time Customer
T739413,C3842083,1990-08-23,M,NEW DELHI,0.99,2016-02-09,192304,65.0,25.0,21-30,1,One-Time Customer
T114747,C8223645,1978-03-24,M,MANALI,8550.15,2016-06-08,144959,200.0,38.0,31-40,1,One-Time Customer
T750355,C7719143,1984-02-12,M,INDORE,6738.94,2016-01-09,112737,39.99,32.0,31-40,2,Occasional Customer
T530084,C2241382,1994-10-13,M,CHAMARAJANAGAR,809.63,2016-08-23,222618,114.0,22.0,21-30,1,One-Time Customer
T653805,C5332444,1978-06-22,M,SURAT,30455.92,2016-08-31,150004,1000.0,38.0,31-40,3,Occasional Customer
T874913,C4512464,1990-12-07,F,RANCHI,18428.69,2016-08-09,202341,180.0,26.0,21-30,3,Occasional Customer
T115878,C2315224,1990-12-17,M,THANE,775.52,2016-06-08,124948,7294.18,25.0,21-30,2,Occasional Customer
T704370,C8972274,1992-12-23,F,DELHI,11263.17,2016-08-30,113208,35.0,24.0,21-30,1,One-Time Customer
T963753,C7196579,1990-12-17,M,KOLKATA,16281.47,2016-10-09,154055,500.0,26.0,21-30,1,One-Time Customer
T635826,C1226918,1984-12-03,F,VISAKHAPATNAM,167.69,2016-08-29,172346,509.0,32.0,31-40,1,One-Time Customer
T339262,C6668347,1995-06-09,M,MUMBAI,56.99,2016-08-15,182835,949.0,21.0,21-30,1,One-Time Customer
T16507,C9031782,1986-04-12,M,MOHALI,13237.73,2016-09-26,191003,175.0,30.0,21-30,1,One-Time Customer
T237074,C7619946,1990-12-02,F,GURGAON,190768.3,2016-07-08,140943,3715.0,26.0,21-30,2,Occasional Customer
T617040,C1437127,1996-12-03,M,DELHI,3491.01,2016-08-27,182516,2745.0,20.0,18-20,1,One-Time Customer
T769414,C2022033,1986-05-20,M,AHMEDABAD,793.52,2016-01-09,4625,2225.0,30.0,21-30,1,One-Time Customer
T415895,C2325088,,M,MUMBAI,35727.55,2016-08-18,191103,3805.0,,,2,Occasional Customer
T315020,C4514825,1988-01-02,M,MEERUT,17286.24,2016-10-08,222749,299.0,29.0,21-30,3,Occasional Customer
T965109,C4240622,1987-05-18,M,MUMBAI,128213.44,2016-10-09,170949,950.0,29.0,21-30,2,Occasional Customer
T1043184,C4333464,1990-06-16,M,BHIWANI,4227.49,2016-09-18,124904,600.0,26.0,21-30,1,One-Time Customer
T892609,C4540990,1980-04-27,F,NAVI MUMBAI,5528.72,2016-07-09,145337,1659.0,36.0,31-40,1,One-Time Customer
T1007855,C6825948,,M,BHOPAL,81588.87,2016-09-14,204341,1000.0,,,2,Occasional Customer
T890233,C6741479,1980-04-01,F,CHENNAI,31619.68,2016-07-09,170210,59.0,36.0,31-40,1,One-Time Customer
T801529,C7133082,1977-08-03,M,SRINAGAR,40801.42,2016-05-09,192108,5274.0,39.0,31-40,2,Occasional Customer
T464267,C8032370,1992-01-07,M,FARIDABAD,6970.31,2016-08-21,113852,3176.0,25.0,21-30,1,One-Time Customer
T712661,C5416069,1993-08-30,F,DELHI,53572.82,2016-03-09,175446,16.0,23.0,21-30,1,One-Time Customer
T163399,C3139328,1996-10-25,F,MERCES TISWADI,12975.32,2016-04-08,122639,160.0,19.0,18-20,1,One-Time Customer
T755652,C6135731,,M,NEW DELHI,662557.4,2016-01-09,150024,174.33,,,1,One-Time Customer
T104751,C1915775,,M,MUMBAI,82763.32,2016-01-08,212808,2344.0,,,1,One-Time Customer
T896469,C5314048,1991-12-26,M,MOGA,5057.02,2016-07-09,134442,351.0,25.0,21-30,1,One-Time Customer
T756857,C4124975,1983-05-02,M,PANCHKULA,45065.65,2016-01-09,165239,2035.0,33.0,31-40,1,One-Time Customer
T500750,C5830584,1984-07-17,M,BANGALORE,4221.94,2016-08-20,190332,456.75,32.0,31-40,3,Occasional Customer
T659633,C6030683,1985-01-17,M,MUMBAI,0.15,2016-08-31,80206,200.0,32.0,31-40,2,Occasional Customer
T754146,C1420352,1983-12-10,F,BANGALORE,5382.61,2016-01-09,194029,395.0,32.0,31-40,2,Occasional Customer
T515374,C1530278,1986-01-10,M,LUCKNOW,12868.42,2016-08-24,53121,100.0,31.0,31-40,2,Occasional Customer
T103384,C5439683,1990-10-01,M,MUMBAI,105924.83,2016-01-08,214612,215.0,25.0,21-30,1,One-Time Customer
T760472,C8630821,1991-07-08,M,DELHI,10139.12,2016-01-09,161400,790.0,25.0,21-30,2,Occasional Customer
T257648,C1937427,1988-01-05,F,NEW DELHI,66409.42,2016-12-08,164618,494.0,29.0,21-30,2,Occasional Customer
T619899,C7032812,1984-10-17,M,NEW DELHI,74407.91,2016-08-26,145518,264.27,32.0,31-40,1,One-Time Customer
T571767,C1038465,1977-02-04,F,BANGALORE,25260.1,2016-08-22,180930,200.0,40.0,31-40,1,One-Time Customer
T717799,C2972588,1977-01-03,M,NEW DELHI,91428.54,2016-03-09,192038,3000.0,39.0,31-40,1,One-Time Customer
T259222,C7475159,1978-06-14,M,NASHIK,79076.08,2016-12-08,180156,329.0,38.0,31-40,1,One-Time Customer
T404808,C2642864,1990-03-26,F,KUTTOOR PANCHAYATH,50356.56,2016-08-18,160823,70000.0,26.0,21-30,1,One-Time Customer
T639174,C1928677,1985-03-07,M,DELHI,239602.73,2016-08-29,183643,2688.0,31.0,31-40,1,One-Time Customer
T616291,C4621768,,F,FOUNDATION BANGALORE,513986.88,2016-08-27,183803,119.0,,,1,One-Time Customer
T745985,C5527434,1976-02-04,M,SILCHAR,1528.37,2016-01-09,214717,400.0,40.0,31-40,1,One-Time Customer
T546134,C6316983,,M,DELHI,4085036.2,2016-08-23,110847,2988.0,,,1,One-Time Customer
T229642,C3140418,1982-09-25,M,HOWRAH,12585.92,2016-07-08,154352,989.0,34.0,31-40,2,Occasional Customer
T652661,C5526729,,M,MKT NAVI MUMBAI,83937.3,2016-08-28,204905,1500.0,,,2,Occasional Customer
T47839,C3031847,1988-12-19,F,NEW DELHI,164059.4,2016-03-08,155054,153.0,27.0,21-30,1,One-Time Customer
T643460,C4122978,1993-07-06,M,PERAMBAKKAM,12.65,2016-08-25,220807,20.0,23.0,21-30,2,Occasional Customer
T399795,C3489150,1988-04-05,F,NOIDA,147.3,2016-08-18,115849,500.0,28.0,21-30,1,One-Time Customer
T78235,C9011043,1987-03-23,M,BANGALORE,92851.42,2016-02-08,202751,60.0,29.0,21-30,3,Occasional Customer
T622925,C6442083,1982-05-31,M,DELHI,68552.16,2016-08-29,204146,773.41,34.0,31-40,3,Occasional Customer
T133848,C8626753,1990-05-26,F,BANGALORE,52010.01,2016-05-08,120641,29.0,26.0,21-30,1,One-Time Customer
T565425,C8528762,,M,AURANGABAD,6746.14,2016-08-27,92732,50.0,,,2,Occasional Customer
T279442,C6716551,1985-05-25,M,HYDERABAD,4139.48,2016-11-08,114020,502.0,31.0,31-40,1,One-Time Customer
T646212,C5427035,1995-12-10,F,CHENNAI,2260.42,2016-08-25,125538,515.0,21.0,21-30,2,Occasional Customer
T832147,C6923477,1989-01-27,F,EAST SINGHBHUM,19819.13,2016-04-09,130306,862.87,27.0,21-30,1,One-Time Customer
T815138,C9092333,1980-03-12,M,THANE,110362.26,2016-04-09,231456,1500.0,36.0,31-40,1,One-Time Customer
T981985,C8622845,1986-08-06,F,MARG KURLA W MUMBAI,17279.54,2016-09-15,105438,66.0,30.0,21-30,1,One-Time Customer
T452966,C5811922,1993-03-06,M,BANGALORE,5745.83,2016-08-16,211943,30.0,23.0,21-30,1,One-Time Customer
T785824,C1327235,1989-12-15,M,BHILWARA,63324.45,2016-06-09,92407,973.0,26.0,21-30,2,Occasional Customer
T794707,C2516875,2001-01-17,F,NASHIK,843.66,2016-05-09,154504,125.0,,,2,Occasional Customer
T140738,C3111585,1994-06-15,M,NOIDA,1340.88,2016-05-08,140820,8.0,22.0,21-30,1,One-Time Customer
T400900,C8880442,,M,MUMBAI,435.73,2016-08-18,120949,2300.45,,,1,One-Time Customer
T662920,C1694178,1979-02-20,M,BHIWADI,471390.24,2016-08-28,223320,410.0,38.0,31-40,1,One-Time Customer
T677270,C7221682,1987-05-23,M,VERNA,50752.49,2016-08-28,200245,227.0,29.0,21-30,1,One-Time Customer
T688801,C2612152,1990-10-07,M,BANGALORE,9438.92,2016-08-31,202541,500.0,26.0,21-30,1,One-Time Customer
T251710,C7578637,1984-04-30,M,DELHI,5792.26,2016-07-08,203010,400.0,32.0,31-40,2,Occasional Customer
T773727,C8114969,1990-06-07,M,INDORE,2864.57,2016-06-09,195252,755.37,26.0,21-30,1,One-Time Customer
T261005,C7537413,1984-12-17,M,GURGAON,121990.65,2016-12-08,174654,55.0,32.0,31-40,2,Occasional Customer
T242340,C3624165,1991-01-18,M,MOIRA,44494.3,2016-07-08,192923,200.0,25.0,21-30,2,Occasional Customer
T902291,C1232567,1997-04-20,F,DAVANGERE,2022.08,2016-07-09,54738,20.0,19.0,18-20,1,One-Time Customer
T182305,C5823162,1983-04-01,M,ROHTAK,9171.86,2016-09-08,101406,199.0,33.0,31-40,2,Occasional Customer
T256206,C6736775,1991-05-01,M,NOIDA,16232.68,2016-12-08,151128,296.0,26.0,21-30,1,One-Time Customer
T284794,C1830965,1987-01-06,F,BANGALORE,226366.1,2016-11-08,122353,105.0,30.0,21-30,2,Occasional Customer
T804409,C1222722,1990-01-13,M,DELHI,18724.3,2016-05-09,190420,280.0,26.0,21-30,1,One-Time Customer
T825600,C5721012,1976-10-04,M,CHENNAI,4825.28,2016-04-09,184037,1665.0,40.0,31-40,3,Occasional Customer
T138444,C3015436,,M,NOIDA,775838.41,2016-05-08,150244,2000.0,,,1,One-Time Customer
T776019,C5940177,1988-02-06,M,GURGAON,7745.83,2016-06-09,184432,49.0,28.0,21-30,1,One-Time Customer
T5709,C4176327,1991-04-27,F,DOMBIVLI,13386.23,2016-09-22,134650,6170.0,25.0,21-30,1,One-Time Customer
T571615,C2342626,1987-10-13,M,NEW DELHI,307808.0,2016-08-27,105820,200.0,29.0,21-30,1,One-Time Customer
T595792,C3321774,1986-04-20,M,CHANGANACHERRY,49223.14,2016-08-27,204652,222.0,30.0,21-30,1,One-Time Customer
T640174,C7743263,1990-06-23,M,WARANGAL,14408.37,2016-08-29,41047,901.37,26.0,21-30,1,One-Time Customer
T923777,C3512124,1984-11-29,M,SANT RAVIDASNAGAR,27982.07,2016-11-09,121357,407.67,32.0,31-40,2,Occasional Customer
T399869,C7379664,1980-10-01,M,BANGALORE,6461.04,2016-08-18,143510,198.0,36.0,31-40,1,One-Time Customer
T518181,C3640332,1978-04-30,M,GURGAON,56959.28,2016-08-24,34723,100.0,38.0,31-40,2,Occasional Customer
T976573,C5717262,1992-02-21,F,MUZAFFARPUR,104031.03,2016-09-15,175545,705.0,25.0,21-30,1,One-Time Customer
T635131,C5966120,1987-01-03,M,AURANGABAD,15930.61,2016-08-29,130605,552.42,30.0,21-30,1,One-Time Customer
T508563,C6220019,1991-11-14,M,SECUNDERABAD,29.65,2016-08-19,170733,399.0,25.0,21-30,1,One-Time Customer
T209735,C3627888,1983-07-11,M,NEW DELHI,123247.77,2016-03-09,143807,216.0,33.0,31-40,1,One-Time Customer
T756360,C2421920,1992-09-02,M,GURGAON,11428.78,2016-01-09,180601,965.0,23.0,21-30,2,Occasional Customer
T535966,C6816187,1983-10-11,F,MUMBAI,34893.17,2016-08-24,223031,8764.0,33.0,31-40,2,Occasional Customer
T385939,C5626882,1980-12-02,F,THANE,1217.88,2016-08-13,200253,220.0,36.0,31-40,2,Occasional Customer
T76281,C8312346,1977-01-06,M,NEW DELHI,5316.86,2016-02-08,183415,200.0,39.0,31-40,1,One-Time Customer
T976088,C8820849,1991-04-19,M,MUMBAI,11868.28,2016-09-15,172647,100.0,25.0,21-30,2,Occasional Customer
T489375,C5225289,1992-02-06,M,RANGA REDDY,1298.58,2016-08-20,123247,25.0,25.0,21-30,1,One-Time Customer
T851718,C7027119,1996-05-08,F,AHMEDABAD,40480.05,2016-09-09,194315,367.0,20.0,18-20,1,One-Time Customer
T127277,C5526556,1983-06-26,M,CHENNAI,87048.1,2016-06-08,190545,2203.0,33.0,31-40,2,Occasional Customer
T116391,C3737013,1985-01-25,M,SAHARANPUR,14210.74,2016-06-08,132659,100.87,31.0,31-40,1,One-Time Customer
T1013489,C2020615,1994-06-24,M,UDAIPUR,5814.55,2016-09-13,210816,100.0,22.0,21-30,1,One-Time Customer
T620960,C4215969,,M,CHENNAI,7629.28,2016-08-25,182235,1058.0,,,1,One-Time Customer
T698794,C2142588,,M,NEW DELHI,1290777.41,2016-08-30,132253,1599.0,,,1,One-Time Customer
T638950,C5262953,1994-09-01,F,MANGALORE,5841.86,2016-08-29,174330,499.0,22.0,21-30,1,One-Time Customer
T952261,C5746671,1991-10-15,M,HYDERABAD,7812.36,2016-10-09,205049,200.0,25.0,21-30,2,Occasional Customer
T974458,C2166446,1993-12-13,F,MANGALORE,21173.97,2016-09-15,152224,845.0,23.0,21-30,1,One-Time Customer
T475171,C6242523,1996-05-14,M,AHMEDABAD,71618.18,2016-08-21,194808,399.0,20.0,18-20,1,One-Time Customer
T121085,C5741246,1983-01-18,M,NEW DELHI,668815.77,2016-06-08,192010,6214.74,33.0,31-40,1,One-Time Customer
T106672,C6530140,,M,BANGALORE,5966.56,2016-06-08,143032,254.0,,,2,Occasional Customer
T774029,C2239448,1987-10-31,M,CHENNAI,47817.99,2016-06-09,211508,551.92,29.0,21-30,1,One-Time Customer
T526850,C2542421,,M,GUNTUR,148879.91,2016-08-24,203144,396.08,,,1,One-Time Customer
T502451,C6935033,1992-08-05,F,NORTH 24 PARGANAS,3400.5,2016-08-20,211720,175.0,24.0,21-30,1,One-Time Customer
T166284,C1633926,,M,JAIPUR,44382.34,2016-04-08,143425,1023.0,,,2,Occasional Customer
T827184,C5926117,1984-10-07,F,GURGAON ROAD GURGAON,263405.46,2016-04-09,111305,5000.0,32.0,31-40,1,One-Time Customer
T474952,C7830574,1984-09-29,M,NAVI MUMBAI,12668.71,2016-08-21,210101,595.0,32.0,31-40,1,One-Time Customer
T578745,C8839974,1988-02-26,M,PILANI,26.36,2016-08-22,230517,298.0,28.0,21-30,3,Occasional Customer
T934125,C9020117,1976-02-16,M,PRAKASH SCHOOL BANGALORE,8426.45,2016-11-09,182331,500.0,41.0,41-50,1,One-Time Customer
T236973,C6021438,1981-09-13,M,GURGAON,298357.9,2016-07-08,180925,2147.0,35.0,31-40,2,Occasional Customer
T910708,C8117352,1987-01-24,M,SHIMOGA,5675.36,2016-12-09,84852,500.0,30.0,21-30,1,One-Time Customer
T138577,C8129374,1986-04-03,F,RAJASTHAN COLLEGE JAIPUR,2.3,2016-05-08,153225,4915.0,30.0,21-30,2,Occasional Customer
T134845,C6721727,1994-11-03,M,PUNE,182.61,2016-06-08,214005,286.87,22.0,21-30,1,One-Time Customer
T709364,C2835173,1984-09-01,F,NOIDA,536393.33,2016-03-09,165645,2532.0,32.0,31-40,1,One-Time Customer
T67438,C3831785,1986-08-20,M,NOIDA,22290.36,2016-02-08,151157,646.0,29.0,21-30,2,Occasional Customer
T868059,C3213343,1990-11-25,F,THANE,3853.29,2016-08-09,160639,1190.0,26.0,21-30,1,One-Time Customer
T223560,C2036744,1977-05-05,M,GHAZIABAD,2895.25,2016-08-08,211757,2650.0,39.0,31-40,1,One-Time Customer
T342075,C1832750,1993-07-15,M,KANNAUJ,449.06,2016-08-15,195533,80.0,23.0,21-30,2,Occasional Customer
T60170,C6032814,1994-03-09,M,YAMUNA NAGAR,59476.91,2016-03-08,222924,36.0,22.0,21-30,1,One-Time Customer
T957646,C3019183,1981-01-23,F,GURGAON,558051.09,2016-10-09,175658,4375.0,36.0,31-40,2,Occasional Customer
T1043980,C6437289,,M,COIMBATORE,124305.81,2016-09-18,113200,635.7,,,2,Occasional Customer
T308952,C9023792,1990-09-24,F,HYDERABAD,64.0,2016-10-08,191310,2444.0,26.0,21-30,1,One-Time Customer
T719850,C6673550,1992-08-07,F,BENGALURU,993.59,2016-03-09,204330,37.0,24.0,21-30,1,One-Time Customer
T555609,C5922963,,M,NAGAR GURGAON,784.94,2016-08-23,133349,400.0,,,2,Occasional Customer
T113348,C8638417,1994-10-19,M,SALEM,13244.65,2016-06-08,171501,899.0,22.0,21-30,1,One-Time Customer
T404523,C1511749,1977-05-28,M,NEW DELHI,1695260.36,2016-08-18,142205,266.74,39.0,31-40,2,Occasional Customer
T567999,C6839751,1983-10-28,F,AKOLA,55993.31,2016-08-22,184128,230.0,33.0,31-40,1,One-Time Customer
T37806,C7625111,1989-05-20,M,GURGAON,3.62,2016-09-30,130646,10.0,27.0,21-30,3,Occasional Customer
T743256,C5832142,1985-01-07,M,URAN,14821.45,2016-02-09,195951,400.0,31.0,31-40,1,One-Time Customer
T760457,C4015643,1981-04-04,F,MUMBAI,261795.43,2016-01-09,173311,420.0,35.0,31-40,2,Occasional Customer
T571364,C8680316,1985-10-27,M,DELHI,181201.35,2016-08-27,2123,1275.0,31.0,31-40,1,One-Time Customer
T236485,C1020565,1985-03-16,M,BANGALORE,25.86,2016-07-08,150030,126.0,31.0,31-40,1,One-Time Customer
T383757,C8532587,1980-07-20,M,DELHI,119103.76,2016-08-13,100647,600.0,36.0,31-40,1,One-Time Customer
T736880,C5042685,1980-01-08,M,DELHI,1.2,2016-02-09,185840,240.0,36.0,31-40,1,One-Time Customer
T763358,C6377038,1981-06-09,M,FACTORY ANDHERI (EAST) MUMBAI,16307.1,2016-01-09,144451,1779.91,35.0,31-40,1,One-Time Customer
T926065,C4225423,1988-02-02,M,CHANDIGARH,488.68,2016-11-09,124619,95.0,29.0,21-30,1,One-Time Customer
T464275,C6729865,1981-07-21,M,BAHADURGARH,42718.58,2016-08-21,105808,2480.0,35.0,31-40,1,One-Time Customer
T635469,C6214721,1980-12-05,M,MUMBAI,18757.1,2016-08-29,175211,25316.0,36.0,31-40,1,One-Time Customer
T1195,C1649634,1988-01-19,M,MUMBAI,14966.94,2016-10-21,193203,245.0,29.0,21-30,1,One-Time Customer
T886679,C7428970,1983-11-21,M,MUMBAI,982.88,2016-07-09,212436,340.0,33.0,31-40,1,One-Time Customer
T206351,C7675877,1987-10-30,M,MUMBAI,43291.6,2016-08-08,173017,7840.0,29.0,21-30,1,One-Time Customer
T465366,C9039660,1982-08-07,F,BANDRA E MUMBAI,15167.94,2016-08-21,184559,3250.0,34.0,31-40,3,Occasional Customer
T376344,C6532352,1999-03-18,F,HOSUR,2878.11,2016-08-13,143654,101.0,,,1,One-Time Customer
T888377,C1027314,1991-02-02,M,KANGRA,7709.06,2016-07-09,174306,48.0,25.0,21-30,1,One-Time Customer
T719506,C6921619,1989-06-15,M,DELHI,18851.55,2016-03-09,213357,519.0,27.0,21-30,1,One-Time Customer
T61481,C8526850,1981-12-17,M,SHOWROOM BANGALORE,75398.13,2016-02-08,102136,555.0,34.0,31-40,1,One-Time Customer
T1009976,C4820784,1984-03-07,M,DELHI,19983.4,2016-09-14,205455,350.0,33.0,31-40,1,One-Time Customer
T72462,C2811823,,M,BANGALORE,162028.05,2016-02-08,165839,2687.0,,,2,Occasional Customer
T310129,C2234040,1977-09-10,M,SOUTH TWENTY FOUR PARGANAS,28941.06,2016-10-08,191011,671.0,39.0,31-40,1,One-Time Customer
T945635,C6824191,1981-10-11,F,CHAMPAWAT,799906.39,2016-11-09,211553,117.0,35.0,31-40,1,One-Time Customer
T1032882,C2826150,1983-10-26,M,GURGAON,167520.85,2016-09-13,102257,932.84,33.0,31-40,1,One-Time Customer
T25769,C2223227,1989-11-25,M,GURGAON,6944.32,2016-09-27,161021,450.0,27.0,21-30,3,Occasional Customer
T505319,C2437313,1986-06-12,M,FARIDABAD,3340.7,2016-08-20,234348,255.0,30.0,21-30,1,One-Time Customer
T693552,C1217135,1994-05-14,F,KRISHNA,11763.82,2016-08-31,220941,55.0,22.0,21-30,1,One-Time Customer
T445775,C2539830,1991-08-17,M,MUMBAI,365.28,2016-08-16,150752,30.0,25.0,21-30,1,One-Time Customer
T402740,C8514339,1986-10-15,F,GURGAON,82393.88,2016-08-18,191533,1320.0,30.0,21-30,1,One-Time Customer
T458373,C4834676,,F,AHMEDABAD,2393.86,2016-08-16,204010,478.98,,,3,Occasional Customer
T677229,C4139936,1983-03-05,M,GURGAON,91616.99,2016-08-28,131406,500.0,33.0,31-40,2,Occasional Customer
T127574,C1928612,1987-03-31,M,BAMBOLIM,74.42,2016-06-08,132920,155.0,29.0,21-30,1,One-Time Customer
T1026001,C1314139,1986-11-03,M,KOLKATA,37164.92,2016-09-13,152914,111.0,30.0,21-30,2,Occasional Customer
T433581,C2189586,1982-04-14,M,BAGALKOT,7348.53,2016-08-17,214641,220.0,34.0,31-40,1,One-Time Customer
T727601,C6419211,1993-11-12,M,MUZAFFARPUR,3011.9,2016-02-09,115825,350.0,22.0,21-30,1,One-Time Customer
T274822,C7838363,,M,KOLKATA,11927.26,2016-12-08,195946,950.0,,,1,One-Time Customer
T124010,C5312660,1985-11-28,F,BURDWAN,5385.23,2016-06-08,203029,215.0,31.0,31-40,1,One-Time Customer
T237083,C2794516,1993-07-09,M,MODI NAGAR,174857.59,2016-07-08,141016,80.0,23.0,21-30,1,One-Time Customer
T954677,C9040386,1987-11-30,F,NEW DELHI,1007174.38,2016-10-09,204500,74.94,29.0,21-30,1,One-Time Customer
T427097,C8510580,1985-06-19,M,HYDERABAD,24170.58,2016-08-17,174414,90.0,31.0,31-40,2,Occasional Customer
T841085,C5557786,,M,PUNE,4584.03,2016-09-09,141746,334.0,,,1,One-Time Customer
T984432,C5931354,1982-07-08,F,NAVI MUMBAI,156181.97,2016-09-15,202444,961.0,34.0,31-40,1,One-Time Customer
T347254,C7533623,1992-04-19,M,MUMBAI,6235.98,2016-08-14,151107,23.0,24.0,21-30,1,One-Time Customer
T296193,C1197361,1994-05-05,M,CHENNAI,1802.37,2016-11-08,212925,490.0,23.0,21-30,1,One-Time Customer
T642484,C6116548,1991-08-13,M,KOLKATA,68651.06,2016-08-25,205757,70.0,25.0,21-30,2,Occasional Customer
T525433,C2835863,1992-01-07,M,LALITPUR,3704.32,2016-08-24,95402,100.0,25.0,21-30,1,One-Time Customer
T47451,C4317565,,M,DELHI,140631.2,2016-03-08,135557,3220.0,,,1,One-Time Customer
T137063,C3426541,1993-12-17,F,MEDAK,99.91,2016-05-08,131701,2594.53,22.0,21-30,1,One-Time Customer
T796980,C3521077,,M,BANGALORE,213.23,2016-05-09,104830,1836.25,,,1,One-Time Customer
T178081,C4017232,1990-07-27,F,DELHI,10465.42,2016-04-08,213702,491.0,26.0,21-30,2,Occasional Customer
T176314,C6817657,,M,ANAND,418461.79,2016-04-08,153701,272.17,,,1,One-Time Customer
T270986,C6635492,1981-11-04,M,VIJAYAWADA,9526.66,2016-12-08,212230,2619.0,35.0,31-40,1,One-Time Customer
T254944,C6537373,,F,AGRA,121493.7,2016-07-08,231814,40998.0,,,1,One-Time Customer
T159712,C7934981,1998-11-11,M,RAJKOT,4102.18,2016-05-08,220009,100.0,,,2,Occasional Customer
T55034,C8616940,1988-09-07,M,MUMBAI,534217.38,2016-03-08,194755,188.0,27.0,21-30,2,Occasional Customer
T165188,C5927770,1982-07-23,F,CHENNAI,158773.24,2016-04-08,134643,860.0,34.0,31-40,1,One-Time Customer
T864070,C5868428,1979-07-04,M,GUWAHATI,23239.89,2016-08-09,113044,3023.0,37.0,31-40,1,One-Time Customer
T267124,C2028668,,F,MUMBAI,1198639.32,2016-03-09,125601,1752.0,,,1,One-Time Customer
T400868,C2936228,1985-09-13,M,THANE,3013.73,2016-08-18,135809,200.0,31.0,31-40,2,Occasional Customer
T589860,C8240559,1987-08-19,F,GURGAON,45310.23,2016-08-27,202231,3996.0,29.0,21-30,1,One-Time Customer
T604876,C2230031,,M,BANGALORE,8093.96,2016-08-26,192645,251.0,,,1,One-Time Customer
T531610,C5231883,,M,GURGAON,133863.58,2016-08-24,204231,500.0,,,1,One-Time Customer
T598095,C4942317,1992-09-13,M,NAVI MUMBAI,36821.21,2016-08-27,203917,20.0,24.0,21-30,2,Occasional Customer
T580395,C3135469,1992-09-09,F,NEW DELHI,3823.36,2016-08-27,113140,480.0,24.0,21-30,1,One-Time Customer
T23201,C7736278,,F,GHAZIABAD,143976.86,2016-09-23,184146,901.0,,,1,One-Time Customer
T293114,C4122391,,M,DIST THANE BOISAR,27010.03,2016-11-08,210232,3688.22,,,2,Occasional Customer
T676284,C4928839,1979-04-18,M,NEW DELHI,97197.84,2016-08-31,180926,1096.0,37.0,31-40,1,One-Time Customer
T337650,C9033191,,M,REWARI,38791.56,2016-08-15,182725,1025.3,,,1,One-Time Customer
T589524,C1212952,1990-11-11,M,SURAT,16206.49,2016-08-27,223052,159.0,26.0,21-30,1,One-Time Customer
T398404,C1661818,1992-07-05,M,SURAT,102710.93,2016-08-18,31822,82.01,24.0,21-30,1,One-Time Customer
T474035,C4341577,1982-12-30,M,SECTOR -21A FARIDABAD,2796.49,2016-08-21,225035,1000.0,34.0,31-40,1,One-Time Customer
T498088,C7531217,1987-08-20,M,MUMBAI,3132.01,2016-08-20,172428,910.0,29.0,21-30,1,One-Time Customer
T41737,C4929017,1992-09-22,F,NOIDA,42488.66,2016-03-08,65158,500.0,23.0,21-30,2,Occasional Customer
T365513,C1820041,1980-04-23,F,SOUTH 24 PARGANAS,663.86,2016-08-14,195240,500.0,36.0,31-40,3,Occasional Customer
T505099,C8514617,,M,GURGAON,39024.95,2016-08-20,230210,1979.0,,,2,Occasional Customer
T79941,C6423146,1989-08-08,F,NAINITAL,4626.88,2016-02-08,214519,50.0,27.0,21-30,2,Occasional Customer
T167566,C2837049,1988-02-21,M,DELHI,535.94,2016-04-08,164706,228.0,28.0,21-30,1,One-Time Customer
T918043,C2737157,1976-11-11,F,NEW DELHI,85.05,2016-12-09,191744,1075.0,40.0,31-40,1,One-Time Customer
T109706,C5014963,1984-05-02,M,VISHNUNAGAR KALYAN THANE,15153.29,2016-06-08,50520,11303.0,32.0,31-40,2,Occasional Customer
T808666,C8131614,1995-08-15,F,CHENNAI,1942.83,2016-04-09,225620,28.0,21.0,21-30,1,One-Time Customer
T316712,C6723149,1994-07-19,M,NOIDA,6668.41,2016-08-15,193150,150.0,22.0,21-30,1,One-Time Customer
T227169,C3613169,1989-06-06,F,DELHI,12607.12,2016-08-08,235440,1600.0,27.0,21-30,1,One-Time Customer
T1011243,C1217256,1991-11-23,F,BARIATU ROAD RANCHI RANCHI,10296.04,2016-09-13,224348,100.0,25.0,21-30,2,Occasional Customer
T1015092,C6381863,1991-01-02,F,BANGALORE,16254.45,2016-09-14,210650,850.0,26.0,21-30,1,One-Time Customer
T731804,C3431715,,F,CHANDIGARH,108058.16,2016-02-09,153844,5200.0,,,1,One-Time Customer
T821402,C6331764,1980-09-19,M,BANGALORE,1138.61,2016-04-09,190722,8633.45,36.0,31-40,2,Occasional Customer
T220323,C1235022,1989-08-28,M,BAHADURGARH,5727.19,2016-07-08,2358,23.0,27.0,21-30,1,One-Time Customer
T77864,C6024987,1987-01-01,M,BHAGALPUR,152.53,2016-02-08,195603,100.0,29.0,21-30,1,One-Time Customer
T134338,C3035268,1991-08-09,M,REWARI,8214.87,2016-06-08,223512,1080.0,25.0,21-30,1,One-Time Customer
T2096,C1420757,1985-03-07,F,LUDHIANA,23809.18,2016-10-21,195453,500.0,32.0,31-40,2,Occasional Customer
T615070,C6536272,1990-06-08,M,BANGALORE,4147.49,2016-08-26,45735,200.0,26.0,21-30,2,Occasional Customer
T245235,C3216622,1989-02-09,M,FARIDABAD,72656.2,2016-07-08,223843,500.0,27.0,21-30,1,One-Time Customer
T558411,C1348526,,M,MUMBAI,578661.81,2016-08-27,190321,440.26,,,1,One-Time Customer
T248394,C1163864,1982-07-29,M,BANGALORE,12218.53,2016-07-08,153314,1000.0,34.0,31-40,1,One-Time Customer
T761232,C6321673,1990-10-23,M,MUMBAI,3323.65,2016-01-09,145456,228.0,25.0,21-30,2,Occasional Customer
T137989,C4216779,1987-09-14,M,CHENNAI,16388.97,2016-05-08,164602,497.0,29.0,21-30,3,Occasional Customer
T45420,C2313349,1990-10-08,F,CUDDALORE,14.55,2016-03-08,115749,50.0,25.0,21-30,2,Occasional Customer
T141651,C4727283,1978-11-21,M,NEW DELHI,33691.65,2016-05-08,175503,590.0,37.0,31-40,3,Occasional Customer
T261921,C3971642,1988-10-26,M,AHMEDABAD,80000.66,2016-12-08,134032,254.0,28.0,21-30,1,One-Time Customer
T280796,C1810822,,M,NEW DELHI,51827.47,2016-11-08,45121,735.54,,,2,Occasional Customer
T392912,C7421988,1989-10-20,F,NOIDA,2018.12,2016-08-13,194726,1100.0,27.0,21-30,2,Occasional Customer
T513017,C8616717,1981-10-03,M,PANIPAT,14856.76,2016-08-19,193124,200.0,35.0,31-40,1,One-Time Customer
T86726,C6227816,1979-01-07,F,GURGAON,11023.41,2016-01-08,125042,500.0,37.0,31-40,1,One-Time Customer
T581718,C6919312,1995-12-03,M,INDORE,0.48,2016-08-23,153720,15.0,21.0,21-30,2,Occasional Customer
T887193,C8940933,1980-05-25,M,YEOLA,45734.02,2016-07-09,190047,100.0,36.0,31-40,1,One-Time Customer
T593919,C2725178,,F,GHAZIABAD,5363.52,2016-08-25,151112,224.5,,,1,One-Time Customer
T83307,C7013282,,M,CHENNAI,29247.94,2016-01-08,83306,300.0,,,1,One-Time Customer
T704182,C4429825,1992-10-11,F,KANNIYAKUMARI,8102.89,2016-08-30,114446,20.0,24.0,21-30,3,Occasional Customer
T990243,C7756962,,M,LUCKNOW,3947.71,2016-09-15,232845,249.0,,,1,One-Time Customer
T266456,C8731820,1991-02-16,M,GURGAON,1694.16,2016-03-09,115517,1.0,25.0,21-30,1,One-Time Customer
T732527,C4664135,1986-08-09,M,MORLEM,12531.03,2016-02-09,135051,200.0,30.0,21-30,1,One-Time Customer
T424912,C6934320,1987-05-12,F,NOIDA,493206.75,2016-08-17,173234,350.0,29.0,21-30,1,One-Time Customer
T65326,C1715380,1987-12-24,M,NEW DELHI,51332.88,2016-02-08,143704,1519.0,28.0,21-30,1,One-Time Customer
T840556,C1214587,1989-06-22,F,BANGALORE,148142.89,2016-09-09,154522,2516.0,27.0,21-30,1,One-Time Customer
T982727,C7510942,1988-10-02,M,HALISAHAR,1191.47,2016-09-15,103205,221.0,28.0,21-30,3,Occasional Customer
T851808,C2631512,1993-12-31,M,GURGAON,23134.91,2016-09-09,95817,37.0,23.0,21-30,1,One-Time Customer
T243388,C1728415,1993-07-05,M,BUSINESS PARK MAHAPE NAVI MUMBAI,1853.17,2016-07-08,230952,33.0,23.0,21-30,1,One-Time Customer
T515111,C7916836,1985-03-05,M,KOCHI,38480.71,2016-08-24,63734,46.0,31.0,31-40,2,Occasional Customer
T139526,C1919214,1987-07-08,M,PUNE,17680.83,2016-05-08,114333,299.0,29.0,21-30,2,Occasional Customer
T123397,C6025660,1989-08-31,M,GHAZIABAD,28023.88,2016-06-08,191501,70.0,27.0,21-30,1,One-Time Customer
T610511,C5710290,1995-08-02,M,MUMBAI,219.51,2016-08-26,55830,100.0,21.0,21-30,2,Occasional Customer
T877242,C7438469,1988-08-10,M,RAJKOT,2011.29,2016-08-09,223022,340.0,28.0,21-30,2,Occasional Customer
T535937,C4227634,,M,NEW DELHI,329247.0,2016-08-23,230113,552.07,,,1,One-Time Customer
T405421,C1833761,1991-04-20,M,GARDEN MUMBAI,28969.67,2016-08-18,204446,96.0,25.0,21-30,2,Occasional Customer
T562236,C7435854,,M,NEW MUMBAI,17432.38,2016-08-22,135801,165.67,,,1,One-Time Customer
T221524,C4320380,,F,DELHI,118635.18,2016-08-08,202809,250.0,,,1,One-Time Customer
T426487,C4042451,1983-07-21,M,MUMBAI,130.86,2016-08-17,184426,685.22,33.0,31-40,3,Occasional Customer
T178918,C5742718,1983-07-07,M,MOHALI,10078.6,2016-04-08,224835,100.0,33.0,31-40,1,One-Time Customer
T990705,C1032534,1986-05-30,M,HYDERABAD,3837.76,2016-09-15,231306,823.55,30.0,21-30,1,One-Time Customer
T167789,C4933477,1983-11-06,M,NEW DELHI,810247.42,2016-04-08,105441,1000.0,32.0,31-40,1,One-Time Customer
T1031059,C2275576,1985-12-21,M,CHENNAI,38602.58,2016-09-13,103815,600.0,31.0,31-40,1,One-Time Customer
T305403,C7411111,1985-10-14,M,TRIVANDRUM,361265.97,2016-10-08,125339,1476.0,31.0,31-40,1,One-Time Customer
T337001,C6039083,1991-11-02,M,PALAMKONAM,41869.47,2016-08-15,210841,169.0,25.0,21-30,2,Occasional Customer
T833301,C7328320,1984-11-28,M,PUNE,215284.32,2016-04-09,165653,1166.0,31.0,31-40,2,Occasional Customer
T271516,C7210628,1990-07-29,M,ANDHERI W MUMBAI,650.57,2016-12-08,192219,1471.0,26.0,21-30,1,One-Time Customer
T107691,C4057123,1995-03-24,M,CHENNAI,29241.44,2016-06-08,114904,44.0,21.0,21-30,1,One-Time Customer
T827661,C7416115,1979-05-25,M,BANGALORE,31081.39,2016-04-09,150158,550.0,37.0,31-40,2,Occasional Customer
T109383,C1812028,1984-03-10,M,NEW DELHI,8729.08,2016-06-08,144834,501.0,32.0,31-40,1,One-Time Customer
T431337,C2233569,1987-10-09,F,GURGAON,14782.65,2016-08-17,223146,438.0,29.0,21-30,2,Occasional Customer
T1030708,C1710629,,F,MUMBAI,95803.91,2016-09-13,104704,2226.33,,,1,One-Time Customer
T535479,C6623847,1993-05-02,M,DELHI,48590.13,2016-08-22,105842,748.0,23.0,21-30,1,One-Time Customer
T433262,C3415267,,M,NOIDA,1563251.06,2016-08-17,222912,1325.0,,,1,One-Time Customer
T618248,C1524681,1992-01-02,M,PURBO MEDINIPUR,3867.0,2016-08-25,160205,869.0,25.0,21-30,1,One-Time Customer
T142952,C7124172,1985-02-24,F,DARJEELING,359.52,2016-05-08,75219,100.0,31.0,31-40,2,Occasional Customer
T205194,C4535088,1988-08-19,F,MOHALI,189600.63,2016-08-08,80110,2000.0,28.0,21-30,2,Occasional Customer
T362377,C8029531,,M,DELHI,52788.43,2016-08-14,164009,5000.0,,,1,One-Time Customer
T286918,C3528672,1986-03-05,M,SURAT,1821.46,2016-11-08,143355,190.1,31.0,31-40,1,One-Time Customer
T468680,C3430641,,M,KOLKATA,267983.01,2016-08-21,132143,360.0,,,1,One-Time Customer
T52514,C4817730,1984-06-23,M,MUMBAI,1990.21,2016-03-08,175936,500.0,32.0,31-40,1,One-Time Customer
T1031439,C3318937,1988-07-29,M,NOIDA,23083.67,2016-09-13,94606,320.0,28.0,21-30,1,One-Time Customer
T444819,C3936834,1991-12-26,F,GURGAON,28050.83,2016-08-16,170417,545.0,25.0,21-30,1,One-Time Customer
T104447,C4021456,1978-07-01,M,SIGNAL SION E MUMBAI,154192.98,2016-01-08,205924,8050.0,38.0,31-40,1,One-Time Customer
T403530,C8226853,1991-09-18,M,KURNOOL,2144.15,2016-08-18,143810,430.0,25.0,21-30,2,Occasional Customer
T808108,C8720991,1989-08-01,F,DEHRADUN,49831.91,2016-04-09,181707,500.0,27.0,21-30,1,One-Time Customer
T431265,C4953951,,M,GHAZIABAD,24433.77,2016-08-17,181004,107.25,,,1,One-Time Customer
T324560,C2128888,1991-11-22,M,CHANDIGARH,5994.71,2016-08-15,161440,40.0,25.0,21-30,1,One-Time Customer
T273392,C6869386,,M,CHENNAI,187480.76,2016-12-08,195528,1745.0,,,1,One-Time Customer
T797487,C8431465,1985-08-15,M,SANTACRUZ EAST MUMBAI,62656.79,2016-05-09,134155,600.0,31.0,31-40,1,One-Time Customer
T1010416,C8815924,1986-07-16,F,DELHI,43716.71,2016-09-14,231832,77.0,30.0,21-30,1,One-Time Customer
T303581,C8439189,,M,AHMEDABAD,144335.88,2016-10-08,140004,2000.0,,,1,One-Time Customer
T407933,C2027430,1991-04-10,M,GURGAON,9472.3,2016-08-18,221151,19.0,25.0,21-30,1,One-Time Customer
T208072,C1039874,1990-01-27,M,THANE,155.66,2016-08-08,124338,30.0,27.0,21-30,2,Occasional Customer
T740874,C2741442,,M,ALIGARH,67560.39,2016-02-09,195720,30.0,,,1,One-Time Customer
T318851,C5429258,,F,CHANDIGARH,6309.52,2016-10-08,211001,200.0,,,1,One-Time Customer
T400175,C3215027,1978-12-26,M,JODHPUR,120263.45,2016-08-18,54958,255.0,38.0,31-40,1,One-Time Customer
T38130,C4832049,1995-09-28,M,CHENNAI,1.06,2016-09-27,194444,1000.0,21.0,21-30,1,One-Time Customer
T215011,C4615330,1983-03-11,F,GURGAON,2868.86,2016-08-08,180325,960.0,33.0,31-40,1,One-Time Customer
T275301,C3332421,,M,BANGALORE,2088.29,2016-11-08,61017,500.0,,,2,Occasional Customer
T315557,C4385837,1987-02-20,M,KANPUR,34402.41,2016-10-08,224432,189.0,30.0,21-30,1,One-Time Customer
T378592,C3717150,1992-06-19,F,JAMNAGAR,28209.82,2016-08-13,162423,8010.0,24.0,21-30,1,One-Time Customer
T947418,C3217726,1979-10-10,M,BANGALORE,69267.57,2016-10-09,201252,3492.0,37.0,31-40,1,One-Time Customer
T967066,C6731044,1986-11-08,M,UDAIPUR,84448.1,2016-10-09,125508,108.02,30.0,21-30,1,One-Time Customer
T380622,C2713691,1993-01-10,M,FAZILKA,15727.22,2016-08-13,170805,326.0,24.0,21-30,2,Occasional Customer
T773218,C9034123,1987-06-09,M,MUMBAI,1091429.96,2016-06-09,231950,4963.0,29.0,21-30,1,One-Time Customer
T1036754,C8720261,,F,PUNJAB,1120613.76,2016-09-18,144459,6840.0,,,1,One-Time Customer
T201981,C5213029,1990-09-08,F,PUNE,1689.18,2016-08-08,121251,17.16,26.0,21-30,1,One-Time Customer
T257941,C3114740,1981-03-23,M,AHMEDABAD,12958.05,2016-12-08,105707,1355.28,36.0,31-40,3,Occasional Customer
T843791,C1038271,1988-02-01,F,NEW DELHI,399122.38,2016-09-09,120755,100.0,29.0,21-30,1,One-Time Customer
T837601,C7094182,1991-04-14,F,MUMBAI,33827.47,2016-09-09,122512,18.64,25.0,21-30,2,Occasional Customer
T14436,C2236149,1987-01-19,M,AURANGABAD,17490.97,2016-09-26,205933,1550.0,30.0,21-30,1,One-Time Customer
T425932,C2619730,1979-12-10,F,GWALIOR,49805.09,2016-08-17,161315,9288.0,37.0,31-40,1,One-Time Customer
T868756,C3948949,1997-10-31,M,BARMER,2627.57,2016-08-09,154153,10000.0,19.0,18-20,1,One-Time Customer
T1032328,C1822385,1991-10-23,M,PUNE,172.91,2016-09-13,101934,60.0,25.0,21-30,1,One-Time Customer
T400224,C1235062,1986-04-28,M,BANGALORE,68971.92,2016-08-18,61425,927.0,30.0,21-30,2,Occasional Customer
T367510,C8598249,,M,HYDERABAD,463022.47,2016-08-14,203045,1499.93,,,1,One-Time Customer
T53046,C3835413,,M,MOHALI,969436.12,2016-03-08,170445,3081.0,,,1,One-Time Customer
T3801,C7839559,,F,BILASPUR,191087.97,2016-09-22,162913,706.0,,,2,Occasional Customer
T818590,C7134558,1991-01-09,F,VISAKHAPATNAM,4278.59,2016-04-09,171903,300.0,25.0,21-30,2,Occasional Customer
T791094,C1520379,1984-10-10,M,DELHI,49588.61,2016-05-09,3757,500.0,32.0,31-40,1,One-Time Customer
T455577,C1210320,1982-07-03,M,MOHALI,35235.98,2016-08-16,223127,479.0,34.0,31-40,2,Occasional Customer
T326798,C6512937,1987-03-21,M,MOHALI,16232.81,2016-08-15,171758,570.0,29.0,21-30,1,One-Time Customer
T210770,C3115580,1977-02-23,M,THANE,2333.45,2016-03-09,131513,185.0,39.0,31-40,1,One-Time Customer
T206230,C4612568,1980-04-03,F,BANGALORE,198.42,2016-08-08,164820,1574.32,36.0,31-40,1,One-Time Customer
T160871,C7439723,1980-09-02,F,AMBALA CANTT,14676.62,2016-05-08,221517,119.0,36.0,31-40,1,One-Time Customer
T353636,C8016790,1981-03-02,M,DELHI,274726.05,2016-08-14,153207,15486.0,35.0,31-40,1,One-Time Customer
T367592,C4133774,1989-01-10,M,ANANDPUR SAHIB,112621.31,2016-08-14,192424,620.0,28.0,21-30,3,Occasional Customer
T599885,C4936829,1976-09-15,F,SANTA CRUZ,3354.55,2016-08-26,191557,380.0,40.0,31-40,1,One-Time Customer
T3222,C6921526,1986-02-23,M,UNNAO,23622.27,2016-10-21,163055,279.0,31.0,31-40,1,One-Time Customer
T1048188,C7029766,1982-10-01,M,MALAPPURAM,30142.74,2016-09-18,181005,364.0,34.0,31-40,1,One-Time Customer
T289277,C4515481,,F,NR ARJYA PATTY ITKHOLA SILCHAR,6949.75,2016-11-08,183435,2784.0,,,1,One-Time Customer
T1018401,C7920957,1984-09-08,M,GUNTUR,60441.42,2016-09-13,200132,1650.0,32.0,31-40,2,Occasional Customer
T335949,C5320470,1990-03-14,M,BANGALORE,4155.17,2016-08-15,190803,185.0,26.0,21-30,2,Occasional Customer
T905192,C5678743,,M,BANGALORE,2826.75,2016-12-09,160014,1430.7,,,1,One-Time Customer
T630821,C2112538,,M,JAIPUR,54881.89,2016-08-29,121701,294.0,,,1,One-Time Customer
T211579,C8112761,1982-01-06,M,MUMBAI,45690.34,2016-08-08,155556,504.31,35.0,31-40,2,Occasional Customer
T100637,C3745665,1983-04-02,M,NEW DELHI,15824.18,2016-01-08,182136,975.0,33.0,31-40,1,One-Time Customer
T10121,C1192730,1982-10-26,M,MUMBAI,47288.78,2016-09-25,192335,649.73,34.0,31-40,1,One-Time Customer
T320916,C3926484,1990-01-07,M,CUDDAPAH,90364.58,2016-08-15,30432,1.0,27.0,21-30,2,Occasional Customer
T200192,C3926158,1993-01-07,M,INDORE,52.32,2016-09-08,215802,330.0,24.0,21-30,2,Occasional Customer
T73349,C1216232,1991-11-01,M,GURGAON,1368.03,2016-02-08,151053,10.0,24.0,21-30,1,One-Time Customer
T1041114,C3729252,1982-05-05,F,GHAZIABAD,56432.18,2016-09-18,150443,500.0,34.0,31-40,1,One-Time Customer
T773467,C5114567,1986-06-09,M,MUMBAI,213236.32,2016-06-09,231551,1340.0,30.0,21-30,1,One-Time Customer
T232490,C4514934,,M,GURGAON,23765.43,2016-07-08,161234,757.0,,,1,One-Time Customer
T652358,C7962014,1989-07-06,F,PUNE,26746.34,2016-08-31,151010,1010.0,27.0,21-30,1,One-Time Customer
T618012,C6013875,1988-01-04,M,MUMBAI,64669.7,2016-08-25,182537,850.0,29.0,21-30,1,One-Time Customer
T178394,C3940014,1992-10-20,F,GURGAON,2068.55,2016-04-08,234948,50.0,23.0,21-30,1,One-Time Customer
T502146,C7340890,,M,NEW DELHI,15882.6,2016-08-20,215421,528.39,,,1,One-Time Customer
T415328,C3329376,1994-07-19,F,BANGALORE,3898.58,2016-08-17,82942,500.0,22.0,21-30,1,One-Time Customer
T240238,C6336945,,F,PANVEL RAIGARH,39080.78,2016-07-08,172259,748.0,,,1,One-Time Customer
T565697,C2811845,1987-01-01,F,DELHI,3214.58,2016-08-27,32037,4.29,30.0,21-30,1,One-Time Customer
T678459,C7119849,1983-12-10,F,MUMBAI,47856.95,2016-08-28,11000,120.0,33.0,31-40,3,Occasional Customer
T544020,C4142963,1985-01-04,M,NEW DELHI,149761.4,2016-08-24,183837,100.0,32.0,31-40,1,One-Time Customer
T958906,C5119656,1995-06-01,F,GURGAON,8733.92,2016-10-09,163724,2469.0,21.0,21-30,1,One-Time Customer
T716330,C8416247,1980-05-16,M,VIJAYAWADA,30465.0,2016-03-09,194200,2960.0,36.0,31-40,1,One-Time Customer
T215441,C4767833,1981-05-07,M,DELHI,10101.76,2016-08-08,171834,2400.0,35.0,31-40,1,One-Time Customer
T455522,C1511033,1986-12-27,F,MUMBAI,373.82,2016-08-16,205828,185.0,30.0,21-30,1,One-Time Customer
T230844,C8240482,1986-09-09,F,DELHI,13642.2,2016-07-08,154725,225.0,30.0,21-30,2,Occasional Customer
T857666,C5016277,1992-11-07,M,MUMBAI,24881.71,2016-09-09,212858,1509.0,24.0,21-30,1,One-Time Customer
T978658,C8525824,,M,CHENNAI,50051.48,2016-09-15,132912,136.5,,,1,One-Time Customer
T106010,C1932854,1989-05-12,F,MUMBAI,261.94,2016-01-08,211457,150.0,27.0,21-30,1,One-Time Customer
T236026,C1730226,,F,MUMBAI,21626.15,2016-07-08,123403,1465.0,,,1,One-Time Customer
T301277,C7934120,1992-12-15,M,MUMBAI,2179.82,2016-10-08,150805,100.0,24.0,21-30,1,One-Time Customer
T64396,C2028479,1978-01-07,M,GURGAON,63942.43,2016-03-08,234354,200.0,38.0,31-40,1,One-Time Customer
T514115,C5010325,1978-05-16,M,AHMEDABAD,38612.53,2016-08-19,180812,294.0,38.0,31-40,2,Occasional Customer
T752184,C3578959,1989-06-24,F,CHENNAI,7305.39,2016-01-09,203325,432.0,27.0,21-30,1,One-Time Customer
T1000831,C5535974,1979-08-20,M,GHAZIABAD,78010.72,2016-09-14,144948,640.0,37.0,31-40,1,One-Time Customer
T560153,C1518464,1988-12-25,F,NOIDA,4602.13,2016-08-22,144530,2086.25,28.0,21-30,1,One-Time Customer
T1009026,C6142639,1994-06-18,F,PUNE,38989.21,2016-09-13,213256,29.0,22.0,21-30,2,Occasional Customer
T508647,C3233964,1988-02-12,M,BURDWAN,9479.85,2016-08-19,121353,5405.0,29.0,21-30,1,One-Time Customer
T374417,C4334687,1988-09-07,M,WEST GODAVARI,27646.9,2016-08-13,131006,1012.65,28.0,21-30,1,One-Time Customer
T996031,C7433650,1991-05-16,M,THANE,529.69,2016-09-14,103045,50.0,25.0,21-30,1,One-Time Customer
T596227,C1023554,1986-10-20,F,BANGALORE,146590.32,2016-08-26,213249,300.0,30.0,21-30,2,Occasional Customer
T906608,C8217331,1991-11-15,M,GURGAON,3356.79,2016-12-09,132143,111.0,25.0,21-30,1,One-Time Customer
T101012,C5025669,1989-10-19,F,BANGALORE,108964.04,2016-01-08,183437,390.54,26.0,21-30,1,One-Time Customer
T927881,C1927264,1988-04-27,M,LUCKNOW,22959.96,2016-11-09,125339,487.2,29.0,21-30,1,One-Time Customer
T695005,C2417259,1990-09-27,F,GREATER NOIDA,4464.7,2016-08-31,221518,250.0,26.0,21-30,2,Occasional Customer
T565321,C6498144,1986-01-31,M,BANGALORE,435699.09,2016-08-27,150416,2554.0,31.0,31-40,1,One-Time Customer
T876582,C6618788,,M,BARODA,15026.2,2016-08-09,204426,200.0,,,1,One-Time Customer
T583793,C5830925,1993-05-02,M,CHANDIGARH,2812.75,2016-08-22,201244,400.0,23.0,21-30,1,One-Time Customer
T880661,C4930665,1992-06-12,M,UDUPI,6059.49,2016-07-09,220106,942.0,24.0,21-30,1,One-Time Customer
T362331,C4890627,1990-04-12,M,JAIPUR,20112.94,2016-08-14,183054,100.0,26.0,21-30,1,One-Time Customer
T1015774,C7212681,1983-04-11,F,NOIDA,279801.72,2016-09-14,201928,3604.0,33.0,31-40,1,One-Time Customer
T169269,C7422023,1992-04-14,F,DELHI,228260.89,2016-04-08,193001,198.0,24.0,21-30,2,Occasional Customer
T519996,C8240191,1984-12-28,F,GURGAON,4217.99,2016-08-24,95342,30.0,32.0,31-40,1,One-Time Customer
T243519,C2216020,1980-10-12,M,MUMBAI,16496.88,2016-07-08,194237,199.0,36.0,31-40,2,Occasional Customer
T617854,C1958614,1992-06-07,M,NOIDA,3844.78,2016-08-26,130951,175.0,24.0,21-30,1,One-Time Customer
T593065,C5021852,1986-10-15,M,KANPUR,253.67,2016-08-26,13828,200.0,30.0,21-30,1,One-Time Customer
T1033942,C8025660,,F,SAKI NAKA S O MUMBAI,1213.27,2016-09-13,33428,200.0,,,1,One-Time Customer
T297689,C3728538,1990-05-07,M,GURGAON,26951.08,2016-11-08,231057,561.6,27.0,21-30,2,Occasional Customer
T672151,C1231385,1989-07-23,M,SURAT,19056.31,2016-08-28,181832,1785.0,27.0,21-30,1,One-Time Customer
T788820,C6136019,1994-12-07,M,BANGALORE,22283.47,2016-05-09,80935,400.0,21.0,21-30,1,One-Time Customer
T976925,C4919792,1991-05-27,F,NOIDA,8534.23,2016-09-15,141628,281.0,25.0,21-30,1,One-Time Customer
T894607,C1827276,1983-11-17,M,BANGALORE,6766.37,2016-07-09,134823,460.0,33.0,31-40,2,Occasional Customer
T986608,C3042353,1978-03-06,M,ST CRUZ,12874.2,2016-09-15,23113,31.0,39.0,31-40,1,One-Time Customer
T494955,C5131639,1982-11-02,M,FARIDABAD,426073.46,2016-08-20,195412,169.0,34.0,31-40,1,One-Time Customer
T49964,C1224337,1991-06-06,M,NEW DELHI,69576.19,2016-03-08,144108,5600.0,25.0,21-30,1,One-Time Customer
T22553,C5632044,1988-05-25,F,KOLLAM,20429.39,2016-09-23,123808,851.0,28.0,21-30,1,One-Time Customer
T366721,C2936588,1993-07-28,F,DELHI,20806.68,2016-08-14,200959,30.0,23.0,21-30,1,One-Time Customer
T785802,C5423033,1985-05-18,M,AHMEDABAD,125345.92,2016-06-09,114409,1616.88,31.0,31-40,1,One-Time Customer
T133255,C1310562,1987-11-07,M,BANGALORE,5391.8,2016-05-08,112715,200.0,29.0,21-30,1,One-Time Customer
T479858,C8951049,1985-05-10,M,NEW DELHI,1661.7,2016-08-20,132415,200.0,31.0,31-40,1,One-Time Customer
T366474,C1631339,1989-07-28,M,BAREILLY,126849.57,2016-08-14,204423,121.0,27.0,21-30,2,Occasional Customer
T632256,C8536263,1980-11-02,M,NEW DELHI,177168.73,2016-08-29,195834,1681.69,36.0,31-40,2,Occasional Customer
T512288,C3237837,1993-10-15,F,ANGAMALI,30.43,2016-08-19,203432,419.58,23.0,21-30,1,One-Time Customer
T39684,C4317391,,M,CHENNAI,368.02,2016-09-27,93142,120.0,,,1,One-Time Customer
T92967,C1128543,,M,DELHI,21891.94,2016-09-27,174052,4190.0,,,1,One-Time Customer
T392866,C4425114,1992-09-14,M,BANDRA E MUMBAI,16665.55,2016-08-13,194856,278.0,24.0,21-30,1,One-Time Customer
T812079,C6641384,1992-10-07,M,VARANAVASI,1448.99,2016-04-09,194741,40.0,24.0,21-30,2,Occasional Customer
T30752,C5824032,1983-04-11,M,ANAND,8042.6,2016-09-25,224413,299.0,33.0,31-40,1,One-Time Customer
T402162,C3018016,,M,WAYS PANCHKUVA AHMEDABAD,143.07,2016-08-18,140424,220.0,,,2,Occasional Customer
T418238,C8022750,1977-09-13,M,THANE W,246511.17,2016-08-17,154655,1070.0,39.0,31-40,1,One-Time Customer
T1043649,C6540978,,M,BETIM BARDEZ,6885.63,2016-09-18,85603,1000.0,,,2,Occasional Customer
T582988,C7727134,1991-11-06,F,KANPUR,17653.52,2016-08-27,150628,71.54,25.0,21-30,1,One-Time Customer
T259385,C6022992,1979-07-04,M,GURGAON,534609.84,2016-12-08,132518,567.0,37.0,31-40,1,One-Time Customer
T367713,C2236740,1984-02-01,M,KANPUR,325.54,2016-08-13,91633,12130.0,33.0,31-40,2,Occasional Customer
T409235,C8817046,,M,BANGALORE,28479.96,2016-08-18,213148,265.0,,,3,Occasional Customer
T938709,C5920653,1986-06-24,M,NEW DELHI,16065.56,2016-11-09,155925,3798.0,30.0,21-30,1,One-Time Customer
T87668,C6340073,1984-08-27,M,NEW DELHI,1059.71,2016-01-08,150005,454.0,31.0,31-40,1,One-Time Customer
T125940,C1525425,1990-03-23,F,MUMBAI,20503.47,2016-05-08,194347,923.0,26.0,21-30,1,One-Time Customer
T855001,C4833648,1986-05-24,M,GHAZIABAD,14687.05,2016-09-09,193407,786.0,30.0,21-30,1,One-Time Customer
T897767,C1827422,1979-11-25,M,N DELHI,32160.99,2016-07-09,102709,250.0,37.0,31-40,1,One-Time Customer
T761992,C2526937,1985-06-12,M,HYDERABAD,7824.41,2016-01-09,144432,99.0,31.0,31-40,1,One-Time Customer
T918351,C4821772,1993-03-17,M,DELHI,8425.42,2016-12-09,211542,100.0,24.0,21-30,2,Occasional Customer
T1043551,C7628479,1986-10-12,M,FARIDABAD,5461.35,2016-09-18,110636,20.0,30.0,21-30,1,One-Time Customer
T27817,C8629972,1991-09-22,F,MEDAK,43578.55,2016-09-26,131605,3500.0,25.0,21-30,1,One-Time Customer
T850567,C7638225,1990-01-28,M,SHILLLONG,10677.64,2016-09-09,193019,329.0,27.0,21-30,1,One-Time Customer
T186863,C1725084,1987-09-18,F,MANDYA,3722.26,2016-09-08,85312,2018.0,29.0,21-30,1,One-Time Customer
T734247,C1232351,1986-02-26,F,MUMBAI,404387.24,2016-02-09,165056,77.0,30.0,21-30,1,One-Time Customer
T499519,C3910046,1991-07-03,M,DISTT-THANE THANE,1240.09,2016-08-19,90743,500.0,25.0,21-30,2,Occasional Customer
T489044,C6513720,1976-01-06,M,CITY PUNE,39344.55,2016-08-20,182812,1904.0,41.0,41-50,1,One-Time Customer
T243830,C5539161,1992-06-10,F,FARIDABAD,3743.24,2016-07-08,192928,540.0,24.0,21-30,2,Occasional Customer
T985623,C7117062,1995-08-26,M,PINJORE,3913.73,2016-09-15,74108,773.46,21.0,21-30,1,One-Time Customer
T81468,C5851283,1984-03-24,M,GURGAON,20.77,2016-02-08,234202,2520.0,32.0,31-40,1,One-Time Customer
T520397,C5314212,1978-07-11,M,CHENNAI,140.06,2016-08-19,201517,5.0,38.0,31-40,1,One-Time Customer
T196511,C3439261,1986-11-29,M,MUMBAI,594924.8,2016-09-08,200149,2625.0,30.0,21-30,2,Occasional Customer
T939576,C4121087,1982-08-11,M,BANGALORE,73077.03,2016-11-09,160900,2192.0,34.0,31-40,2,Occasional Customer
T852614,C8629583,,F,GURGAON,62108.53,2016-09-09,204138,475.0,,,1,One-Time Customer
T549947,C8213543,1994-05-15,M,DELHI,159.23,2016-08-22,2849,147.0,22.0,21-30,1,One-Time Customer
T141387,C8318251,1989-10-17,F,CHANDIGARH,3019.21,2016-05-08,183418,102.0,27.0,21-30,2,Occasional Customer
T326222,C7834345,1990-01-01,M,MUMBAI,1681.07,2016-08-15,152804,50.0,27.0,21-30,1,One-Time Customer
T305185,C7031646,1994-12-08,M,RUDRAPUR,988.39,2016-10-08,121730,57.0,22.0,21-30,1,One-Time Customer
T477977,C5198819,1990-05-04,M,NEW DELHI,14465.67,2016-08-20,95236,1050.33,26.0,21-30,1,One-Time Customer
T680549,C3820721,1991-07-10,F,MUMBAI,179024.97,2016-08-31,233552,468.0,25.0,21-30,1,One-Time Customer
T546403,C4757112,1994-08-07,M,GURGAON,38849.43,2016-08-23,192019,53.0,22.0,21-30,1,One-Time Customer
T990739,C1225131,1988-06-15,M,KANGRA,45.96,2016-09-15,223959,117.32,28.0,21-30,1,One-Time Customer
T619136,C7497091,1983-06-16,M,HYDERABAD,12001.76,2016-08-27,180058,380.0,33.0,31-40,1,One-Time Customer
T203485,C1421459,1983-01-13,F,NEW DELHI,7778.89,2016-08-08,142928,1836.0,34.0,31-40,1,One-Time Customer
T132432,C4336467,1989-11-29,M,CHENNAI,164.06,2016-06-08,203637,200.0,27.0,21-30,2,Occasional Customer
T475089,C2226540,,M,NEW DELHI,103856.35,2016-08-20,2502,15822.0,,,1,One-Time Customer
T714733,C6212382,1985-08-23,M,CALICUT,15236.28,2016-03-09,195721,378.11,31.0,31-40,1,One-Time Customer
T6685,C2114338,1979-11-22,M,BANGALORE,21364.4,2016-09-25,194226,235.0,37.0,31-40,1,One-Time Customer
T87336,C8314011,1993-07-30,F,DELHI,8454.04,2016-01-08,93309,41.0,22.0,21-30,2,Occasional Customer
T421103,C8816782,1981-03-02,M,DELHI,274726.05,2016-08-17,110311,7068.2,35.0,31-40,1,One-Time Customer
T499009,C1941652,1986-08-20,M,GURGAON,527795.16,2016-08-20,222317,3981.0,30.0,21-30,2,Occasional Customer
T548997,C7237959,1987-08-14,M,VISAKHAPATNAM,12474.7,2016-08-24,165956,677.0,29.0,21-30,2,Occasional Customer
T816199,C5032121,1983-05-11,M,VAGATOR,4633.91,2016-04-09,202402,948.0,33.0,31-40,1,One-Time Customer
T293536,C8115162,,,MUMBAI,20.0,2016-11-08,212809,100.0,,,1,One-Time Customer
T1018723,C7414885,1987-03-02,M,RAJSAMAND,1984.05,2016-09-14,212834,69.0,30.0,21-30,2,Occasional Customer
T1047292,C4030024,1980-12-09,M,NOIDA,109822.14,2016-09-18,190123,1651.5,36.0,31-40,1,One-Time Customer
T457924,C2220890,1979-05-10,M,GURGAON,10466.68,2016-08-21,133356,100.0,37.0,31-40,2,Occasional Customer
T485514,C3330178,1984-06-19,F,VARANASI,1634.1,2016-08-20,91147,400.0,32.0,31-40,1,One-Time Customer
T286035,C1641832,1988-05-23,M,GHAZIABAD,8437.23,2016-11-08,131455,400.0,28.0,21-30,1,One-Time Customer
T949179,C1422246,1978-07-07,M,PUNE,23389.34,2016-10-09,202613,1000.0,38.0,31-40,1,One-Time Customer
T37588,C3516358,1977-01-07,M,BANGALORE,2351939.85,2016-09-30,125437,301.0,40.0,31-40,1,One-Time Customer
T929709,C3824745,1980-03-06,M,HYDERABAD,5490.01,2016-11-09,155854,200.0,37.0,31-40,1,One-Time Customer
T1039890,C4318921,,M,GURGAON,82208.73,2016-09-18,140423,1990.0,,,1,One-Time Customer
T827159,C4739630,1978-08-06,M,KOLHAPUR,15673.26,2016-04-09,115534,409.0,38.0,31-40,2,Occasional Customer
T81577,C8128988,1982-05-10,M,JUNCTION MUMBAI,48021.59,2016-01-08,50723,1650.0,34.0,31-40,1,One-Time Customer
T1031820,C3618491,1985-01-23,M,THANE,10837.5,2016-09-13,84004,1000.0,32.0,31-40,1,One-Time Customer
T618991,C8434258,1992-01-15,M,CHAMPARAN,14.91,2016-08-25,160446,96.0,25.0,21-30,1,One-Time Customer
T122994,C2639492,,M,NEW DELHI,442039.17,2016-06-08,184909,4930.0,,,1,One-Time Customer
T844654,C2610556,1976-05-09,F,PATIALA,71964.27,2016-09-09,30134,34905.03,40.0,31-40,3,Occasional Customer
T762687,C3433718,1990-07-16,M,GWALIOR,14479.7,2016-01-09,121900,69.0,25.0,21-30,1,One-Time Customer
T746361,C8011241,,M,MUMBAI,17406.06,2016-02-09,210158,3493.21,,,2,Occasional Customer
T936039,C1838858,1995-10-06,F,"DIMAPUR, NAGALAND",11339.18,2016-11-09,183422,172.58,21.0,21-30,2,Occasional Customer
T285660,C5837967,1996-03-31,M,PUNE,112641.21,2016-11-08,113508,500.0,21.0,21-30,1,One-Time Customer
T38980,C6120243,1993-10-18,M,DELHI,6298.73,2016-09-27,223401,7620.0,23.0,21-30,1,One-Time Customer
T817632,C2672758,1994-02-28,F,DELHI,1545.04,2016-04-09,173821,1396.0,22.0,21-30,1,One-Time Customer
T917016,C2015314,1985-05-31,M,MUMBAI,126023.26,2016-12-09,205306,710.0,32.0,31-40,2,Occasional Customer
T386680,C6833517,1989-10-18,F,SOUTH BANGALORE,22.93,2016-08-13,210929,232.0,27.0,21-30,1,One-Time Customer
T202378,C7321364,1986-11-14,F,KOLKATA,33790.49,2016-08-08,44231,7.07,30.0,21-30,1,One-Time Customer
T345737,C5637165,1988-04-07,M,DELHI,24698.22,2016-08-14,140137,999.01,28.0,21-30,3,Occasional Customer
T791819,C5836075,1986-10-09,F,DELHI,25691.08,2016-05-09,115956,3000.0,30.0,21-30,1,One-Time Customer
T711194,C7977264,1991-09-18,M,SURAT,18344.35,2016-03-09,43416,198.0,24.0,21-30,1,One-Time Customer
T942130,C3426587,1990-11-12,M,BEHROR,115.33,2016-11-09,191414,12000.0,26.0,21-30,2,Occasional Customer
T599754,C3124262,1994-09-30,F,MUMBAI,29338.51,2016-08-25,1938,816.0,22.0,21-30,1,One-Time Customer
T620059,C7927157,1977-12-08,F,GURGAON,368.31,2016-08-25,182617,900.0,39.0,31-40,1,One-Time Customer
T91018,C2023519,1987-06-14,M,CHANDIGARH,11542.19,2016-09-22,135204,184.0,29.0,21-30,1,One-Time Customer
T560540,C2229411,1979-08-28,M,PURI,38030.15,2016-08-22,154209,4405.0,37.0,31-40,1,One-Time Customer
T721222,C2820145,,F,INDORE,26503.52,2016-03-09,203223,3300.0,,,1,One-Time Customer
T883945,C1634157,1979-09-11,M,NAVI MUMBAI,3686.23,2016-07-09,202635,1084.67,37.0,31-40,1,One-Time Customer
T1021233,C3420273,1987-02-28,F,DELHI,18115.34,2016-09-13,180043,550.0,30.0,21-30,2,Occasional Customer
T1024473,C1638830,1991-04-02,M,MUMBAI,76270.32,2016-09-13,151747,1350.0,25.0,21-30,2,Occasional Customer
T177779,C3831014,1988-10-27,M,DELHI,20965.11,2016-04-08,231013,500.0,27.0,21-30,1,One-Time Customer
T846527,C3422853,,M,FARIDABAD,0.0,2016-09-09,75704,1000.0,,,2,Occasional Customer
T847098,C4917943,1990-04-15,F,DELHI,19742.38,2016-09-09,121907,1702.0,26.0,21-30,1,One-Time Customer
T502944,C4928511,1988-04-08,M,MUMBAI,7933.39,2016-08-19,140855,174.8,28.0,21-30,1,One-Time Customer
T414166,C3019338,1987-01-05,M,GURGAON,148855.13,2016-08-17,83602,100.0,30.0,21-30,3,Occasional Customer
T137068,C5719917,1981-12-18,F,KOLKATA,116602.13,2016-05-08,135436,1840.0,34.0,31-40,1,One-Time Customer
T559772,C8811189,1981-01-30,M,JHALAWAR,932.82,2016-08-22,25019,1.0,36.0,31-40,1,One-Time Customer
T705324,C7813955,1991-04-06,F,NOIDA,285.69,2016-08-30,111853,843.0,25.0,21-30,1,One-Time Customer
T1002075,C3837287,1977-02-27,M,KOLKATA,18271.6,2016-09-14,153144,927.0,40.0,31-40,2,Occasional Customer
T555407,C2012043,1997-09-07,F,GURGAON,11196.3,2016-08-24,152903,524.0,19.0,18-20,1,One-Time Customer
T183254,C9042063,1992-07-17,F,BANGALORE,10374.01,2016-09-08,120306,198.0,24.0,21-30,2,Occasional Customer
T99476,C4429016,1988-06-05,M,PUNE,7741.27,2016-01-08,205925,245.0,28.0,21-30,1,One-Time Customer
T314346,C5967542,1990-06-22,F,GURGAON,590.61,2016-10-08,192719,438.0,26.0,21-30,1,One-Time Customer
T987125,C2924641,,M,BANGALORE,19351.1,2016-09-15,62958,200.0,,,3,Occasional Customer
T392480,C6628415,1997-03-26,M,FAIZABAD,956.18,2016-08-13,225454,50.0,19.0,18-20,1,One-Time Customer
T176594,C6120862,1991-11-29,F,DELHI,5203.83,2016-04-08,152731,80.0,24.0,21-30,1,One-Time Customer
T906964,C2770252,1980-05-06,F,NEW DELHI,78103.14,2016-12-09,135258,269.0,37.0,31-40,1,One-Time Customer
T689716,C2714645,1985-01-05,M,NEW DELHI,522807.31,2016-08-30,1222,291.0,32.0,31-40,1,One-Time Customer
T729680,C3719924,1982-06-11,M,MUMBAI,24069.81,2016-02-09,115041,350.0,34.0,31-40,1,One-Time Customer
T606710,C5046776,,M,VARANASI,7752.32,2016-08-26,155941,449.0,,,1,One-Time Customer
T605355,C8121262,1987-05-20,M,NEW DELHI,4526.42,2016-08-26,172042,129.0,29.0,21-30,4,Occasional Customer
T548494,C3297486,1990-08-27,M,NEW DELHI,47844.44,2016-08-23,104658,1600.0,26.0,21-30,1,One-Time Customer
T828866,C5620677,1988-06-26,F,AMRITSAR,24556.66,2016-04-09,120649,1598.0,28.0,21-30,1,One-Time Customer
T706184,C2214122,1987-10-25,M,SHAMSHABAD,35002.47,2016-08-31,173914,100.0,29.0,21-30,1,One-Time Customer
T18217,C2259569,1981-04-26,M,DELHI,39698.29,2016-09-26,195138,500.0,35.0,31-40,1,One-Time Customer
T534357,C1939131,1988-01-09,F,GURGAON,8181.74,2016-08-24,193355,426.0,29.0,21-30,1,One-Time Customer
T478840,C4618529,1993-08-03,M,PUNE,3101.74,2016-08-21,190737,72.81,23.0,21-30,1,One-Time Customer
T816775,C5422472,1985-10-10,M,CHENNAI,52608.41,2016-04-09,200431,1246.0,30.0,21-30,2,Occasional Customer
T806170,C8618014,1983-09-09,M,NEW DELHI,1114.63,2016-05-09,204222,700.0,33.0,31-40,1,One-Time Customer
T957565,C4931253,1987-01-21,M,EAST THANE MUMBAI,15090.83,2016-10-09,192425,1376.8,30.0,21-30,1,One-Time Customer
T961218,C7739486,1984-12-31,F,DHANORI PUNE,58.65,2016-10-09,140335,2764.2,32.0,31-40,1,One-Time Customer
T510567,C7324765,1991-08-02,M,AHMEDABAD,53146.43,2016-08-19,210434,128.0,25.0,21-30,1,One-Time Customer
T93643,C6123144,1991-09-20,M,KOCHI,2.69,2016-01-08,155113,1.0,24.0,21-30,1,One-Time Customer
T378349,C3514477,,M,CHENNAI,27021.05,2016-08-13,164018,396.0,,,2,Occasional Customer
T831430,C6441758,1979-11-05,M,BANGALORE,15897.4,2016-04-09,134119,500.0,36.0,31-40,1,One-Time Customer
T648484,C4293020,1993-07-13,M,GURGAON,7875.49,2016-08-29,937,196.0,23.0,21-30,1,One-Time Customer
T819086,C2292711,1991-06-01,M,THANE,4760.43,2016-04-09,195044,1400.0,25.0,21-30,1,One-Time Customer
T765189,C6341660,1988-01-31,M,HAWRAH,1165.42,2016-01-09,95748,323.0,28.0,21-30,2,Occasional Customer
T707792,C1129729,,M,NAVI MUMBAI,6442.42,2016-03-09,100957,25.0,,,1,One-Time Customer
T929553,C4833718,1984-08-26,M,NAVI MUMBAI,2295.56,2016-11-09,164225,2463.35,32.0,31-40,1,One-Time Customer
T882937,C3837465,1980-04-26,F,MUMBAI,2019.47,2016-08-09,222532,1613.0,36.0,31-40,1,One-Time Customer
T506666,C8322251,1990-05-11,M,DELHI,19173.7,2016-08-19,134707,300.0,26.0,21-30,2,Occasional Customer
T734249,C6315345,,F,PUNE,354688.7,2016-02-09,165011,14614.0,,,2,Occasional Customer
T288638,C5722672,1988-12-05,M,DELHI,15.58,2016-11-08,184102,20.0,28.0,21-30,1,One-Time Customer
T430563,C8370722,1980-03-08,M,AHMEDABAD,32209.19,2016-08-17,174657,409.6,36.0,31-40,1,One-Time Customer
T544490,C2517846,1981-05-16,M,THANE,43741.07,2016-08-23,104139,477.0,35.0,31-40,3,Occasional Customer
T825298,C4967285,1985-04-09,M,MUMBAI,16993.81,2016-04-09,182920,391.49,31.0,31-40,1,One-Time Customer
T24928,C7634129,,M,CHANDIGARH,7737.06,2016-09-26,184119,546.0,,,2,Occasional Customer
T148911,C2126777,,M,KOLKATA,7245.68,2016-05-08,183558,1210.0,,,2,Occasional Customer
T728408,C6421021,1990-10-10,F,RANCHI,306.16,2016-02-09,114903,50.0,25.0,21-30,1,One-Time Customer
T1028423,C4620050,1989-11-03,M,ATHIRAMPUZHA,5883.5,2016-09-13,123356,210.0,27.0,21-30,2,Occasional Customer
T1015627,C1615115,,M,KOLKATA,3773320.66,2016-09-14,235528,3688.2,,,3,Occasional Customer
T464032,C1213418,1992-08-21,M,BANGALORE,103081.08,2016-08-16,233542,3085.0,24.0,21-30,1,One-Time Customer
T639595,C7726217,1990-05-27,M,SONIPAT,3548.08,2016-08-29,103433,481.0,26.0,21-30,1,One-Time Customer
T523822,C2031619,1989-12-25,F,PUNE,27873.91,2016-08-24,102026,178.0,27.0,21-30,1,One-Time Customer
T93476,C3422547,1978-10-05,M,THANE BADLAPUR,59942.91,2016-09-22,145435,1.0,38.0,31-40,1,One-Time Customer
T182930,C5935537,1987-11-03,M,THANE,62027.32,2016-09-08,153922,400.0,29.0,21-30,1,One-Time Customer
T439402,C3383322,1990-10-23,M,COIMBATORE,1.8,2016-08-16,103952,200.0,26.0,21-30,1,One-Time Customer
T996244,C4729090,,M,BANGALORE,5043.49,2016-09-14,122255,798.0,,,1,One-Time Customer
T376465,C2027567,1984-08-25,M,DELHI,4699.34,2016-08-13,103555,40.0,32.0,31-40,2,Occasional Customer
T933971,C3784189,1981-04-22,M,HYDERABAD,35669.51,2016-11-09,132738,740.0,36.0,31-40,2,Occasional Customer
T616015,C6321338,1994-11-18,M,MUMBAI,4262.82,2016-08-27,182322,17.0,22.0,21-30,1,One-Time Customer
T550165,C4215317,,M,KOLKATA,658858.61,2016-08-23,193538,1980.74,,,1,One-Time Customer
T213351,C4145732,1984-08-30,M,THANE WEST,42312.2,2016-08-08,140654,3277.92,32.0,31-40,1,One-Time Customer
T879146,C1413860,1985-08-20,F,MUMBAI,71694.31,2016-08-09,192819,440.0,31.0,31-40,3,Occasional Customer
T670931,C4115018,1988-10-08,M,CHANDAULI,30064.65,2016-08-28,185547,181.0,28.0,21-30,1,One-Time Customer
T644523,C5339641,1987-08-21,F,GORAKHPUR,24288.43,2016-08-25,152132,90.0,29.0,21-30,3,Occasional Customer
T988882,C8384037,1993-08-08,M,RAMPUR,2901.83,2016-09-15,55412,108.0,23.0,21-30,1,One-Time Customer
T290068,C5822062,1981-06-30,M,P SANAMBATLA,56.07,2016-11-08,173759,776.0,35.0,31-40,1,One-Time Customer
T73823,C2835632,1982-07-28,M,KOLKATA,25139.66,2016-02-08,190302,300.0,34.0,31-40,1,One-Time Customer
T184631,C2711031,,F,QUEPEM SOUTH GOA,107792.3,2016-09-08,170428,11721.0,,,1,One-Time Customer
T666479,C5818116,1976-12-24,M,DELHI,10361.79,2016-08-31,92024,42.0,40.0,31-40,1,One-Time Customer
T27457,C2924144,1997-03-06,F,THANE,32700.28,2016-09-27,160438,70.0,20.0,18-20,3,Occasional Customer
T122168,C1147722,1990-01-04,F,NOIDA,68.08,2016-06-08,192155,207.94,26.0,21-30,1,One-Time Customer
T224595,C6416055,1994-12-25,F,DELHI,31.94,2016-08-08,203601,20.0,22.0,21-30,2,Occasional Customer
T586104,C1822626,1988-10-16,F,MUMBAI,54421.1,2016-08-25,144424,50.0,28.0,21-30,2,Occasional Customer
T700164,C8419272,1992-10-13,M,SAS NAGAR,14075.01,2016-08-30,141416,500.0,24.0,21-30,1,One-Time Customer
T319517,C3314212,1984-02-15,F,RAIPUR,167.53,2016-10-08,200622,575.0,33.0,31-40,2,Occasional Customer
T445387,C4936624,1985-10-25,M,NOIDA,3345.81,2016-08-16,171735,1370.0,31.0,31-40,2,Occasional Customer
T863764,C2122341,,M,HYDERABAD,375.36,2016-08-09,134307,7042.0,,,2,Occasional Customer
T704579,C5634952,1998-11-11,M,RAJKOT,4102.18,2016-08-31,161500,159.0,18.0,18-20,1,One-Time Customer
T138397,C1712146,1989-12-02,M,DELHI,5400.46,2016-05-08,154901,40.07,26.0,21-30,2,Occasional Customer
T740925,C1712891,1989-03-20,M,GAYA,2150.21,2016-02-09,193921,3880.0,27.0,21-30,1,One-Time Customer
T754921,C8034224,1990-10-08,M,REWARI,2624.86,2016-01-09,181806,192.0,25.0,21-30,2,Occasional Customer
T520797,C8027531,1979-05-28,M,HUBLI,2750.14,2016-08-19,195204,114.0,37.0,31-40,2,Occasional Customer
T653553,C2437891,1992-12-19,M,MUMBAI,325679.24,2016-08-31,132719,153.0,24.0,21-30,2,Occasional Customer
T622148,C1541023,1993-03-11,M,GURGAON,7964.59,2016-08-25,183018,3498.0,23.0,21-30,1,One-Time Customer
T543675,C1332691,1991-05-16,M,BANGALORE,44169.69,2016-08-23,82747,1000.0,25.0,21-30,1,One-Time Customer
T508492,C8010565,,M,NASHIK,1344.57,2016-08-19,121929,100.0,,,2,Occasional Customer
T513297,C8171966,1985-11-29,M,BANGALORE,4729.19,2016-08-19,190107,203.0,31.0,31-40,1,One-Time Customer
T891127,C8373775,1990-08-06,M,DELHI,78791.12,2016-07-09,163410,1000.0,26.0,21-30,1,One-Time Customer
T7172,C3316312,,M,NOIDA,5146.74,2016-09-22,122030,115.0,,,1,One-Time Customer
T468042,C6425431,,M,RESIDENCY SECUNDERABAD,676597.09,2016-08-21,190529,1187.0,,,1,One-Time Customer
T207640,C4214740,,M,MUMBAI,954979.96,2016-08-08,132718,1656.0,,,1,One-Time Customer
T782769,C6838621,1992-05-07,M,JAIPUR,15.93,2016-06-09,121915,20.0,24.0,21-30,2,Occasional Customer
T286325,C1383167,1983-01-10,M,MUMBAI,600.22,2016-11-08,143130,20.0,34.0,31-40,1,One-Time Customer
T338369,C6054128,1986-04-27,M,NAVI MUMBAI,20786.14,2016-08-15,222433,50.0,30.0,21-30,1,One-Time Customer
T723233,C5426283,1985-12-09,M,MUMBAI,76841.66,2016-03-09,234732,1936.0,30.0,21-30,1,One-Time Customer
T694866,C3432456,1989-10-07,M,NOIDA,31107.42,2016-08-30,192038,20.0,27.0,21-30,1,One-Time Customer
T531359,C2011847,,M,GURGAON,134026.06,2016-08-23,155956,1000.0,,,1,One-Time Customer
T107406,C7910586,1988-09-03,M,GURGAON,10188.19,2016-06-08,80638,211.0,28.0,21-30,1,One-Time Customer
T249719,C4520772,1984-01-13,M,BANGALORE,70933.26,2016-07-08,220225,482.0,32.0,31-40,1,One-Time Customer
T260200,C7525282,1982-11-23,M,NOIDA,85382.38,2016-12-08,182306,300.0,34.0,31-40,1,One-Time Customer
T342711,C4524937,1987-10-21,M,BANGALORE,29011.69,2016-08-14,122411,56.0,29.0,21-30,1,One-Time Customer
T352976,C6388689,1988-08-22,M,DELHI,57368.25,2016-08-14,172441,1578.0,28.0,21-30,1,One-Time Customer
T97834,C7238834,1985-04-09,M,AMRITSAR,9408.54,2016-01-08,162534,200.0,31.0,31-40,2,Occasional Customer
T893928,C3270431,1991-05-01,M,MEERUT,179825.12,2016-07-09,161041,695.0,25.0,21-30,1,One-Time Customer
T919033,C8617478,1987-06-28,F,DELHI,9050.25,2016-12-09,193055,1323.0,29.0,21-30,1,One-Time Customer
T1027295,C8534653,1990-01-03,M,MUMBAI,3406.86,2016-09-13,110652,1000.0,27.0,21-30,3,Occasional Customer
T354385,C3439335,1980-02-19,M,MUMBAI,30169.89,2016-08-14,152535,2875.0,36.0,31-40,1,One-Time Customer
T553897,C2258046,1989-08-12,F,MUMBAI,24940.11,2016-08-24,150308,3988.05,27.0,21-30,1,One-Time Customer
T328745,C7667441,1985-05-03,M,CHENNAI,50465.99,2016-08-15,174109,1277.0,31.0,31-40,1,One-Time Customer
T660186,C1516346,1979-07-21,M,NAVI MUMBAI,71997.54,2016-08-31,184758,231.0,37.0,31-40,2,Occasional Customer
T661717,C4072129,1979-02-25,M,BANGALORE,1007187.78,2016-08-28,195940,6000.0,38.0,31-40,1,One-Time Customer
T2086,C7833249,1987-06-16,M,PUNE,5124.75,2016-10-21,203536,2000.0,29.0,21-30,1,One-Time Customer
T819511,C4325282,1982-04-09,M,MUMBAI,39210.02,2016-04-09,163743,2020.0,34.0,31-40,2,Occasional Customer
T825214,C8441270,,M,NAGAR AGRA,34717.58,2016-04-09,152121,0.0,,,1,One-Time Customer
T296590,C2610658,,M,RAIPUR,1774.52,2016-11-08,202652,1551.0,,,2,Occasional Customer
T37907,C5619873,1988-10-12,M,KOLKATA,699.0,2016-09-27,40731,55.0,28.0,21-30,2,Occasional Customer
T720211,C4034968,1990-02-22,M,SCHOOL MADHAPUR HYDERABAD,14512.64,2016-03-09,214924,3430.0,26.0,21-30,1,One-Time Customer
T68831,C7219534,1990-05-08,M,KADUBEESANAHALLI BELLANDUR POST,55095.69,2016-02-08,133021,298.0,26.0,21-30,1,One-Time Customer
T51810,C4126584,1983-11-15,F,PUNE,,2016-03-08,165725,156000.0,32.0,31-40,1,One-Time Customer
T815753,C7629724,,F,DELHI,60937.19,2016-04-09,220537,355.48,,,2,Occasional Customer
T573364,C8731041,1990-10-04,M,GWALIOR,120773.4,2016-08-22,175003,2017.0,26.0,21-30,2,Occasional Customer
T195198,C3514317,1987-12-18,M,AHMEDABAD,10005.11,2016-09-08,225723,880.0,29.0,21-30,1,One-Time Customer
T834580,C4117163,1993-08-04,M,KAPURTHALA,3942.96,2016-04-09,83752,33.0,23.0,21-30,1,One-Time Customer
T232725,C6219822,1983-08-08,F,DEHRADUN,25560.45,2016-07-08,162118,2601.11,33.0,31-40,1,One-Time Customer
T297358,C6869519,1989-07-28,F,LUCKNOW,15575.32,2016-10-08,104934,2000.0,27.0,21-30,1,One-Time Customer
T280785,C8239653,,F,GURGAON,40406.16,2016-11-08,101735,1870.48,,,1,One-Time Customer
T966391,C1042182,,M,CHENNAI,10554.25,2016-10-09,131947,1893.0,,,1,One-Time Customer
T318294,C4623390,1987-08-04,M,NASHIK,23289.13,2016-08-15,115309,462.0,29.0,21-30,1,One-Time Customer
T334981,C3121583,1982-10-12,F,THANE,49191.02,2016-08-15,145253,558.36,34.0,31-40,1,One-Time Customer
T797417,C7417340,1991-11-15,M,GURGAON,3356.79,2016-05-09,131812,131.04,24.0,21-30,2,Occasional Customer
T970895,C5027561,1978-06-15,M,GURGAON,49421.51,2016-10-09,21144,1000.0,38.0,31-40,1,One-Time Customer
T581487,C7321751,1991-12-15,M,KANGRA,3823.25,2016-08-27,113012,156.0,25.0,21-30,1,One-Time Customer
T991034,C5434837,1980-11-19,M,MUMBAI,2.99,2016-09-14,723,200.0,36.0,31-40,2,Occasional Customer
T650341,C3115389,1990-04-05,M,LUDHIANA,471.58,2016-08-31,134503,240.0,26.0,21-30,1,One-Time Customer
T1040141,C4214666,1979-12-06,F,KOLKATA,7915.17,2016-09-18,115616,1000.0,37.0,31-40,3,Occasional Customer
T722133,C6613753,,F,HYDERABAD,85997.18,2016-03-09,210614,3251.83,,,1,One-Time Customer
T1028838,C5028032,1983-09-01,M,KOLKATA,32231.89,2016-09-13,105547,100.0,33.0,31-40,2,Occasional Customer
T33669,C5756648,,M,KOLKATA,4923.89,2016-09-25,203152,1399.0,,,1,One-Time Customer
T422203,C2027550,,F,GURGAON,1065470.94,2016-08-17,125048,1272.0,,,1,One-Time Customer
T627358,C1440320,1985-01-07,M,DELHI,10707.18,2016-08-29,135855,186.0,32.0,31-40,2,Occasional Customer
T832480,C6933729,1990-12-11,M,FARIDABAD,4306.76,2016-04-09,120650,340.0,25.0,21-30,1,One-Time Customer
T365836,C7441377,1987-04-19,M,BANGALORE,80818.51,2016-08-14,213845,1795.0,29.0,21-30,1,One-Time Customer
T850933,C7518543,1989-08-18,M,KOLKATA,85254.05,2016-09-09,55322,600.0,27.0,21-30,1,One-Time Customer
T959727,C5741472,1985-05-02,M,CHENNAI,73909.17,2016-10-09,140123,415.0,31.0,31-40,1,One-Time Customer
T652070,C4410175,,M,GURGAON,22192.52,2016-08-31,131034,490.0,,,2,Occasional Customer
T120288,C6626977,1977-10-12,M,MUMBAI,46568.25,2016-06-08,145205,6786.0,39.0,31-40,1,One-Time Customer
T23545,C3123127,,M,ROPAR,35327.29,2016-09-26,80824,11300.0,,,1,One-Time Customer
T819084,C4898483,1983-08-31,F,ZIRAKPUR,938306.58,2016-04-09,193351,1821.2,33.0,31-40,1,One-Time Customer
T734621,C3235433,,M,KANCHIPURAM,13284.4,2016-02-09,125833,1000.0,,,2,Occasional Customer
T366488,C8130786,,M,DELHI,33328.21,2016-08-14,192239,2102.5,,,2,Occasional Customer
T159941,C1821123,1991-06-25,M,SITAPUR,48560.56,2016-05-08,213921,45.0,25.0,21-30,1,One-Time Customer
T429765,C6837440,1993-08-08,F,BANGALORE SOUTH,98830.46,2016-08-17,221445,18.0,23.0,21-30,3,Occasional Customer
T465218,C8936924,1982-12-14,M,HYDERABAD,32270.91,2016-08-21,123759,1570.0,34.0,31-40,2,Occasional Customer
T2617,C6027923,1992-07-09,M,DELHI,34678.51,2016-10-21,160445,100.0,24.0,21-30,1,One-Time Customer
T81342,C7831330,1997-08-08,M,UPPER BAZAR RANCHI,171.87,2016-02-08,222449,30.0,19.0,18-20,1,One-Time Customer
T1005322,C3918480,1980-06-04,M,NEW DELHI,27303.22,2016-09-14,181017,273.0,36.0,31-40,1,One-Time Customer
T1042030,C7541648,1985-08-26,F,MUMBAI,9590.5,2016-09-18,152336,800.0,31.0,31-40,1,One-Time Customer
T940164,C8970132,,M,RAIPUR,732.44,2016-11-09,173551,220.0,,,1,One-Time Customer
T459061,C7842742,,M,NEW DELHI,33013.69,2016-08-21,64113,70.0,,,1,One-Time Customer
T281044,C2816965,1986-04-02,M,FARIDABAD,9.44,2016-11-08,124425,260.0,31.0,31-40,1,One-Time Customer
T73795,C4264552,,M,NEW DELHI,126.07,2016-02-08,182808,1000.0,,,1,One-Time Customer
T211112,C6831166,,M,KOLKATA,271120.93,2016-03-09,133301,11.0,,,1,One-Time Customer
T942980,C2721752,1978-06-13,M,MUMBAI,40912.1,2016-11-09,182545,860.0,38.0,31-40,2,Occasional Customer
T434292,C8310578,,F,AMBALA CANTT,131383.84,2016-08-16,195431,295.0,,,2,Occasional Customer
T207888,C2441564,1986-02-10,M,GREATER NOIDA,16798.77,2016-08-08,120603,530.0,30.0,21-30,1,One-Time Customer
T686306,C6411439,1990-04-02,M,PATNA,14432.8,2016-08-30,83956,34.0,26.0,21-30,1,One-Time Customer
T412732,C6912677,1988-10-06,M,SRIVILLIPUTHUR,42287.1,2016-08-18,200121,10500.0,28.0,21-30,1,One-Time Customer
T933396,C2130460,1984-01-07,M,DELHI,237918.65,2016-11-09,172839,1395.0,33.0,31-40,2,Occasional Customer
T229739,C2814540,,M,CUTTACK,10161.33,2016-07-08,115442,268.52,,,1,One-Time Customer
T1027480,C8659718,1992-03-13,M,KONE PANVEL,18291.8,2016-09-13,110533,376.38,25.0,21-30,1,One-Time Customer
T473799,C6514283,1979-11-18,M,KARUR,88661.84,2016-08-21,215144,5943.0,37.0,31-40,1,One-Time Customer
T377939,C7126026,1983-12-11,M,DELHI,0.0,2016-08-13,3007,1.0,33.0,31-40,1,One-Time Customer
T893234,C7711292,1989-05-28,F,NEW DELHI,77041.64,2016-07-09,154725,700.0,27.0,21-30,2,Occasional Customer
T849809,C3623739,1982-11-15,M,CHENNAI,102900.19,2016-09-09,101445,500.0,34.0,31-40,2,Occasional Customer
T474049,C6932823,1991-10-12,M,MUMBAI,7266.01,2016-08-21,205908,115.0,25.0,21-30,1,One-Time Customer
T785812,C7715637,,M,MUMBAI,1232.69,2016-06-09,95042,2531.91,,,2,Occasional Customer
T708259,C4820247,1980-08-01,M,GURGAON,54462.68,2016-03-09,170704,1000.0,36.0,31-40,2,Occasional Customer
T709606,C8339116,,M,KHARAR,33830.13,2016-03-09,170028,800.0,,,1,One-Time Customer
T113161,C5613436,1977-12-10,M,MUMBAI,10138.77,2016-06-08,53511,85.0,38.0,31-40,1,One-Time Customer
T630465,C5734281,,F,NOIDA,168.0,2016-08-29,75617,1.0,,,1,One-Time Customer
T901085,C6224836,1980-02-22,F,GREATER NOIDA,32058.41,2016-07-09,83023,1512.0,36.0,31-40,1,One-Time Customer
T585708,C3117130,1976-05-07,M,BANGALORE,56400.04,2016-08-22,232446,1101.0,40.0,31-40,3,Occasional Customer
T606556,C1077676,1989-08-13,M,HOWRAH,864.48,2016-08-26,184913,65.0,27.0,21-30,1,One-Time Customer
T404228,C1519535,1994-06-26,M,BAGESHWAR,2899.65,2016-08-18,92644,169.0,22.0,21-30,1,One-Time Customer
T600182,C4520740,,M,GURGAON,168039.62,2016-08-26,225858,2003.0,,,1,One-Time Customer
T764909,C2515539,1994-06-18,M,GURGAON,9597.81,2016-01-09,102600,300.0,22.0,21-30,3,Occasional Customer
T445714,C3528187,1988-02-22,M,DELHI,310.17,2016-08-16,113027,336.0,28.0,21-30,2,Occasional Customer
T664116,C7939347,1987-01-24,M,AHMEDABAD,14383.36,2016-08-31,91216,114.0,30.0,21-30,1,One-Time Customer
T570408,C8139322,1992-01-29,M,MUMBAI,6514.64,2016-08-22,193454,110.0,25.0,21-30,1,One-Time Customer
T339910,C4933051,,M,MUMBAI,59309.17,2016-08-15,183048,14500.0,,,1,One-Time Customer
T830227,C1938814,1984-08-08,F,KOLHAPUR,5252.15,2016-04-09,140154,3353.45,32.0,31-40,2,Occasional Customer
T815235,C4521174,1996-05-25,F,DELHI,12688.36,2016-04-09,192616,2397.0,20.0,18-20,1,One-Time Customer
T524998,C8563957,1986-09-24,F,AHMEDABAD,26915.73,2016-08-24,80157,50.0,30.0,21-30,1,One-Time Customer
T807181,C5235080,1988-03-23,F,GHAZIABAD,4.52,2016-04-09,221446,440.0,28.0,21-30,3,Occasional Customer
T957195,C1337743,,F,PUNE,60850.77,2016-10-09,164630,4640.0,,,1,One-Time Customer
T724710,C2268389,1987-04-23,M,MEERUT,16058.9,2016-02-09,72304,1590.0,29.0,21-30,1,One-Time Customer
T1028774,C2738024,1990-07-17,F,SOUTH 24 PARGANAS,112.35,2016-09-13,124719,250.0,26.0,21-30,1,One-Time Customer
T992116,C7127963,1987-01-07,M,PUNE,663.07,2016-09-14,14929,1440.0,30.0,21-30,2,Occasional Customer
T122928,C3640529,1985-11-24,M,GURGAON,28125.25,2016-06-08,192732,200.0,31.0,31-40,1,One-Time Customer
T343752,C8440390,1986-10-28,M,KOCHI,9914.19,2016-08-15,204254,1170.0,30.0,21-30,2,Occasional Customer
T884064,C5423877,1988-06-01,M,GURGAON,1734.32,2016-08-09,203851,300.0,28.0,21-30,1,One-Time Customer
T145229,C1928432,1980-11-30,M,MUMBAI,18510.54,2016-05-08,194719,750.0,35.0,31-40,1,One-Time Customer
T23827,C7819180,1991-04-16,M,NEW DELHI,35773.97,2016-09-26,141607,1403.76,25.0,21-30,1,One-Time Customer
T531477,C5935217,1990-09-22,M,HYDERABAD,695334.48,2016-08-23,225329,1965.0,26.0,21-30,1,One-Time Customer
T294695,C2875341,1979-03-15,M,THANE,33118.69,2016-10-08,1416,1380.0,38.0,31-40,1,One-Time Customer
T946070,C7714023,,M,DELHI,1373.94,2016-10-09,182200,259.0,,,1,One-Time Customer
T661787,C7779646,1990-08-31,M,SINGRAULI,10883.82,2016-08-28,162114,2157.85,26.0,21-30,1,One-Time Customer
T837041,C1214151,1987-12-11,M,KOLKATA,36639.63,2016-04-09,31925,1.0,28.0,21-30,1,One-Time Customer
T387982,C5512367,,F,TIRUPUR,75771.39,2016-08-13,152331,246.0,,,1,One-Time Customer
T947880,C7230628,1981-03-10,M,HOWRAH,5915.29,2016-10-09,232533,45.0,36.0,31-40,2,Occasional Customer
T225666,C5041223,1992-11-13,F,DELHI,40801.81,2016-08-08,221609,250.0,24.0,21-30,1,One-Time Customer
T704354,C6941691,1987-02-07,F,NEW DELHI,25723.42,2016-08-30,112810,20.0,30.0,21-30,2,Occasional Customer
T570965,C1427650,1991-04-27,F,NASHIK,8143.8,2016-08-22,112144,500.0,25.0,21-30,2,Occasional Customer
T3351,C2421222,1986-11-17,M,GURGAON,69988.28,2016-10-21,150920,341.37,30.0,21-30,1,One-Time Customer
T412176,C7134733,,M,AMRITSAR,389844.27,2016-08-18,190221,3352.0,,,1,One-Time Customer
T261549,C3737919,1993-08-05,M,UDAIPUR,19666.57,2016-12-08,141356,74.01,23.0,21-30,1,One-Time Customer
T483074,C2923658,1981-02-02,M,KOLKATA,676668.92,2016-08-20,122248,2212.0,36.0,31-40,1,One-Time Customer
T840590,C5841086,1987-07-12,F,GURGAON,52753.63,2016-09-09,174631,622.2,29.0,21-30,1,One-Time Customer
T30400,C3633139,1979-08-16,M,DELHI,12710.69,2016-09-25,205337,1050.0,37.0,31-40,1,One-Time Customer
T274187,C3037477,1990-08-05,M,AHMEDABAD,35.18,2016-11-08,102045,236.0,26.0,21-30,1,One-Time Customer
T323862,C6123968,1993-03-15,F,GURGAON,214.86,2016-08-15,143748,200.0,23.0,21-30,1,One-Time Customer
T868749,C1539651,1981-07-05,M,NOKHA,48908.02,2016-08-09,133218,110.0,35.0,31-40,2,Occasional Customer
T417719,C1763429,,M,NAVI MUMBAI,88630.75,2016-08-18,214839,8656.0,,,1,One-Time Customer
T75266,C6921952,1990-01-27,M,PUNE,2412.44,2016-02-08,190121,50.0,26.0,21-30,1,One-Time Customer
T1033988,C1817343,1981-04-03,F,BENGALURU,9438.0,2016-09-13,75851,470.0,35.0,31-40,1,One-Time Customer
T319719,C6919492,1984-11-09,F,BANGALORE,27272.26,2016-10-08,211042,143.91,32.0,31-40,1,One-Time Customer
T467357,C2838375,,M,SEHORE,184065.98,2016-08-21,130827,1000.0,,,1,One-Time Customer
T223539,C5220139,1981-08-24,F,BANGALORE,112915.56,2016-08-08,213318,269.1,35.0,31-40,2,Occasional Customer
T398881,C3024150,,M,DELHI,42.68,2016-08-18,131911,500.0,,,1,One-Time Customer
T404362,C1128653,1990-11-11,F,MANDI,15715.77,2016-08-18,104704,70.0,26.0,21-30,1,One-Time Customer
T958121,C6893714,,M,SINGAPORE,50713.16,2016-10-09,172003,9000.0,,,1,One-Time Customer
T980131,C3638044,1982-07-27,M,SALEM,88.74,2016-09-15,105413,861.0,34.0,31-40,1,One-Time Customer
T961203,C5935973,1977-01-01,M,MUMBAI,670529.05,2016-10-09,140331,5157.0,40.0,31-40,1,One-Time Customer
T877585,C5926979,,M,PUNE,74742.99,2016-08-09,234938,11.0,,,2,Occasional Customer
T184437,C2831735,1996-09-04,M,NORTH 24 PARGANAS,16217.94,2016-09-08,163039,222.0,20.0,18-20,1,One-Time Customer
T981804,C7624444,1991-04-16,F,MUMBAI,60440.23,2016-09-15,92358,6264.0,25.0,21-30,2,Occasional Customer
T444369,C2541914,1996-12-16,F,DELHI,3.51,2016-08-16,111517,288.0,20.0,18-20,1,One-Time Customer
T730726,C2928486,1994-01-15,F,NOIDA,14763.12,2016-02-09,134036,4820.0,22.0,21-30,1,One-Time Customer
T385967,C7632429,1991-03-28,M,BANGALORE,42.72,2016-08-13,201349,695.0,25.0,21-30,1,One-Time Customer
T192861,C7232729,1992-06-22,F,FARIDABAD,388.25,2016-09-08,210659,500.0,24.0,21-30,1,One-Time Customer
T821961,C6529985,1982-05-04,M,BANGALORE,336445.64,2016-04-09,210345,212.6,34.0,31-40,1,One-Time Customer
T383675,C1315320,1983-03-30,M,ANDHERI EAST MUMBAI,2038.78,2016-08-13,182750,646.0,33.0,31-40,1,One-Time Customer
T760989,C2517688,1987-07-14,M,NEW DELHI,14916.95,2016-01-09,162249,1463.0,28.0,21-30,2,Occasional Customer
T858607,C2832583,1992-02-12,M,MUMBAI,4.41,2016-09-09,230432,320.7,25.0,21-30,2,Occasional Customer
T717580,C7221975,,M,RANGAREDDY,63624.52,2016-03-09,194112,2730.0,,,1,One-Time Customer
T171563,C2425289,1994-05-23,F,PATIALA,48054.51,2016-09-08,24552,2798.0,22.0,21-30,1,One-Time Customer
T899347,C3515233,1987-04-23,F,BANGALORE,12439.36,2016-07-09,110555,650.0,29.0,21-30,1,One-Time Customer
T352877,C7530866,1996-07-19,M,FARRUKHNAGAR GURGAON,521.05,2016-08-14,102637,130.0,20.0,18-20,1,One-Time Customer
T243149,C4432440,1992-01-12,M,MUMBAI,208835.08,2016-07-08,135724,1495.0,24.0,21-30,1,One-Time Customer
T579254,C4235736,1992-08-31,F,ADILABAD,2977.78,2016-08-22,212646,15.0,24.0,21-30,1,One-Time Customer
T398890,C1786128,1980-06-06,M,"PURAM, BANGALORE",8888.31,2016-08-18,125614,2962.0,36.0,31-40,1,One-Time Customer
T177744,C6923771,1982-05-07,M,AURANGABAD,64236.47,2016-04-08,202226,500.0,34.0,31-40,1,One-Time Customer
T397581,C2913130,1989-09-15,M,GUNTUR,11882.64,2016-08-18,85622,136.23,27.0,21-30,2,Occasional Customer
T140430,C5821413,1987-07-23,F,MUMBAI,42713.1,2016-05-08,102210,4922.0,29.0,21-30,1,One-Time Customer
T339096,C2038664,1993-03-27,M,REWARI,33827.29,2016-08-15,214610,29.0,23.0,21-30,1,One-Time Customer
T515060,C7033448,1982-01-27,M,NEW DELHI,12133.46,2016-08-19,222524,319.0,35.0,31-40,2,Occasional Customer
T832163,C2935750,1990-01-06,M,BANGALORE,13197.11,2016-04-09,130509,1760.0,26.0,21-30,1,One-Time Customer
T95023,C8156085,1997-04-15,M,FAZILKA,3890.69,2016-01-08,140957,31.0,19.0,18-20,1,One-Time Customer
T368151,C8566656,1983-01-14,M,KANNUR,48247.19,2016-08-14,194544,1070.0,34.0,31-40,1,One-Time Customer
T135719,C7470713,,M,NOIDA,147345.89,2016-05-08,123657,545.0,,,1,One-Time Customer
T520108,C8117316,1976-10-10,F,MUMBAI,362843.47,2016-08-19,193327,202.0,40.0,31-40,2,Occasional Customer
T928675,C3027265,1994-02-18,M,MARATHALLI RING RD BANGALORE,49954.55,2016-11-09,161539,4337.0,23.0,21-30,2,Occasional Customer
T1032687,C7042439,1990-05-21,M,NOIDA,250203.75,2016-09-13,100312,275.0,26.0,21-30,1,One-Time Customer
T492363,C7717987,1991-03-08,M,GHATKOPAR W MUMBAI,113.57,2016-08-20,205229,107.0,25.0,21-30,2,Occasional Customer
T12935,C3119944,1992-01-01,M,GURGAON,30931.74,2016-09-26,213202,732.26,25.0,21-30,1,One-Time Customer
T550121,C6157547,1988-09-16,F,BIKANER,834180.09,2016-08-23,201739,376.0,28.0,21-30,1,One-Time Customer
T776064,C8836018,1976-05-13,M,PUNE,54562.27,2016-06-09,210807,2760.0,40.0,31-40,1,One-Time Customer
T22849,C6010862,1988-04-07,M,MUMBAI,4546.31,2016-09-23,133444,229.0,28.0,21-30,2,Occasional Customer
T31889,C5212152,1989-07-13,M,ALWAR,8003.97,2016-09-25,195715,261.41,27.0,21-30,2,Occasional Customer
T789956,C5054313,1988-02-11,M,BANGALORE,1659.14,2016-05-09,90116,761.69,28.0,21-30,1,One-Time Customer
T995001,C2364373,,M,CHANDIGARH,105.45,2016-09-15,202038,300.0,,,1,One-Time Customer
T919166,C3626853,1988-07-27,M,GUNTUR,60259.44,2016-12-09,233040,1434.0,28.0,21-30,2,Occasional Customer
T416012,C8220973,1985-12-12,M,LUDHIANA,46160.66,2016-08-18,222223,522.0,31.0,31-40,3,Occasional Customer
T861622,C4617085,1987-07-13,M,GURGAON,499.94,2016-08-09,104750,220.0,29.0,21-30,3,Occasional Customer
T444214,C2719990,1993-03-17,M,BANGALORE,51680.28,2016-08-16,113127,920.0,23.0,21-30,3,Occasional Customer
T79629,C7121884,1991-07-01,M,SHIMOGA,3534.93,2016-02-08,200435,120.0,25.0,21-30,3,Occasional Customer
T928130,C5232136,1988-07-02,F,NASHIK,73450.65,2016-11-09,144557,1290.0,28.0,21-30,1,One-Time Customer
T778644,C3029240,1990-03-17,M,MUMBAI,5949.53,2016-06-09,165332,1463.5,26.0,21-30,1,One-Time Customer
T663886,C6112483,1982-06-14,M,BALASORE,10843.54,2016-08-28,205101,500.0,34.0,31-40,1,One-Time Customer
T112012,C8625522,,F,DELHI,224.22,2016-06-08,113435,177.0,,,1,One-Time Customer
T306762,C7534946,,M,NORTH 24 PARGANAS,1.46,2016-10-08,160215,1092.5,,,1,One-Time Customer
T444896,C1135887,1990-12-14,M,KANPUR,14.51,2016-08-16,152431,78.0,26.0,21-30,3,Occasional Customer
T864277,C6110063,1981-05-13,M,BANGALORE,12651.93,2016-08-09,125310,858.0,35.0,31-40,1,One-Time Customer
T364163,C4310417,1989-06-26,M,KALYANI NAGAR PUNE,5905.52,2016-08-14,205705,36.0,27.0,21-30,1,One-Time Customer
T16855,C8674421,1991-09-26,F,GURGAON,57930.85,2016-09-26,195119,100.0,25.0,21-30,1,One-Time Customer
T290866,C6337227,1981-08-14,F,NEW DELHI,20494.87,2016-11-08,192820,200.0,35.0,31-40,2,Occasional Customer
T244149,C1920621,1991-05-03,M,GHAZIABAD,40707.25,2016-07-08,191740,1271.0,25.0,21-30,2,Occasional Customer
T616281,C9028025,1993-10-20,F,MUMBAI,53642.82,2016-08-27,191158,33250.0,23.0,21-30,1,One-Time Customer
T235060,C8324037,,M,BHIWADI,30687.69,2016-07-08,144847,3522.15,,,1,One-Time Customer
T645744,C4723150,1985-05-01,F,NEW DELHI,1148268.86,2016-08-25,131011,1219.0,31.0,31-40,2,Occasional Customer
T464576,C7731954,1991-06-07,M,MEDAK DISTRICT,9086.57,2016-08-16,224910,1650.0,25.0,21-30,1,One-Time Customer
T370895,C2815692,1986-09-03,M,E E HIGHWAY GHATKOPAR E MUMBAI,3317.08,2016-08-13,23440,2140.0,30.0,21-30,1,One-Time Customer
T89311,C8135838,1981-07-20,M,KOTA,13956.38,2016-01-08,125348,1150.0,34.0,31-40,4,Occasional Customer
T644509,C4388492,1994-11-17,M,KOLHAPUR,5346.15,2016-08-25,225621,506.0,22.0,21-30,1,One-Time Customer
T798226,C2817383,1981-09-24,M,DELHI,170292.39,2016-05-09,162204,675.0,35.0,31-40,3,Occasional Customer
T381700,C7840018,1978-11-15,M,BULANDSHAHR,220409.57,2016-08-13,185847,30.7,38.0,31-40,1,One-Time Customer
T268849,C3426448,1992-11-17,F,MUMBAI,145642.74,2016-12-08,221815,1127.0,24.0,21-30,1,One-Time Customer
T478146,C5622177,1977-10-02,M,NAVI MUMBAI,51977.93,2016-08-21,191348,650.0,39.0,31-40,1,One-Time Customer
T424215,C4828121,,M,AMBALA CANTT,102204.43,2016-08-17,142820,900.0,,,1,One-Time Customer
T710483,C3036543,1991-10-08,M,LUCKNOW,5128.25,2016-03-09,93015,45.0,24.0,21-30,1,One-Time Customer
T851688,C7223060,,M,NEW DELHI,713179.83,2016-09-09,194300,705.0,,,2,Occasional Customer
T123862,C4111671,,M,BELGAUM,60518.04,2016-06-08,201909,1000.0,,,2,Occasional Customer
T872938,C4633639,,F,MUMBAI,18609.52,2016-08-09,205404,300.0,,,1,One-Time Customer
T502903,C4033316,,M,GURGAON,131692.17,2016-08-19,103306,1000.0,,,3,Occasional Customer
T635314,C5214083,,M,REWARI,22427.62,2016-08-29,203333,7373.84,,,1,One-Time Customer
T495975,C3941861,1986-07-29,F,NEW DELHI,281240.02,2016-08-19,60201,1000.0,30.0,21-30,2,Occasional Customer
T49752,C1031767,1993-09-13,F,MUMBAI,3322.45,2016-03-08,140452,127.0,22.0,21-30,2,Occasional Customer
T253733,C2925390,1991-07-20,M,BENGALURU,47.96,2016-12-08,124423,250.0,25.0,21-30,1,One-Time Customer
T135292,C4931632,1981-04-01,M,SRINAGAR,127398.62,2016-06-08,222553,200.0,35.0,31-40,1,One-Time Customer
T512461,C8280325,1988-08-14,F,BANGALORE,53929.65,2016-08-19,194607,1838.0,28.0,21-30,1,One-Time Customer
T995778,C7226652,1989-12-16,F,GURGAON,9478.56,2016-09-14,121806,677.0,27.0,21-30,1,One-Time Customer
T853925,C2115012,1993-11-04,M,MADHUBANI,10722.68,2016-09-09,192511,38.0,23.0,21-30,2,Occasional Customer
T726202,C1336926,1991-01-01,M,HOSHIARPUR,121.86,2016-02-09,71215,30.0,25.0,21-30,2,Occasional Customer
T343838,C5521629,1989-03-14,M,DADAR MUMBAI,1295.82,2016-08-15,202939,100.0,27.0,21-30,1,One-Time Customer
T722994,C5426654,1986-11-09,M,NEW DELHI,53079.91,2016-03-09,222604,200.0,29.0,21-30,1,One-Time Customer
T716567,C4432369,1992-01-26,M,GURGAON,20661.59,2016-03-09,201049,850.0,24.0,21-30,3,Occasional Customer
T595979,C3617136,1982-02-03,M,NEW DELHI,55798.39,2016-08-25,124147,2200.0,35.0,31-40,1,One-Time Customer
T586894,C5174557,1985-08-14,M,BANGALORE,8.7,2016-08-23,164924,1100.35,31.0,31-40,1,One-Time Customer
T794545,C1319041,1987-05-06,F,NEW DELHI,38016.42,2016-05-09,151406,364.0,29.0,21-30,1,One-Time Customer
T1037423,C1119464,1983-05-07,M,THANE,94546.04,2016-09-18,133653,2838.0,33.0,31-40,1,One-Time Customer
T80477,C7432679,1993-11-11,F,DELHI,3913.01,2016-01-08,23025,100.0,22.0,21-30,2,Occasional Customer
T852585,C2712448,1992-07-26,M,DELHI,1665.02,2016-09-09,202230,20.0,24.0,21-30,2,Occasional Customer
T59641,C1818065,1983-08-24,M,ROYAPETTAH,188725.18,2016-03-08,201618,4707.0,33.0,31-40,1,One-Time Customer
T800477,C4013589,1988-12-26,F,MUMBAI,827.61,2016-05-09,175338,30000.0,27.0,21-30,1,One-Time Customer
T645028,C6527471,1991-09-15,F,MUMBAI (SUBURBAN),181198.95,2016-08-25,133902,1190.0,25.0,21-30,1,One-Time Customer
T12335,C4739645,1981-01-20,M,NEW DELHI,225002.97,2016-09-27,162945,60.0,36.0,31-40,2,Occasional Customer
T2644,C1530046,1985-11-22,F,FARIDABAD,43373.68,2016-10-21,201111,1617.9,31.0,31-40,1,One-Time Customer
T93996,C7226973,,M,MUMBAI,81172.67,2016-01-08,192042,600.0,,,1,One-Time Customer
T6370,C7942391,1977-03-19,M,UDAIPUR,13651.65,2016-09-22,122117,2051.66,40.0,31-40,1,One-Time Customer
T952977,C8922362,,M,NAVI MUMBAI,1966.33,2016-10-09,184840,392.0,,,2,Occasional Customer
T1041740,C6735953,1984-03-28,F,DELHI,8037.76,2016-09-18,124912,2228.0,32.0,31-40,1,One-Time Customer
T1025010,C8698152,1990-06-18,M,AMRITSAR,19284.11,2016-09-13,141353,165.0,26.0,21-30,1,One-Time Customer
T940913,C7431421,1991-03-10,M,KASHIPUR,11777.96,2016-11-09,195755,108.0,26.0,21-30,2,Occasional Customer
T864551,C4226983,1985-01-18,M,NOIDA,49493.66,2016-08-09,115249,1000.0,32.0,31-40,1,One-Time Customer
T871716,C1820829,,F,CHENNAI,9012.46,2016-08-09,151659,1261.0,,,1,One-Time Customer
T700483,C7834128,1981-01-07,F,DELHI,215.01,2016-08-30,133830,464.0,36.0,31-40,2,Occasional Customer
T212156,C4542037,1984-06-12,M,MUMBAI,797686.22,2016-08-08,175149,290.0,32.0,31-40,1,One-Time Customer
T460097,C7512932,,M,MANGALORE,85886.58,2016-08-16,213959,116.0,,,1,One-Time Customer
T628764,C1411836,,M,SRINAGAR,97424.05,2016-08-29,164709,1588.0,,,2,Occasional Customer
T237980,C7219243,1986-09-22,M,PAREL MUMBAI,13661.28,2016-07-08,180649,435.0,30.0,21-30,1,One-Time Customer
T244353,C4463076,,M,BANGALORE,14624.5,2016-07-08,145022,150.0,,,1,One-Time Customer
T748374,C6424784,1995-04-14,M,BANGALORE,38794.6,2016-01-09,222017,410.0,21.0,21-30,2,Occasional Customer
T380245,C5011066,1987-06-23,M,BANGALORE,13967.39,2016-08-13,124742,400.0,29.0,21-30,1,One-Time Customer
T166723,C1922456,1993-01-12,M,COIMBATORE,22627.54,2016-04-08,144729,300.0,23.0,21-30,3,Occasional Customer
T124135,C8121328,,M,AHMEDABAD,1341.36,2016-06-08,81556,50.0,,,1,One-Time Customer
T991430,C5019742,1994-07-09,F,SAHARANPUR,29594.43,2016-09-15,193532,200.0,22.0,21-30,1,One-Time Customer
T614791,C8133345,1989-06-22,M,KALYANI,7073.67,2016-08-26,105918,67.0,27.0,21-30,1,One-Time Customer
T760156,C1015685,1983-08-30,M,GURGAON,20856.17,2016-01-09,161226,1000.0,32.0,31-40,1,One-Time Customer
T822369,C3010761,,F,BANGALORE,47353.59,2016-04-09,172630,2875.0,,,1,One-Time Customer
T234020,C4571337,1986-01-25,F,GURGAON,69170.9,2016-07-08,184204,100.0,30.0,21-30,1,One-Time Customer
T529437,C3037119,1983-08-18,M,MEERUT,734.85,2016-08-24,162938,275.0,33.0,31-40,3,Occasional Customer
T312597,C3726826,,M,GUWAHATI,334525.33,2016-10-08,183525,1900.0,,,2,Occasional Customer
T37255,C6628625,1994-01-06,F,NOIDA,9287.18,2016-09-26,212539,30.0,23.0,21-30,3,Occasional Customer
T678277,C2310761,1978-09-18,M,NEW DELHI,399016.91,2016-08-31,185945,3144.0,38.0,31-40,1,One-Time Customer
T789857,C9027371,1979-10-05,M,THANE,229403.5,2016-06-09,100310,1850.0,37.0,31-40,1,One-Time Customer
T36195,C3826363,,M,NEW DELHI,189036.55,2016-09-27,100837,565.08,,,2,Occasional Customer
T1038147,C3916417,1991-01-30,M,SOUTH 24 PARGANAS,7673.62,2016-09-18,165804,880.74,26.0,21-30,1,One-Time Customer
T667460,C8942555,1987-12-28,M,NEW DELHI,282.22,2016-08-28,132744,375.0,29.0,21-30,1,One-Time Customer
T932084,C3214664,,M,NEW DELHI,242993.82,2016-11-09,184526,8995.0,,,1,One-Time Customer
T292826,C6494028,1993-05-24,F,THANE,10403.54,2016-11-08,181037,25.0,23.0,21-30,1,One-Time Customer
T240166,C6239340,1988-10-30,F,MUMBAI,83029.18,2016-07-08,145156,1155.0,28.0,21-30,1,One-Time Customer
T482976,C4317148,1979-12-22,M,NEW DELHI,301604.98,2016-08-20,124726,1545.0,37.0,31-40,1,One-Time Customer
T44412,C5833774,,M,GURGAON,14361.66,2016-03-08,85258,200.0,,,1,One-Time Customer
T282669,C5631588,1992-02-24,M,NEW DELHI,5527.11,2016-11-08,111446,500.0,25.0,21-30,2,Occasional Customer
T591260,C7024131,1986-01-07,M,BANGALORE,4600.0,2016-08-27,224728,267.0,31.0,31-40,1,One-Time Customer
T537865,C5739683,1991-06-14,F,NOIDA,5863.57,2016-08-22,105623,47.0,25.0,21-30,1,One-Time Customer
T835674,C5821274,,M,NEW DELHI,172886.43,2016-09-09,185148,212.89,,,1,One-Time Customer
T903376,C3791636,1990-09-13,M,THANE,9889.52,2016-07-09,70037,180.0,26.0,21-30,1,One-Time Customer
T425518,C5634160,1989-12-10,M,DELHI,19830.72,2016-08-17,191622,792.0,27.0,21-30,1,One-Time Customer
T1035872,C3930072,,M,BANGALORE,245914.86,2016-09-13,90328,899.0,,,1,One-Time Customer
T270217,C5825115,1985-01-01,M,KANGRA,16003.61,2016-12-08,213729,466.84,32.0,31-40,1,One-Time Customer
T685768,C2523429,1986-03-16,M,DELHI,56.7,2016-08-30,85353,156.0,30.0,21-30,1,One-Time Customer
T532469,C7432075,1978-04-17,F,NOIDA,61560.01,2016-08-24,194926,449.0,38.0,31-40,3,Occasional Customer
T708861,C2515132,1986-12-14,M,NEW DELHI,713587.9,2016-03-09,3802,200.0,29.0,21-30,1,One-Time Customer
T90042,C7928577,1991-08-22,M,MUMBAI,97300.8,2016-01-08,171407,400.0,24.0,21-30,2,Occasional Customer
T895653,C6840034,1993-08-07,M,KALABURAGI,7218.73,2016-07-09,140233,120.0,23.0,21-30,3,Occasional Customer
T685369,C4712629,1978-01-03,M,THANE,50429.09,2016-08-30,162559,250.0,39.0,31-40,3,Occasional Customer
T591695,C3829724,1994-12-25,M,BANGALORE,244090.13,2016-08-27,191736,2000.0,22.0,21-30,1,One-Time Customer
T22009,C3435367,1982-12-31,M,UDAIPUR,3100.85,2016-09-23,200649,175.0,34.0,31-40,1,One-Time Customer
T484868,C3022553,1991-06-07,F,JAJPUR,12492.08,2016-08-20,100005,25.0,25.0,21-30,2,Occasional Customer
T359601,C6823766,,M,DELHI,9081.33,2016-08-14,203223,1000.0,,,1,One-Time Customer
T137296,C2636035,1992-12-31,M,FARIDABAD,259701.08,2016-05-08,75004,153.53,23.0,21-30,2,Occasional Customer
T928209,C7625768,1990-05-18,F,DELHI,67543.5,2016-11-09,120045,1901.0,26.0,21-30,2,Occasional Customer
T1004255,C3923777,1992-07-17,M,HYDERABAD,8826.27,2016-09-14,191520,900.0,24.0,21-30,2,Occasional Customer
T230074,C7338668,1991-05-30,M,GURGAON,76522.32,2016-07-08,105425,650.0,25.0,21-30,1,One-Time Customer
T27826,C3233144,1989-12-27,M,NEW DELHI,1901.91,2016-09-26,132539,100.0,27.0,21-30,1,One-Time Customer
T706703,C3539575,,M,HYDERABAD,112222.48,2016-08-30,112622,204.0,,,2,Occasional Customer
T479879,C6121231,1989-07-24,M,THANE,4077.86,2016-08-20,115734,100.0,27.0,21-30,2,Occasional Customer
T915793,C5832663,1989-11-23,F,THANE,10356.79,2016-12-09,194732,42.0,27.0,21-30,2,Occasional Customer
T9198,C6022963,1980-09-21,M,THANE,787580.23,2016-09-27,200253,350.0,36.0,31-40,2,Occasional Customer
T242149,C2121650,1989-07-19,F,BANGALORE,14878.83,2016-07-08,162908,1293.0,27.0,21-30,1,One-Time Customer
T289727,C4539312,1993-04-15,M,VIJAPUR,3465.16,2016-11-08,183526,1512.94,24.0,21-30,1,One-Time Customer
T487810,C1171135,1988-07-16,F,GURGAON,58853.53,2016-08-20,161200,745.13,28.0,21-30,1,One-Time Customer
T659435,C5826046,1985-03-16,M,NAVI MUMBAI,3773.46,2016-08-31,21012,560.0,31.0,31-40,1,One-Time Customer
T429988,C7442826,1990-08-06,M,KANGRA,27124.55,2016-08-17,214828,148.0,26.0,21-30,1,One-Time Customer
T558748,C2114032,1985-11-04,M,HAJIPUR,62847.33,2016-08-22,165905,60.0,31.0,31-40,1,One-Time Customer
T829760,C5135583,1982-10-11,F,UJJAIN,72108.32,2016-04-09,182327,1790.0,33.0,31-40,1,One-Time Customer
T574528,C2896371,1988-08-26,F,HYDERABAD,453.04,2016-08-27,142514,230.0,28.0,21-30,1,One-Time Customer
T365249,C3740555,1985-05-02,F,PUNE,7437.07,2016-08-14,191426,1200.0,31.0,31-40,1,One-Time Customer
T564399,C1812962,,M,NANGAL,397.17,2016-08-27,144438,504.25,,,1,One-Time Customer
T897098,C3913888,1987-04-10,M,FARIDABAD,7485.85,2016-07-09,113729,235.2,29.0,21-30,1,One-Time Customer
T100475,C7042077,1992-03-30,M,FARIDABAD,24841.63,2016-01-08,185652,399.0,24.0,21-30,1,One-Time Customer
T269186,C5412444,1989-01-19,F,NEW DELHI,23423.45,2016-12-08,183406,195.0,28.0,21-30,1,One-Time Customer
T3096,C1821281,1979-07-15,M,BANGALORE,6737.87,2016-10-21,170003,225.0,37.0,31-40,2,Occasional Customer
T130620,C4026011,1986-05-20,F,AURANGABAD,206261.07,2016-06-08,195434,846.21,30.0,21-30,2,Occasional Customer
T110853,C7236531,1983-05-08,M,HYDERABAD,30446.84,2016-06-08,105133,2798.0,33.0,31-40,2,Occasional Customer
T194319,C3715372,1986-08-20,F,MUMBAI,71434.16,2016-09-08,200929,1095.0,30.0,21-30,1,One-Time Customer
T953574,C2214418,1993-04-15,M,DELHI,138222.28,2016-10-09,185708,85.0,23.0,21-30,3,Occasional Customer
T89180,C8642240,1987-07-09,M,NEW DELHI,16216.55,2016-01-08,113814,500.0,29.0,21-30,1,One-Time Customer
T606493,C7132771,,M,BELAPUR NAVI MUMBAI,2189.04,2016-08-26,154729,2352.0,,,1,One-Time Customer
T160417,C4835520,1993-03-12,M,VARANASI,45989.6,2016-05-08,215300,895.0,23.0,21-30,1,One-Time Customer
T76071,C4911562,1985-12-12,F,MUMBAI,443071.08,2016-02-08,192059,500.0,30.0,21-30,1,One-Time Customer
T579036,C5019438,1981-01-16,M,TANDA,57500.28,2016-08-27,111415,1000.0,36.0,31-40,1,One-Time Customer
T241775,C7830463,1988-08-22,M,ANANTAPUR,9903.83,2016-07-08,173303,359.0,28.0,21-30,2,Occasional Customer
T78590,C1412840,1988-10-17,M,TEZPUR,2391.11,2016-01-08,83540,188.0,27.0,21-30,2,Occasional Customer
T383288,C7014636,1981-12-07,M,BHUBANESWAR,57332.0,2016-08-13,154646,663.0,35.0,31-40,2,Occasional Customer
T442390,C1195214,1981-11-09,F,MUMBAI,20652.48,2016-08-16,140646,1927.0,35.0,31-40,1,One-Time Customer
T389889,C6025362,1988-08-06,M,NAVI MUMBAI,10407.09,2016-08-13,215134,750.0,28.0,21-30,1,One-Time Customer
T622641,C3199362,1985-03-21,M,AHMEDABAD,13177.99,2016-08-28,112829,240.0,31.0,31-40,1,One-Time Customer
T449332,C8639971,1987-08-22,M,CHENNAI,10000.04,2016-08-16,201958,374.0,29.0,21-30,2,Occasional Customer
T614245,C2236653,1992-03-18,M,BHIND,126049.16,2016-08-27,95737,50.0,24.0,21-30,2,Occasional Customer
T957051,C8735551,1986-04-20,M,JUNAGADH,158521.99,2016-10-09,185139,500.0,30.0,21-30,1,One-Time Customer
T319036,C7938330,,M,GURGAON,9157.28,2016-10-08,213023,617.0,,,1,One-Time Customer
T335192,C2881027,,M,NEW DELHI,148639.85,2016-08-15,171640,318.0,,,1,One-Time Customer
T351676,C7133431,1986-06-16,F,REWARI,142631.84,2016-08-14,121854,5000.0,30.0,21-30,1,One-Time Customer
T350750,C5312369,,M,BANGALORE,231986.07,2016-08-14,151822,1200.0,,,1,One-Time Customer
T670596,C5916755,,M,KOLKATA,1094836.26,2016-08-28,141515,386.0,,,2,Occasional Customer
T125670,C2820645,1983-05-09,M,MUMBAI,18825.91,2016-05-08,1410,280.0,33.0,31-40,1,One-Time Customer
T218558,C5015143,1994-12-26,F,KAMRUP,12.44,2016-08-08,194509,330.0,22.0,21-30,1,One-Time Customer
T272951,C1617584,1994-03-31,M,KAUSHAMBI,6.59,2016-12-08,193933,27.0,23.0,21-30,2,Occasional Customer
T193886,C2618714,1982-07-05,M,NEW DELHI,6117.87,2016-09-08,173138,74.0,34.0,31-40,2,Occasional Customer
T442752,C1132457,,M,EAST SIKKIM GANGTOK,637018.72,2016-08-16,135202,136487.0,,,3,Occasional Customer
T381749,C4647292,,M,MUMBAI,650.11,2016-08-13,151721,509.4,,,1,One-Time Customer
T253027,C7310962,,M,KOCHI,333747.41,2016-12-08,135159,2000.0,,,2,Occasional Customer
T581631,C7315720,1984-07-13,M,THANE,40472.68,2016-08-22,202733,200.0,32.0,31-40,1,One-Time Customer
T172755,C5136625,1988-08-15,F,BANGALORE,11027.75,2016-04-08,195100,1054.0,28.0,21-30,1,One-Time Customer
T696734,C1017381,1993-04-16,M,PUNE,3936.65,2016-08-30,115958,17.0,23.0,21-30,2,Occasional Customer
T362681,C6824474,1996-08-06,M,HOWRAH,32252.76,2016-08-14,172647,500.0,20.0,18-20,1,One-Time Customer
T465670,C4459239,1978-09-25,M,MOHALI,127387.81,2016-08-21,170013,224.97,38.0,31-40,1,One-Time Customer
T685810,C8020061,1990-07-17,M,ALIGARH,36384.3,2016-08-31,223811,356.2,26.0,21-30,1,One-Time Customer
T101656,C9017665,1996-07-10,F,ALWAR,5640.64,2016-01-08,210622,200.0,19.0,18-20,1,One-Time Customer
T813427,C6321875,1994-03-26,F,MORADABAD,23823.98,2016-05-09,214254,1125.0,22.0,21-30,1,One-Time Customer
T861302,C7237669,,M,BANGALURU,165498.97,2016-08-09,82553,7743.15,,,1,One-Time Customer
T365381,C3519985,1997-03-02,M,BANDA,247.8,2016-08-13,64557,14.0,19.0,18-20,1,One-Time Customer
T930474,C3211132,1980-11-07,M,MUMBAI,50371.9,2016-11-09,151315,4854.0,36.0,31-40,1,One-Time Customer
T960082,C8035180,,M,TAL DIST PALGHAR BOISAR,54.82,2016-10-09,153915,751.55,,,1,One-Time Customer
T189482,C4626435,1990-07-03,M,MUMBAI,393536.55,2016-09-08,171619,7780.01,26.0,21-30,1,One-Time Customer
T460458,C4930715,1986-07-26,M,GURGAON,17876.69,2016-08-21,161256,1050.0,30.0,21-30,1,One-Time Customer
T351628,C5324641,,M,BANGALORE,19351.1,2016-08-14,103324,828.0,,,1,One-Time Customer
T760783,C4696261,,M,MUMBAI,82889.54,2016-01-09,171208,606.9,,,1,One-Time Customer
T881748,C1954449,1983-08-21,M,MANGALORE,56810.02,2016-08-09,211701,1956.0,33.0,31-40,1,One-Time Customer
T1023965,C5919026,,M,KOLKATA,22368.17,2016-09-13,134007,1000.0,,,1,One-Time Customer
T539519,C1014813,1982-05-04,F,BANGALORE,16226.0,2016-08-23,90743,50.0,34.0,31-40,2,Occasional Customer
T441848,C5510184,1995-08-20,F,PUNE,568.81,2016-08-16,135451,30.0,21.0,21-30,2,Occasional Customer
T42233,C3426744,1988-09-17,M,NOIDA,499.43,2016-03-08,91454,999.0,27.0,21-30,1,One-Time Customer
T294093,C6137037,1994-12-08,F,MOHALI,142142.19,2016-10-08,81319,300.0,22.0,21-30,2,Occasional Customer
T628388,C1426330,,M,NAWANSHAHR,5438.9,2016-08-25,182037,5300.0,,,1,One-Time Customer
T181953,C4875820,1979-07-18,F,HYDERABAD,142.46,2016-09-08,42349,100.0,37.0,31-40,1,One-Time Customer
T830732,C2111730,,M,CHENNAI,9240.79,2016-04-09,130244,2595.0,,,1,One-Time Customer
T191447,C7940080,1990-01-12,M,NORTH 24 PARGANAS,12055.11,2016-09-08,172333,8323.27,27.0,21-30,2,Occasional Customer
T180522,C8838485,1984-03-01,M,DHANBAD,113238.74,2016-09-08,64831,141.0,33.0,31-40,2,Occasional Customer
T93763,C1931761,1991-05-06,M,NOIDA,3554.62,2016-01-08,83126,135.0,25.0,21-30,1,One-Time Customer
T916661,C5422691,1990-02-09,M,GURGAON,22183.16,2016-12-09,184222,520.0,27.0,21-30,1,One-Time Customer
T795148,C2413844,1993-10-15,M,TEHRI GARHWAL,3304.52,2016-05-09,144925,203.45,23.0,21-30,1,One-Time Customer
T21413,C1840366,1977-05-31,M,WARANGAL,32804.46,2016-09-23,203239,200.0,39.0,31-40,1,One-Time Customer
T777842,C8935063,,F,MUMBAI,17365.58,2016-06-09,145132,210.0,,,2,Occasional Customer
T773068,C1117345,1991-11-03,M,ALBION,26068.96,2016-06-09,205918,830.0,25.0,21-30,1,One-Time Customer
T375694,C8915292,1994-05-06,M,GOREGAON (EAST) MUMBAI,8375.2,2016-08-13,132254,133.8,22.0,21-30,1,One-Time Customer
T633643,C3732249,1983-03-11,F,BANGALORE,226492.11,2016-08-29,164012,2920.0,33.0,31-40,1,One-Time Customer
T706078,C5641935,1990-10-19,M,NEW DELHI,7566.65,2016-08-30,101402,300.0,26.0,21-30,2,Occasional Customer
T951626,C5735461,1994-02-02,M,THANE,4634.82,2016-11-09,232456,400.0,23.0,21-30,3,Occasional Customer
T898939,C7911637,1989-09-29,F,NASHIK,39917.14,2016-07-09,100141,46.0,27.0,21-30,1,One-Time Customer
T460914,C7515969,,M,TEMPLE CHENNAI,234553.24,2016-08-21,161434,2819.0,,,1,One-Time Customer
T811460,C7818086,1991-01-06,M,BANGALORE,3.12,2016-04-09,223804,60.0,25.0,21-30,1,One-Time Customer
T990201,C6835743,,M,BANGALORE,89777.85,2016-09-15,193426,860.0,,,1,One-Time Customer
T483178,C4730275,1987-01-15,M,NAVI MUMBAI,4501.16,2016-08-21,223320,550.0,30.0,21-30,2,Occasional Customer
T971000,C8199425,1991-11-14,M,NAMAKKAL,12021.0,2016-10-09,110559,2231.0,25.0,21-30,1,One-Time Customer
T167095,C7629262,1991-12-06,F,MUMBAI,5583.23,2016-04-08,135818,307.0,24.0,21-30,2,Occasional Customer
T125199,C7230589,1982-06-25,F,GURGAON,33.0,2016-06-08,185843,275.0,34.0,31-40,1,One-Time Customer
T830151,C2212222,1986-11-10,M,KAVANAD,30.56,2016-04-09,133732,608.0,29.0,21-30,1,One-Time Customer
T475734,C6415476,1993-12-10,M,MUZZAFFAR NAGAR,3249.04,2016-08-20,41609,100.0,23.0,21-30,1,One-Time Customer
T891991,C3512637,1995-05-12,F,ITANAGAR,1267.3,2016-07-09,162926,49.0,21.0,21-30,2,Occasional Customer
T510159,C7511176,,M,AHMEDABAD,36445.64,2016-08-19,173827,500.0,,,2,Occasional Customer
T1028177,C1515665,,F,SAUDAGAR PUNE,3869325.97,2016-09-13,161828,9800.0,,,2,Occasional Customer
T325519,C8431546,1989-02-28,M,DELHI,8831.37,2016-08-15,144447,500.0,27.0,21-30,1,One-Time Customer
T526320,C4329219,1996-11-03,M,AHMEDNAGAR,9424.33,2016-08-24,150353,330.0,20.0,18-20,1,One-Time Customer
T882646,C4276922,1977-03-17,M,MAHALAXMI MUMBAI,2057.61,2016-08-09,85649,907.14,39.0,31-40,1,One-Time Customer
T872352,C2015860,1986-12-31,M,DELHI,2077.72,2016-08-09,195738,250.0,30.0,21-30,1,One-Time Customer
T1033728,C4854719,,M,CHENNAI,749867.0,2016-09-18,165129,1000.0,,,1,One-Time Customer
T960201,C8626270,,M,COIMBATORE,343185.36,2016-10-09,140629,8545.0,,,1,One-Time Customer
T982116,C1635624,1979-02-14,M,GUNTUR,11390.83,2016-09-15,101439,1020.0,38.0,31-40,1,One-Time Customer
T875128,C5632276,1990-05-07,F,NEW DELHI,55734.14,2016-08-09,183006,1559.0,26.0,21-30,3,Occasional Customer
T1037551,C1042275,,F,GANGTOK,43809.97,2016-09-18,140037,499.0,,,2,Occasional Customer
T774137,C2337378,1987-05-13,M,DELHI,6848.28,2016-06-09,190743,700.0,29.0,21-30,1,One-Time Customer
T510932,C1072359,1980-01-05,M,BANGALORE,131477.36,2016-08-19,154324,637.52,37.0,31-40,1,One-Time Customer
T458074,C9042153,1984-12-06,F,BHUJ KUTCH,12406.89,2016-08-21,14242,220.0,32.0,31-40,1,One-Time Customer
T745492,C6698730,1978-06-09,M,DELHI,16386.22,2016-02-09,211533,330.0,38.0,31-40,1,One-Time Customer
T551278,C7671453,1989-06-11,F,AMRITSAR,224654.82,2016-08-22,102446,183.0,27.0,21-30,1,One-Time Customer
T111992,C3236754,1989-03-04,M,KADAPA,58.56,2016-06-08,43632,27989.0,27.0,21-30,2,Occasional Customer
T78947,C2630582,1989-10-11,M,GHAZIABAD,35813.34,2016-02-08,200629,122.0,26.0,21-30,1,One-Time Customer
T737592,C4416856,1989-12-13,M,PUNE,40732.43,2016-02-09,154959,49.0,26.0,21-30,1,One-Time Customer
T1044712,C7227880,,M,NEW DELHI,27395.83,2016-09-18,103914,1000.0,,,1,One-Time Customer
T727693,C4158026,1991-09-18,F,GURGAON,26573.95,2016-02-09,115451,71.0,24.0,21-30,1,One-Time Customer
T311179,C8334023,1990-10-16,M,DELHI,1369.08,2016-10-08,173152,290.0,26.0,21-30,1,One-Time Customer
T882460,C5539962,1991-05-01,M,BANGALORE,7329.54,2016-07-09,212923,20.0,25.0,21-30,2,Occasional Customer
T564651,C6219049,1981-06-27,M,GURGAON,15382.66,2016-08-27,160450,197.0,35.0,31-40,1,One-Time Customer
T972199,C3011849,1992-08-23,M,SURAT,270.62,2016-09-15,174713,50.0,24.0,21-30,1,One-Time Customer
T327741,C8510011,1989-03-23,F,NAGALAND,714.51,2016-08-15,131805,1797.0,27.0,21-30,2,Occasional Customer
T991008,C7622351,,M,PUNE,869085.69,2016-09-15,194418,280.0,,,1,One-Time Customer
T663472,C5810462,,M,MUMBAI,58989.93,2016-08-28,150128,190.0,,,3,Occasional Customer
T852927,C7282222,1992-06-10,M,THANE,474.53,2016-09-09,221728,370.0,24.0,21-30,1,One-Time Customer
T451700,C3814754,1980-10-28,M,VILE PARLE W MUMBAI,17853.65,2016-08-16,202054,1500.0,36.0,31-40,1,One-Time Customer
T844839,C8873653,1982-05-04,M,9A MALLESHWARAM BANGALORE,325.51,2016-09-09,132859,295.0,34.0,31-40,2,Occasional Customer
T641636,C4830127,,M,AURANGABAD,91322.46,2016-08-25,192041,200.0,,,1,One-Time Customer
T114130,C3230514,,M,KOLKATA,37180.72,2016-06-08,134207,5104.0,,,1,One-Time Customer
T274798,C3332435,1992-12-12,F,JAUNPUR,6554.61,2016-12-08,201930,1000.0,24.0,21-30,1,One-Time Customer
T773480,C5415534,1990-09-22,F,SAHARANPUR,32296.0,2016-06-09,212706,20.0,26.0,21-30,2,Occasional Customer
T979866,C1312664,1983-09-17,F,DELHI,96889.24,2016-09-15,114645,3217.72,33.0,31-40,1,One-Time Customer
T972516,C4824160,1986-05-17,M,PANCHVATI SOC SURAT,82917.49,2016-10-09,83010,10.0,30.0,21-30,1,One-Time Customer
T947068,C7951619,,F,HYDERABAD,206217.92,2016-10-09,212828,852.0,,,1,One-Time Customer
T879086,C2719049,1990-11-02,M,YAMUNA NAGAR,7634.94,2016-07-09,230509,455.0,26.0,21-30,2,Occasional Customer
T848461,C2249880,1995-10-11,M,GANDHINAGAR,11331.69,2016-09-09,92432,63.0,21.0,21-30,1,One-Time Customer
T358266,C8257956,1997-01-01,M,DELHI,28.75,2016-08-14,181915,60.0,20.0,18-20,1,One-Time Customer
T64320,C7633267,1977-08-09,M,BHIWADI,44083.12,2016-02-08,85603,675.0,38.0,31-40,1,One-Time Customer
T828645,C6123629,1995-04-02,F,KURNOOL,3304.13,2016-04-09,155705,350.0,21.0,21-30,2,Occasional Customer
T1036523,C4110465,1983-07-31,M,SHIMLA,5029.8,2016-09-18,150357,700.0,33.0,31-40,1,One-Time Customer
T854632,C5124657,1989-06-07,M,LUCKNOW,4026.71,2016-09-09,222606,11666.0,27.0,21-30,1,One-Time Customer
T261500,C3155935,1984-10-18,F,MUMBAI,160581.78,2016-12-08,153951,2145.0,32.0,31-40,1,One-Time Customer
T836639,C4513186,,M,SURAT,8392.06,2016-04-09,105408,3000.0,,,1,One-Time Customer
T40160,C5235130,,M,NASHIK,15785.75,2016-09-27,193132,4499.0,,,2,Occasional Customer
T40446,C6926914,1980-11-21,M,GHAZIABAD,126260.24,2016-09-27,205153,2000.0,36.0,31-40,2,Occasional Customer
T259195,C3130647,1993-02-06,M,HYDERABAD,3093.51,2016-12-08,135557,368.0,24.0,21-30,1,One-Time Customer
T93959,C1221338,,F,UDHAMPUR,8604.76,2016-01-08,141421,484.0,,,1,One-Time Customer
T351513,C2824813,1988-02-12,M,SURAT,11093.75,2016-08-14,154248,1350.0,29.0,21-30,2,Occasional Customer
T434966,C1821812,,M,HOSPITAL BANGALORE,36733.74,2016-08-17,200530,242.0,,,1,One-Time Customer
T732033,C5527343,1995-09-26,M,KANGRA,2058.71,2016-02-09,145751,1.11,20.0,18-20,1,One-Time Customer
T854948,C1434583,1991-05-01,F,CHANDIGARH,44899.72,2016-09-09,214027,100.0,25.0,21-30,2,Occasional Customer
T654170,C8121221,1986-10-30,M,THANE,5654.76,2016-08-28,221054,220.0,30.0,21-30,2,Occasional Customer
T250669,C8842675,1984-02-16,F,NEW DELHI,398647.03,2016-07-08,204343,2799.0,32.0,31-40,1,One-Time Customer
T192537,C6936256,1983-01-26,M,CHENNAI,15456.58,2016-09-08,185154,205.0,34.0,31-40,1,One-Time Customer
T980262,C7610030,1985-03-08,F,GHAZIABAD,42172.75,2016-09-15,122139,147.0,32.0,31-40,1,One-Time Customer
T302672,C2036785,1989-06-14,M,VILUPPURAM,430.47,2016-10-08,145025,549.0,27.0,21-30,3,Occasional Customer
T447973,C5136357,1985-11-01,M,NEW DELHI,9420.68,2016-08-16,183904,300.0,31.0,31-40,1,One-Time Customer
T158774,C3735032,1991-10-21,F,NOIDA,17606.58,2016-04-08,101441,280.0,24.0,21-30,1,One-Time Customer
T568902,C7823225,1996-06-08,M,JAIPUR,69.71,2016-08-27,144604,60.0,20.0,18-20,3,Occasional Customer
T738,C4482416,1987-05-09,M,BANGALORE,8329.81,2016-10-21,194759,1286.0,29.0,21-30,1,One-Time Customer
T208801,C4365549,1993-08-23,M,HYDERABAD,174930.95,2016-03-09,122739,230.0,23.0,21-30,1,One-Time Customer
T240626,C4126262,,M,BHOPAL,48981.05,2016-07-08,173238,1365.0,,,1,One-Time Customer
T597826,C2336731,,F,DELHI,34702.27,2016-08-27,191346,499.0,,,1,One-Time Customer
T443454,C7480365,1988-06-20,M,BANGALORE,108516.51,2016-08-16,171958,289.0,28.0,21-30,1,One-Time Customer
T76222,C7437355,1992-10-19,M,PURBI SINGHBHUM,19173.82,2016-02-08,213607,16.0,23.0,21-30,1,One-Time Customer
T1045403,C2740545,,M,GURGAON,19318.14,2016-09-18,102340,568.0,,,1,One-Time Customer
T1040022,C3141837,1988-02-03,F,NEW DELHI,17204.23,2016-09-18,115934,150.0,29.0,21-30,1,One-Time Customer
T161101,C5410667,1990-09-09,M,AGRA,31830.95,2016-05-08,220950,235.0,26.0,21-30,1,One-Time Customer
T576817,C1723960,1990-05-14,F,BANGALORE,10596.35,2016-08-22,214946,39.0,26.0,21-30,1,One-Time Customer
T269378,C5921634,1988-05-08,F,DELHI,27567.95,2016-12-08,185612,1395.0,29.0,21-30,2,Occasional Customer
T967747,C2316344,,M,NOIDA,5146.74,2016-10-09,102355,150.0,,,1,One-Time Customer
T481858,C4539028,1988-03-15,M,PUNE,78.29,2016-08-20,25438,50.0,28.0,21-30,1,One-Time Customer
T100854,C4232933,1993-06-13,M,PURI DISTRICT,20313.42,2016-01-08,184334,1800.0,23.0,21-30,1,One-Time Customer
T469769,C6432457,1985-06-09,M,MUMBAI,742944.12,2016-08-21,215348,740.0,31.0,31-40,2,Occasional Customer
T887437,C7650654,1989-07-15,M,THANE,4160.69,2016-07-09,202934,2300.0,27.0,21-30,1,One-Time Customer
T862890,C7779030,,M,BANGALORE,56206.57,2016-08-09,120733,279.0,,,1,One-Time Customer
T519517,C7129811,1977-01-08,M,DELHI,86751.77,2016-08-24,133240,641.0,40.0,31-40,1,One-Time Customer
T824067,C3417014,1993-06-29,F,RANCHI,8341.69,2016-04-09,141408,712.9,23.0,21-30,1,One-Time Customer
T1042517,C2420717,1985-12-10,F,DELHI,16644.78,2016-09-18,140809,712.4,31.0,31-40,1,One-Time Customer
T329647,C8019954,1988-11-16,M,EVARARD NAGAR SION(E) MUMBAI,5091.93,2016-08-15,182118,12000.0,28.0,21-30,1,One-Time Customer
T620821,C7638327,1988-08-30,M,NEW DELHI,73904.05,2016-08-26,150439,529.0,28.0,21-30,1,One-Time Customer
T975373,C6825773,1983-12-24,M,MEERUT,3568.16,2016-09-15,163707,211.0,33.0,31-40,1,One-Time Customer
T189027,C2015325,1984-01-12,M,HOSPITAL VIKHROLI E MUMBAI,353166.44,2016-09-08,193125,150.0,33.0,31-40,1,One-Time Customer
T456198,C2728341,1994-10-17,M,NOIDA,8022.26,2016-08-21,32652,730.0,22.0,21-30,1,One-Time Customer
T323754,C7937447,1977-11-10,M,MUMBAI,34477.58,2016-10-08,230959,627.0,39.0,31-40,2,Occasional Customer
T1020727,C2581447,1986-11-23,M,MUMBAI,41712.79,2016-09-13,211149,2170.0,30.0,21-30,1,One-Time Customer
T632721,C1454758,1986-09-29,M,KARNAL,7243.4,2016-08-29,124044,316.0,30.0,21-30,1,One-Time Customer
T315114,C6911634,1984-06-05,M,MUMBAI,9763.95,2016-10-08,190028,550.0,32.0,31-40,2,Occasional Customer
T944703,C5627137,1988-09-16,M,THANE,30370.94,2016-11-09,215943,1514.0,28.0,21-30,1,One-Time Customer
T291736,C4979684,1986-03-22,M,TIRUPUR,7645.39,2016-11-08,224118,259.99,31.0,31-40,1,One-Time Customer
T921021,C6636422,,F,AHMEDABAD,41324.39,2016-12-09,230527,711.0,,,1,One-Time Customer
T350007,C8430368,1991-11-07,M,SUBURBAN TEHSIL BORIVALI MUMBAI,4504.45,2016-08-14,165437,2047.2,25.0,21-30,1,One-Time Customer
T774983,C4542012,1981-09-09,M,DEHRADUN,8850.56,2016-06-09,183814,468.0,35.0,31-40,1,One-Time Customer
T264717,C2720937,1987-06-22,M,RAIPUR,6988.14,2016-12-08,195914,540.0,29.0,21-30,1,One-Time Customer
T1028187,C1939177,1982-03-09,M,GHAZIABAD,9791.68,2016-09-13,133121,1300.0,35.0,31-40,1,One-Time Customer
T153745,C4829314,1987-03-16,M,BANGALORE,34120.43,2016-05-08,201750,91.0,29.0,21-30,1,One-Time Customer
T410261,C6520479,1991-05-01,M,AMBASAMUDRAM,19731.41,2016-08-18,212224,20.0,25.0,21-30,1,One-Time Customer
T606509,C3020116,1981-06-30,F,PERAMBALUR,11159.13,2016-08-26,191328,265.0,35.0,31-40,1,One-Time Customer
T564000,C3752813,1990-08-21,F,DELHI,1795.99,2016-08-22,125118,500.0,26.0,21-30,1,One-Time Customer
T701840,C5970647,,M,THANE EAST,6149.72,2016-08-30,172031,127.5,,,1,One-Time Customer
T72890,C3023169,1984-06-08,F,PATHANKOT,133141.86,2016-02-08,163143,3380.0,32.0,31-40,1,One-Time Customer
T702398,C5922627,,M,KAPURTHALA,55571.9,2016-08-30,170644,1500.0,,,1,One-Time Customer
T628392,C4017038,,M,KOLKATA,34197.11,2016-08-25,181910,1201.0,,,1,One-Time Customer
T181405,C4939156,1992-10-12,M,GURGAON,320.86,2016-09-08,80525,417.61,24.0,21-30,3,Occasional Customer
T234423,C1410455,1980-07-09,M,MARCELA,23545.71,2016-07-08,155849,1440.0,36.0,31-40,3,Occasional Customer
T974004,C6142886,1980-11-10,F,CHENNAI,282324.36,2016-09-15,162201,2601.0,36.0,31-40,1,One-Time Customer
T485196,C6434833,1990-12-08,F,GURGAON,2155.47,2016-08-20,151840,30.0,26.0,21-30,1,One-Time Customer
T691588,C1741388,,M,MUMBAI,322278.08,2016-08-30,182136,965.0,,,1,One-Time Customer
T1030926,C3418551,1983-07-07,M,NEW DELHI,27728.47,2016-09-13,104949,260.0,33.0,31-40,1,One-Time Customer
T35677,C7183824,1988-04-27,M,NOIDA,19154.98,2016-09-30,152538,1494.6,28.0,21-30,1,One-Time Customer
T208504,C4916837,1987-02-06,M,CHENNAI,14376.47,2016-03-09,135616,460.0,29.0,21-30,2,Occasional Customer
T742572,C5734832,,M,NEW DELHI,355155.33,2016-02-09,155553,50.2,,,1,One-Time Customer
T669799,C6438127,1990-05-04,M,CHITTO0R,2913.07,2016-08-28,145539,30.0,26.0,21-30,1,One-Time Customer
T569590,C6332871,,M,LUDHIANA,4690.54,2016-08-27,143639,1823.0,,,2,Occasional Customer
T334442,C2925238,,F,NEW DELHI,811100.36,2016-08-15,145800,548.5,,,2,Occasional Customer
T277697,C1315074,1980-09-18,M,AIZAWL,4548.63,2016-11-08,61934,101.15,36.0,31-40,1,One-Time Customer
T183757,C3013920,1991-01-01,M,MUMBAI,5890.41,2016-09-08,131608,250.0,26.0,21-30,2,Occasional Customer
T784050,C8119320,1982-08-28,M,MUMBAI,100452.29,2016-06-09,132206,1106.21,34.0,31-40,1,One-Time Customer
T368940,C4431865,1985-10-17,M,MUMBAI,38117.59,2016-08-14,220303,231.0,31.0,31-40,1,One-Time Customer
T272972,C6949416,,F,MUMBAI,1629701.75,2016-12-08,210950,43180.84,,,1,One-Time Customer
T198149,C5538947,1993-10-30,M,HYDERABAD,3590.56,2016-09-08,215514,911.0,23.0,21-30,1,One-Time Customer
T491217,C5140121,1991-12-25,M,GURGAON,2452.77,2016-08-20,141220,179.0,25.0,21-30,2,Occasional Customer
T952742,C3239270,,F,BANGALORE,857025.92,2016-10-09,191616,1599.0,,,1,One-Time Customer
T995859,C8432348,1982-09-05,M,DUBAI,6062407.91,2016-09-14,104358,468.0,34.0,31-40,2,Occasional Customer
T388054,C4820947,,M,NOIDA,121716.66,2016-08-13,201222,931.0,,,1,One-Time Customer
T584891,C1136682,1990-12-24,M,DELHI,4288.89,2016-08-27,174038,1000.0,26.0,21-30,1,One-Time Customer
T237633,C2615914,,M,BANGALORE,58743.78,2016-07-08,173122,698.0,,,1,One-Time Customer
T898523,C1323315,1995-12-01,F,NEW DELHI,13416.23,2016-07-09,131719,553.0,21.0,21-30,1,One-Time Customer
T626564,C3837969,1991-11-15,M,CHENNAI,377.23,2016-08-29,140858,180.0,25.0,21-30,2,Occasional Customer
T3186,C7917478,1987-07-30,F,MUMBAI,515982.16,2016-10-21,154611,66.0,29.0,21-30,2,Occasional Customer
T889699,C6722179,1981-01-02,M,NEW DELHI,196698.97,2016-07-09,194247,19.66,36.0,31-40,3,Occasional Customer
T229748,C5112767,1978-12-29,F,HYDERABAD,31007.36,2016-07-08,115218,344.0,38.0,31-40,1,One-Time Customer
T972336,C1132552,1993-02-21,M,DELHI,13226.06,2016-10-09,40906,803.75,24.0,21-30,4,Occasional Customer
T877655,C2022021,1979-06-30,M,KOLKATA,112.53,2016-08-09,193944,247.0,37.0,31-40,1,One-Time Customer
T50343,C6733544,1989-08-20,F,MUMBAI,61746.92,2016-03-08,143604,1059.13,27.0,21-30,1,One-Time Customer
T625765,C1960254,1987-01-04,M,MANDI,2170.65,2016-08-29,190939,600.0,30.0,21-30,1,One-Time Customer
T668212,C6427351,1988-07-17,M,ZIRAKPUR,358602.41,2016-08-28,141011,630.0,28.0,21-30,1,One-Time Customer
T68784,C8795823,1992-06-04,M,DELHI,284.48,2016-02-08,130855,168.0,24.0,21-30,1,One-Time Customer
T865663,C7533664,,F,HYDERABAD,4686.44,2016-08-09,121733,574.0,,,1,One-Time Customer
T1036516,C5532016,1978-05-20,F,CHENNAI,112095.74,2016-09-18,24116,330.0,38.0,31-40,1,One-Time Customer
T258699,C3115283,1989-08-24,M,MUMBAI,552.34,2016-12-08,112840,1010.0,27.0,21-30,1,One-Time Customer
T36397,C8526376,1985-05-29,F,KARNAL,42498.91,2016-09-26,185452,63.0,31.0,31-40,1,One-Time Customer
T554381,C8526312,,M,MEERUT,1.51,2016-08-23,174252,249.0,,,2,Occasional Customer
T868143,C5241443,1979-01-29,M,PANCHKULA,244724.21,2016-08-09,141748,3561.0,38.0,31-40,1,One-Time Customer
T94052,C4427978,1976-11-12,M,THANE,89365.55,2016-01-08,163105,1484.52,39.0,31-40,1,One-Time Customer
T261013,C4921373,1984-08-20,M,NEW DELHI,47455.7,2016-12-08,183419,2843.5,32.0,31-40,1,One-Time Customer
T757926,C4427860,1981-06-06,M,NOIDA,150940.31,2016-01-09,190704,400.0,35.0,31-40,1,One-Time Customer
T456488,C2111252,1989-10-10,M,ADILABAD,2326.83,2016-08-16,192535,30.0,27.0,21-30,1,One-Time Customer
T30683,C4420035,,F,KOLKATA,26906.21,2016-09-25,202244,419.3,,,1,One-Time Customer
T792277,C1629355,1976-06-16,M,ERNAKULAM,55841.73,2016-05-09,94408,850.0,40.0,31-40,2,Occasional Customer
T533889,C2836121,1989-06-18,M,INDORE,14589.6,2016-08-24,205735,600.0,27.0,21-30,1,One-Time Customer
T620759,C8526913,,F,CHENNAI,16790.87,2016-08-28,92529,989.0,,,1,One-Time Customer
T166860,C7410953,1982-10-01,M,PUNE,111593.05,2016-04-08,135426,60.0,34.0,31-40,2,Occasional Customer
T165105,C2519777,,M,GURGAON,244718.54,2016-04-08,134711,625.0,,,1,One-Time Customer
T380721,C1057017,1984-06-28,F,DEHRADUN,18793.02,2016-08-13,125000,390.0,32.0,31-40,1,One-Time Customer
T54525,C5730435,1993-07-15,M,BHOPAL,7754.76,2016-03-08,201029,17.0,23.0,21-30,1,One-Time Customer
T91384,C4210113,1984-10-10,M,VADODARA,10181.79,2016-09-27,180755,100.0,32.0,31-40,2,Occasional Customer
T324854,C3923073,1984-07-24,M,CHENNAI,56202.21,2016-08-15,123501,2252.0,32.0,31-40,2,Occasional Customer
T159930,C2224355,1990-03-18,M,KOLKATA,101103.54,2016-05-08,213844,470.0,26.0,21-30,1,One-Time Customer
T707078,C6812859,1993-10-03,M,BALLIA,8492.76,2016-03-09,102826,250.0,22.0,21-30,2,Occasional Customer
T128907,C6232091,1983-09-01,M,RAJKOT,20957.99,2016-06-08,192113,6827.98,33.0,31-40,1,One-Time Customer
T573579,C1111362,1991-12-01,M,BANGALORE,60582.53,2016-08-22,174641,150.0,25.0,21-30,1,One-Time Customer
T1035452,C2087653,1990-06-25,F,DELHI,9701.78,2016-09-13,92402,815.93,26.0,21-30,1,One-Time Customer
T1044943,C4227575,,M,NOIDA,252815.27,2016-09-18,104604,345.0,,,1,One-Time Customer
T469664,C1618439,1984-11-21,M,MUMBAI,19387.91,2016-08-21,171043,345.0,32.0,31-40,1,One-Time Customer
T997256,C2922628,1982-10-11,F,MUMBAI,1041817.52,2016-09-14,114835,280.0,34.0,31-40,3,Occasional Customer
T492604,C7837740,1984-08-19,M,SARJAPUR MAIN RD BANGALORE,105741.53,2016-08-20,211247,984.0,32.0,31-40,2,Occasional Customer
T936203,C7631476,1987-04-13,M,CHANDIGARH,28102.51,2016-11-09,200323,600.0,30.0,21-30,1,One-Time Customer
T564323,C3912242,1983-04-09,F,BHUBANESHWAR,31.32,2016-08-22,161800,80.0,33.0,31-40,2,Occasional Customer
T175352,C5721159,1992-11-10,M,THIRUVANNAMALAI DT,3308.67,2016-09-08,81121,99.0,24.0,21-30,2,Occasional Customer
T261427,C2511488,1993-07-18,M,DELHI,3159.37,2016-12-08,171239,210.0,23.0,21-30,1,One-Time Customer
T116858,C6230256,1988-10-24,M,SHIMLA,14542.4,2016-06-08,132147,662.0,28.0,21-30,2,Occasional Customer
T244296,C1439619,,M,NEW DELHI,2686.1,2016-07-08,170237,100.0,,,1,One-Time Customer
T29570,C5331025,1991-11-26,M,EAST GODAVARI,3673.29,2016-09-26,132214,55.0,25.0,21-30,1,One-Time Customer
T521435,C5125036,1993-11-12,M,BANGALORE,227655.32,2016-08-19,235056,3601.0,23.0,21-30,1,One-Time Customer
T520130,C4519547,1993-02-21,M,JAIPUR,33711.55,2016-08-19,185350,144.06,23.0,21-30,1,One-Time Customer
T324066,C3220481,1993-03-15,M,FARIDABAD,1410.52,2016-10-08,230043,99.0,24.0,21-30,1,One-Time Customer
T652499,C2038176,1978-01-26,F,MOHALI,28012.04,2016-08-31,133721,1300.0,39.0,31-40,3,Occasional Customer
T903145,C6613671,,M,NEW DELHI,8610.97,2016-12-09,161547,800.0,,,1,One-Time Customer
T339400,C2715616,1990-08-04,M,DELHI,2494.74,2016-08-15,221948,152.0,26.0,21-30,2,Occasional Customer
T947939,C2839861,1991-07-07,M,GURGAON,46769.83,2016-11-09,210418,1674.52,25.0,21-30,1,One-Time Customer
T397886,C2629390,1989-08-23,M,THIRUVANANTHAPURAM,49189.78,2016-08-13,205923,173.0,27.0,21-30,2,Occasional Customer
T693884,C1082357,1990-03-02,M,JAIPUR,5953.54,2016-08-30,191024,500.0,26.0,21-30,1,One-Time Customer
T958425,C5911384,1986-05-26,M,KOLKATA,435.38,2016-10-09,182445,599.0,30.0,21-30,1,One-Time Customer
T51853,C7921124,1991-10-27,M,PALI,964965.15,2016-03-08,171032,9999.0,24.0,21-30,1,One-Time Customer
T447425,C6469037,1989-11-01,M,GURGAON,6746.77,2016-08-16,175559,40.0,27.0,21-30,1,One-Time Customer
T1008625,C7114635,1993-08-26,M,PRATAPGARH,9911.93,2016-09-14,233349,45.0,23.0,21-30,1,One-Time Customer
T814856,C6722954,1987-03-20,M,SHIMLA,83913.0,2016-04-09,200224,86.0,29.0,21-30,1,One-Time Customer
T54039,C4621553,1988-02-25,M,BANGALORE,232729.43,2016-03-08,191626,174.32,28.0,21-30,1,One-Time Customer
T326413,C1015150,,M,CHANDIGARH,141610.45,2016-08-15,112323,25.0,,,2,Occasional Customer
T699406,C6512074,1994-11-18,M,GURGAON,27702.58,2016-08-30,150131,220.53,22.0,21-30,1,One-Time Customer
T25865,C2360086,1991-06-26,M,GORAKHPUR,28185.38,2016-09-26,175427,310.0,25.0,21-30,1,One-Time Customer
T224452,C8410550,,M,GUNTUR,12288.41,2016-07-08,91456,898.56,,,1,One-Time Customer
T410242,C8237714,1981-06-09,M,KARNAL,39805.53,2016-08-18,194111,700.0,35.0,31-40,1,One-Time Customer
T326649,C3361768,1984-11-06,F,KHAR  MUMBAI,172495.65,2016-08-15,131324,1000.0,32.0,31-40,1,One-Time Customer
T795114,C1521620,1989-01-15,M,NOIDA,39912.7,2016-05-09,153024,170.0,27.0,21-30,1,One-Time Customer
T564912,C9038558,1991-02-07,M,MUMBAI,2609.25,2016-08-22,121214,100.0,26.0,21-30,2,Occasional Customer
T209616,C6731533,1983-05-05,F,GURGAON,113905.02,2016-03-09,134159,2040.0,33.0,31-40,1,One-Time Customer
T814880,C3735972,1991-03-09,M,MORADABAD,585.27,2016-04-09,194900,260.0,25.0,21-30,2,Occasional Customer
T392795,C5713366,1981-01-26,M,NOIDA,706559.24,2016-08-13,224850,149.0,36.0,31-40,1,One-Time Customer
T569154,C8118427,1985-04-04,M,NOIDA,547.58,2016-08-22,140308,284.38,31.0,31-40,1,One-Time Customer
T1016605,C4210092,1986-01-11,M,BANGALORE,4460.02,2016-09-13,200200,890.0,31.0,31-40,1,One-Time Customer
T810893,C1234653,1992-02-01,M,BANGALORE,32627.11,2016-05-09,210950,357.0,24.0,21-30,1,One-Time Customer
T701373,C6414119,1986-04-15,F,GURGAON,1013679.67,2016-08-30,124041,1750.0,30.0,21-30,1,One-Time Customer
T232847,C1213982,1983-12-05,M,FARIDABAD,3051.18,2016-07-08,145137,100.0,33.0,31-40,1,One-Time Customer
T570848,C6067446,1980-12-24,M,MUMBAI,14967.42,2016-08-27,23155,888.96,36.0,31-40,1,One-Time Customer
T469974,C5220241,1990-03-04,F,BHAJAN PURA,8815.96,2016-08-21,154837,374.0,26.0,21-30,4,Occasional Customer
T405122,C8525048,1993-04-06,M,KADAPA,25082.81,2016-08-18,210716,900.0,23.0,21-30,1,One-Time Customer
T297186,C8421430,,M,GURGAON,893.41,2016-11-08,214543,2949.0,,,2,Occasional Customer
T454967,C4388741,1990-02-12,F,AMRITSAR,2867.9,2016-08-16,230013,730.0,27.0,21-30,1,One-Time Customer
T642526,C3539549,1991-05-01,M,GURGAON,7446.1,2016-08-25,185015,30.0,25.0,21-30,1,One-Time Customer
T605097,C5048079,1985-01-20,M,BHOPAL,6005.32,2016-08-26,190655,753.0,32.0,31-40,1,One-Time Customer
T989154,C3992290,1983-10-03,M,NEW DELHI,12583.75,2016-09-15,201229,205.0,33.0,31-40,1,One-Time Customer
T950056,C7213186,1988-07-20,M,KOLAR - DISTRICT,11.26,2016-11-09,230111,362.0,28.0,21-30,1,One-Time Customer
T857139,C4115257,1976-09-16,M,NEW DELHI,1234605.82,2016-09-09,220949,7597.0,40.0,31-40,1,One-Time Customer
T13874,C3222525,1979-05-26,M,RANGA REDDY,324239.41,2016-09-27,172308,6198.0,37.0,31-40,1,One-Time Customer
T886966,C5539883,1984-02-02,M,BANGALORE,1979681.54,2016-07-09,190404,5000.0,32.0,31-40,1,One-Time Customer
T428648,C6346669,1989-03-01,F,NAVI MUMBAI,26063.28,2016-08-17,151217,105.0,27.0,21-30,1,One-Time Customer
T392425,C1212386,1993-06-13,F,GURGAON,3868.94,2016-08-13,213443,351.0,23.0,21-30,1,One-Time Customer
T459416,C3440511,1987-05-24,M,MAROL METRO MAROL ANDHERI (E)MUMBAI,19046.27,2016-08-21,93822,300.0,29.0,21-30,2,Occasional Customer
T966123,C8825140,,F,NEW DELHI,389433.26,2016-10-09,125822,560.0,,,1,One-Time Customer
T302037,C8934026,1985-05-21,F,GREATER NOIDA,191190.32,2016-10-08,132231,3000.0,31.0,31-40,1,One-Time Customer
T906160,C7441628,1990-07-05,M,BENGALURU,790.2,2016-12-09,171522,200.0,26.0,21-30,1,One-Time Customer
T759461,C4435174,1989-09-07,F,HYDERABAD,790.16,2016-01-09,151053,50.0,26.0,21-30,1,One-Time Customer
T517578,C8816137,1976-04-15,M,DEHRADUN,65805.39,2016-08-24,3722,1800.0,40.0,31-40,3,Occasional Customer
T357072,C7837757,,M,GHAZIABAD,8064.36,2016-08-14,130545,1839.21,,,1,One-Time Customer
T675787,C1337079,1988-05-13,M,DELHI,505090.8,2016-08-31,175715,200.0,28.0,21-30,2,Occasional Customer
T623381,C8214558,1983-06-13,M,KAITHAL,93137.78,2016-08-25,182136,197.0,33.0,31-40,2,Occasional Customer
T96367,C7362886,1989-05-18,M,CHANDIGARH,1700.16,2016-01-08,185715,480.0,27.0,21-30,1,One-Time Customer
T473487,C6841556,1982-08-21,M,DELHI,41810.4,2016-08-21,181216,335.0,34.0,31-40,1,One-Time Customer
T672250,C7733659,1991-08-16,M,LAXMANGARH,4991.88,2016-08-28,204240,355.0,25.0,21-30,1,One-Time Customer
T749722,C5653523,1985-07-26,M,JAIPUR,7619.11,2016-01-09,220959,200.0,30.0,21-30,1,One-Time Customer
T861558,C1424628,,M,NEW DELHI,46498.6,2016-08-09,93816,1000.0,,,1,One-Time Customer
T414938,C8441229,1990-11-22,F,BISHNUPUR,28704.5,2016-08-18,192729,460.0,26.0,21-30,1,One-Time Customer
T267483,C5039653,1988-06-29,F,POINTS HOTEL VADGAONSHERI PUNE,6403.46,2016-03-09,113812,200.0,28.0,21-30,1,One-Time Customer
T886445,C5537079,1985-01-21,M,BANGALORE,7089.62,2016-07-09,195615,455.0,31.0,31-40,2,Occasional Customer
T20674,C2328253,,M,BARDDHAMAN,8338.2,2016-09-23,190958,1720.0,,,1,One-Time Customer
T167385,C5316154,,F,PUNE,125870.16,2016-04-08,204702,2135.5,,,1,One-Time Customer
T796622,C3889475,1979-04-04,M,MUMBAI,2249.91,2016-05-09,145623,4460.0,37.0,31-40,1,One-Time Customer
T594478,C1532251,1980-09-19,F,THANE,11338.38,2016-08-25,131904,600.0,36.0,31-40,1,One-Time Customer
T946255,C1252533,1992-02-03,M,NEW DELHI,7828.34,2016-11-09,202908,529.0,25.0,21-30,1,One-Time Customer
T384835,C8675719,1991-09-05,M,MUMBAI,7088.12,2016-08-13,150503,969.0,25.0,21-30,1,One-Time Customer
T71205,C3917069,1990-05-14,M,NEW DELHI,2922.16,2016-02-08,150436,507.5,26.0,21-30,1,One-Time Customer
T910956,C2939647,1991-02-22,M,KOZHIKODE,16149.53,2016-12-09,101527,564.0,26.0,21-30,2,Occasional Customer
T816325,C6842367,1983-09-29,F,PUNE,13100.96,2016-04-09,160813,2300.0,33.0,31-40,1,One-Time Customer
T133241,C5114591,1989-11-20,F,NEW DELHI,25006.0,2016-05-08,51905,200.0,26.0,21-30,2,Occasional Customer
T743313,C1732445,1992-05-21,M,PUNE,96471.09,2016-02-09,184658,141.36,24.0,21-30,1,One-Time Customer
T604308,C5630977,1990-02-14,M,NEW DELHI,82964.54,2016-08-26,175506,4500.0,27.0,21-30,1,One-Time Customer
T929075,C4416656,,F,NEWDELHI,20422.76,2016-11-09,130030,780.0,,,1,One-Time Customer
T399402,C7882224,1991-05-06,M,DIMAPUR,42278.49,2016-08-18,61813,1000.0,25.0,21-30,1,One-Time Customer
T319126,C8025518,1987-10-07,M,MORADABAD,6419.58,2016-08-15,120409,147.0,29.0,21-30,1,One-Time Customer
T1004457,C1316733,1976-03-15,M,DEHRADUN,331.35,2016-09-14,175431,498.32,41.0,41-50,2,Occasional Customer
T151320,C6827072,1980-08-27,M,PUNE,37994.37,2016-05-08,210722,190.0,36.0,31-40,2,Occasional Customer
T847584,C4827645,1993-06-26,M,JAIPUR,2505.81,2016-09-09,122921,2369.0,23.0,21-30,3,Occasional Customer
T353369,C4685517,1987-02-18,F,DELHI,48487.76,2016-08-14,165042,2784.79,29.0,21-30,1,One-Time Customer
T347095,C3525311,,M,RD NR DURGA CHOWK NEW DELHI,27261.5,2016-08-14,34405,1187.0,,,2,Occasional Customer
T849801,C2686520,1980-01-22,M,GURGAON,74572.94,2016-09-09,94543,500.0,37.0,31-40,1,One-Time Customer
T427183,C9037111,1981-07-09,F,DELHI,42263.27,2016-08-17,205525,1130.0,35.0,31-40,1,One-Time Customer
T641013,C6348840,1981-12-16,M,BHOPAL,78153.63,2016-08-25,204342,2138.0,35.0,31-40,1,One-Time Customer
T851218,C8319967,1990-05-07,F,NEW DELHI,104.68,2016-09-09,191213,100.0,26.0,21-30,1,One-Time Customer
T705783,C5439938,1983-08-20,M,VISAKHAPATNAM,6534.98,2016-08-30,110910,2615.96,33.0,31-40,2,Occasional Customer
T134936,C8310222,1993-05-28,M,BANGALORE,47857.4,2016-05-08,141932,3330.0,23.0,21-30,1,One-Time Customer
T76692,C6464920,1991-01-04,F,NILGONDA,14140.74,2016-02-08,194957,653.0,25.0,21-30,1,One-Time Customer
T39778,C3193665,1993-03-22,M,BANGALORE,15376.8,2016-09-22,153114,200.0,24.0,21-30,1,One-Time Customer
T926225,C4692522,1989-08-13,M,BANGALORE,11641.66,2016-11-09,105737,300.0,27.0,21-30,1,One-Time Customer
T455260,C4826384,1992-07-25,M,GURGAON,34889.08,2016-08-16,211510,220.0,24.0,21-30,1,One-Time Customer
T212298,C3716021,1990-05-02,M,NEW DELHI,182106.2,2016-08-08,184244,37171.0,26.0,21-30,1,One-Time Customer
T683909,C3925215,1988-08-06,M,NEW DELHI,330116.82,2016-08-31,220801,380.0,28.0,21-30,1,One-Time Customer
T947274,C7626044,1992-01-06,M,FARIDABAD,10843.67,2016-11-09,203710,3217.0,25.0,21-30,1,One-Time Customer
T82832,C8217978,1984-04-22,M,SOUTH 24 PARGANAS,17372.76,2016-02-08,221254,230.0,32.0,31-40,2,Occasional Customer
T832006,C3722213,1989-12-30,M,DHOLPUR,43057.61,2016-04-09,125817,74.0,26.0,21-30,1,One-Time Customer
T165314,C8640721,1994-09-04,M,NEW DELHI,9125.99,2016-04-08,203113,300.0,22.0,21-30,1,One-Time Customer
T802452,C6713952,1989-08-25,M,VELLORE,70655.94,2016-05-09,192732,3907.0,27.0,21-30,2,Occasional Customer
T384396,C9033431,1982-01-31,M,RANCHI,27939.65,2016-08-13,190006,2390.0,35.0,31-40,1,One-Time Customer
T536461,C3737369,1991-09-21,M,NOIDA,90460.69,2016-08-24,230521,4568.06,25.0,21-30,1,One-Time Customer
T812086,C2622452,1987-09-01,F,DELHI,209431.27,2016-04-09,191053,398.0,29.0,21-30,2,Occasional Customer
T941011,C6520380,1982-02-10,M,NOIDA,161057.83,2016-11-09,213800,1000.0,35.0,31-40,2,Occasional Customer
T420228,C5249860,1981-09-01,M,DELHI,13800.14,2016-08-17,111942,189.05,35.0,31-40,1,One-Time Customer
T775967,C2725141,,M,SURAT,5488.3,2016-06-09,190704,1500.0,,,1,One-Time Customer
T749977,C8622119,1996-03-20,M,CARANZALEM,6302.22,2016-02-09,230124,1750.0,20.0,18-20,1,One-Time Customer
T223949,C7933422,1984-10-10,M,BANGALORE,7101.01,2016-07-08,111304,992.0,32.0,31-40,1,One-Time Customer
T575780,C5324148,1991-09-13,M,HYDERABAD,1301.99,2016-08-22,114600,14.0,25.0,21-30,2,Occasional Customer
T20226,C7322033,1987-06-11,M,GURGAON,155.96,2016-09-23,204106,300.0,29.0,21-30,1,One-Time Customer
T313281,C4139612,1985-01-13,F,MUMBAI,133555.2,2016-10-08,222831,2700.0,32.0,31-40,1,One-Time Customer
T28980,C1321421,1989-02-11,M,NEW DELHI,230818.19,2016-09-25,234855,269.33,28.0,21-30,1,One-Time Customer
T1002245,C2128058,1988-06-10,M,BHOPAL,169.92,2016-09-14,172814,4250.0,28.0,21-30,2,Occasional Customer
T945597,C3419634,1988-12-05,M,KOZHIKODE,266459.19,2016-11-09,212519,400.0,28.0,21-30,2,Occasional Customer
T415003,C4325257,1982-02-26,F,KOTTAYAM,11004.13,2016-08-18,205757,1049.0,34.0,31-40,3,Occasional Customer
T356072,C8334628,,M,PUNE,646025.83,2016-08-14,183927,5888.6,,,1,One-Time Customer
T1033041,C4464467,,M,KOLKATA,402912.21,2016-09-18,173052,5940.0,,,1,One-Time Customer
T229290,C4438132,1992-04-18,M,ALLAHABAD,18451.01,2016-07-08,122425,144.43,24.0,21-30,1,One-Time Customer
T205116,C7845169,1999-01-26,M,LUCKNOW,4894.54,2016-08-08,111406,1000.0,18.0,18-20,1,One-Time Customer
T1046089,C3418048,1995-07-19,M,MEWAT,47.86,2016-09-18,121242,200.0,21.0,21-30,1,One-Time Customer
T251950,C4327916,1979-11-27,M,MUMBAI,51490.32,2016-12-08,2950,470.0,37.0,31-40,2,Occasional Customer
T974497,C5921172,1981-09-29,F,MUMBAI,223345.42,2016-09-15,154138,55.3,35.0,31-40,1,One-Time Customer
T245321,C3128227,1988-04-13,F,PANCHKULA,40027.85,2016-07-08,212229,283.0,28.0,21-30,2,Occasional Customer
T711663,C7012212,1981-07-10,M,GURGAON,14306.24,2016-03-09,185115,30.0,35.0,31-40,2,Occasional Customer
T935547,C2739857,1989-04-06,M,DELHI,23881.24,2016-11-09,141657,643.45,28.0,21-30,1,One-Time Customer
T739383,C4433875,1993-04-04,F,SILIGURI,9670.64,2016-02-09,183110,18.0,23.0,21-30,1,One-Time Customer
T509718,C7242392,1979-11-20,M,KALKA,4724.27,2016-08-19,182114,550.0,37.0,31-40,3,Occasional Customer
T1002689,C3463135,1986-04-25,F,NOIDA,1126.51,2016-09-14,132751,9800.0,30.0,21-30,1,One-Time Customer
T154892,C4121962,1980-05-15,M,JHANSI,2421.65,2016-05-08,210524,155.0,36.0,31-40,3,Occasional Customer
T692278,C2040112,1988-07-11,M,PUNE,13939.39,2016-08-30,10401,291.0,28.0,21-30,1,One-Time Customer
T20528,C1931149,1987-10-05,F,NOIDA,3882.64,2016-09-23,191442,250.0,29.0,21-30,2,Occasional Customer
T545990,C4366443,1992-03-24,F,GURGAON,270.45,2016-08-24,160739,282.0,24.0,21-30,1,One-Time Customer
T473767,C6620757,1978-10-28,M,VISAKHAPATNAM,204987.22,2016-08-21,220440,7916.0,38.0,31-40,1,One-Time Customer
T461000,C1233941,1994-10-29,M,BANGALORE,24519.66,2016-08-16,212221,250.0,22.0,21-30,1,One-Time Customer
T919274,C2084776,1976-12-21,M,KOLKATA,9441.1,2016-12-09,192039,153.0,40.0,31-40,1,One-Time Customer
T690378,C7820015,,M,BARMER,24213.89,2016-08-31,73349,653.75,,,3,Occasional Customer
T815726,C6810257,1985-07-29,M,GURGAON,6898.18,2016-04-09,210258,540.0,31.0,31-40,3,Occasional Customer
T203866,C4641148,1991-12-28,M,NEW DELHI,7709.61,2016-08-08,104434,50.0,25.0,21-30,1,One-Time Customer
T453931,C9014828,1982-06-13,F,NOIDA,72229.44,2016-08-16,211520,175.0,34.0,31-40,1,One-Time Customer
T693468,C2334550,1991-05-01,F,CHANDIGARH,44899.72,2016-08-31,201830,100.0,25.0,21-30,1,One-Time Customer
T419866,C6724762,1983-11-05,M,AHMEDABAD,4963.97,2016-08-17,115617,150.0,33.0,31-40,1,One-Time Customer
T403883,C3837658,1986-07-23,M,MUMBAI,87152.98,2016-08-18,140502,750.0,30.0,21-30,1,One-Time Customer
T861781,C4816160,1989-12-12,F,KOTTAYAM,10096.16,2016-08-09,102552,465.0,27.0,21-30,1,One-Time Customer
T310891,C2418566,1992-03-18,M,DELHI,981.56,2016-10-08,202917,20.0,25.0,21-30,2,Occasional Customer
T519815,C8510015,1989-12-03,M,AJMER,197.62,2016-08-24,110341,96.0,27.0,21-30,1,One-Time Customer
T110004,C4728056,,M,GURGAON,89007.79,2016-01-08,215406,1218.2,,,3,Occasional Customer
T202921,C6923145,1983-10-12,M,NAVI MUMBAI,32985.34,2016-08-08,141847,55.0,33.0,31-40,1,One-Time Customer
T775462,C4736089,1988-12-17,M,BARODA,413145.52,2016-06-09,212951,2000.0,27.0,21-30,1,One-Time Customer
T524058,C1010666,1983-06-06,M,NANDURBAR,4450.94,2016-08-19,221048,497.0,33.0,31-40,2,Occasional Customer
T318375,C1514677,1984-06-20,M,BANGALORE,24348.92,2016-08-15,115220,500.0,32.0,31-40,1,One-Time Customer
T227094,C8416624,1988-02-02,M,NALGONDA,17093.11,2016-07-08,74942,300.0,28.0,21-30,2,Occasional Customer
T327321,C5733134,1988-02-07,M,BHILWARA,236892.18,2016-08-15,192045,2365.0,29.0,21-30,3,Occasional Customer
T344548,C1414152,,M,BANGALORE,0.0,2016-08-15,214427,133.0,,,1,One-Time Customer
T280624,C5111955,1978-01-01,F,SEHORE,73.68,2016-11-08,94456,117.0,39.0,31-40,1,One-Time Customer
T60784,C1122478,1989-05-19,M,LUCKNOW,4391.42,2016-03-08,201000,1500.0,27.0,21-30,1,One-Time Customer
T100803,C2912535,1994-03-05,F,GURGAON,2884.96,2016-01-08,185500,150.0,22.0,21-30,1,One-Time Customer
T473193,C7742681,1984-07-08,M,BANGALORE,18408.8,2016-08-21,154144,531.0,32.0,31-40,2,Occasional Customer
T293324,C5138649,1981-11-01,M,BANGALORE,34406.62,2016-11-08,203400,477.0,35.0,31-40,2,Occasional Customer
T69173,C6035463,1987-06-06,M,NOIDA,10493.92,2016-02-08,132832,49.0,29.0,21-30,2,Occasional Customer
T227162,C5874029,1995-01-25,M,JALANDHAR,87307.83,2016-08-08,182912,100.0,22.0,21-30,1,One-Time Customer
T100534,C8118389,1993-02-24,M,PUNE,10394.52,2016-06-08,92625,50.0,23.0,21-30,1,One-Time Customer
T547008,C1726211,1982-08-12,F,PONDICHERRY,36071.84,2016-08-23,110739,1100.0,34.0,31-40,2,Occasional Customer
T109090,C3716969,1987-06-11,F,NEW DELHI,284314.68,2016-06-08,141533,250.0,29.0,21-30,1,One-Time Customer
T604650,C7540055,1991-08-20,F,DELHI,18433.06,2016-08-26,175250,2040.0,25.0,21-30,2,Occasional Customer
T821139,C7210923,1988-04-09,M,MUMBAI,8969.07,2016-04-09,205448,300.0,28.0,21-30,2,Occasional Customer
T331641,C3729586,,M,BATHINDA,4400180.98,2016-08-15,162203,3456.0,,,2,Occasional Customer
T988964,C7842745,1990-08-28,M,DELHI,21145.15,2016-09-15,204024,2250.0,26.0,21-30,3,Occasional Customer
T364228,C4745880,1987-11-30,M,MUMBAI,61720.47,2016-08-14,183644,724.8,29.0,21-30,1,One-Time Customer
T138165,C2913884,1990-10-14,F,GURGAON,36239.7,2016-05-08,164231,30.0,26.0,21-30,1,One-Time Customer
T816171,C2424266,1982-10-17,F,NEW DELHI,22174.56,2016-04-09,201333,1190.0,33.0,31-40,2,Occasional Customer
T3266,C4341556,1987-11-23,M,NEW DELHI,6412.6,2016-10-21,145508,430.0,29.0,21-30,1,One-Time Customer
T900784,C5227137,1988-09-16,M,THANE,30370.94,2016-12-09,180621,250.0,28.0,21-30,1,One-Time Customer
T948341,C2136457,1981-12-31,M,GHAZIABAD,92028.51,2016-11-09,211444,1657.32,35.0,31-40,1,One-Time Customer
T473952,C5434723,1981-09-27,M,THANE WEST,24689.22,2016-08-21,231713,730.0,35.0,31-40,1,One-Time Customer
T285083,C1598737,1982-07-17,M,RAJGURUNAGAR,2246.93,2016-11-08,155729,50.0,34.0,31-40,1,One-Time Customer
T297050,C6681078,,M,JALANDHAR,351.93,2016-10-08,2606,351.0,,,1,One-Time Customer
T163464,C7142231,1991-11-13,M,SOUTH 24 PARGANAS,2663.42,2016-04-08,125035,996.0,24.0,21-30,1,One-Time Customer
T255123,C7236319,1992-03-07,M,NOIDA,13063.36,2016-12-08,85435,40.0,25.0,21-30,2,Occasional Customer
T799174,C6140773,1993-06-06,M,AHMEDABAD,120951.51,2016-05-09,180050,13000.0,23.0,21-30,1,One-Time Customer
T597071,C1733188,1991-09-02,M,RAIGAD,165.44,2016-08-26,220054,778.0,25.0,21-30,1,One-Time Customer
T843471,C3239872,1993-09-27,M,NORTH 24 PGS,36.3,2016-09-09,111640,30.0,23.0,21-30,1,One-Time Customer
T788000,C4232592,1991-02-01,M,DAMAN,9759.62,2016-05-09,503,50.0,25.0,21-30,1,One-Time Customer
T32222,C5325926,1983-10-06,M,MUMBAI,47526.13,2016-09-25,205125,385.0,33.0,31-40,4,Occasional Customer
T427353,C6179191,1992-01-03,F,BANGALORE,9.32,2016-08-17,163247,295.0,25.0,21-30,1,One-Time Customer
T857946,C3023629,1992-06-23,M,NAGAR PUNE,2112.9,2016-09-09,221215,90.0,24.0,21-30,2,Occasional Customer
T85784,C6189413,1992-01-23,F,NEW DELHI,5909.94,2016-01-08,142156,41.0,24.0,21-30,1,One-Time Customer
T959857,C2118087,1981-06-30,F,GURGAON,92355.04,2016-10-09,145851,5242.36,35.0,31-40,1,One-Time Customer
T500212,C7810268,1984-06-18,M,CHENNAI,10100.21,2016-08-20,194902,618.0,32.0,31-40,1,One-Time Customer
T685841,C3716153,1983-03-11,M,NAVI MUMBAI,1330.4,2016-08-31,220657,637.0,33.0,31-40,1,One-Time Customer
T555183,C8733321,1978-07-04,M,DELHI,470653.79,2016-08-24,153602,1845.0,38.0,31-40,2,Occasional Customer
T276918,C1219388,,M,DAS HOSPITAL MUMBAI,5.47,2016-12-08,234655,290.0,,,1,One-Time Customer
T925604,C8644823,,M,VADODARA,32291.55,2016-11-09,114933,2471.1,,,1,One-Time Customer
T734199,C3131691,,M,AGRA,626149.98,2016-02-09,122157,1149.0,,,2,Occasional Customer
T75255,C5138177,1988-12-04,M,THANE WEST,24573.41,2016-02-08,185853,1461.0,27.0,21-30,1,One-Time Customer
T657991,C8712038,1991-07-05,M,MUMBAI,51661.28,2016-08-28,174819,1195.0,25.0,21-30,1,One-Time Customer
T240880,C2638047,1985-11-15,M,HOWRAH,10109.21,2016-07-08,173438,496.0,31.0,31-40,2,Occasional Customer
T429318,C6720134,1993-04-15,M,JIND,5202.48,2016-08-17,184456,19.0,23.0,21-30,2,Occasional Customer
T920390,C6812019,1988-01-01,M,ANKLESHWAR,9479.14,2016-12-09,222956,100.0,29.0,21-30,1,One-Time Customer
T624348,C8734668,1987-06-05,M,NEW DELHI,6600.23,2016-08-25,175156,168.71,29.0,21-30,1,One-Time Customer
T933070,C5515326,1984-12-19,M,JALANDHAR,83481.64,2016-11-09,171248,1500.0,32.0,31-40,2,Occasional Customer
T409617,C2614225,1995-10-06,M,BANGALORE,187.78,2016-08-18,202458,750.0,21.0,21-30,1,One-Time Customer
T880925,C3226012,1986-08-25,F,DELHI,200673.63,2016-07-09,212453,1161.31,30.0,21-30,1,One-Time Customer
T163920,C1525463,1989-10-08,M,AURANGABAD,14078.07,2016-04-08,123425,44.0,26.0,21-30,1,One-Time Customer
T977150,C6142622,1982-12-17,M,MEERUT,128845.63,2016-09-15,114803,5090.0,34.0,31-40,1,One-Time Customer
T518438,C5641221,1986-02-18,M,GURGAON,21578.32,2016-08-24,113638,1001.0,31.0,31-40,1,One-Time Customer
T575609,C3229388,1989-09-08,F,MUMBAI,2494.16,2016-08-27,121814,2100.0,27.0,21-30,1,One-Time Customer
T104668,C2677835,,M,RAJKOT,48407.09,2016-01-08,211742,169.0,,,1,One-Time Customer
T545693,C3037065,1984-08-13,F,BANGALORE,27212.56,2016-08-24,175554,38.55,32.0,31-40,1,One-Time Customer
T259166,C6824192,1992-08-01,M,BELGAUM,49.54,2016-12-08,154523,399.92,24.0,21-30,3,Occasional Customer
T71277,C2735545,1988-09-26,M,MUMBAI,1911.58,2016-02-08,161919,1100.0,27.0,21-30,1,One-Time Customer
T827683,C1032675,1981-05-18,M,BANGALORE,29710.69,2016-04-09,113406,550.0,35.0,31-40,1,One-Time Customer
T533051,C5938254,1988-09-26,F,DELHI,5308.59,2016-08-24,204707,480.0,28.0,21-30,1,One-Time Customer
T475913,C8030814,1997-05-28,M,DELHI,12320.49,2016-08-21,185206,2350.0,19.0,18-20,1,One-Time Customer
T881614,C4141483,1990-12-06,M,BANGALORE,224642.08,2016-07-09,221152,407.0,26.0,21-30,1,One-Time Customer
T4899,C2622783,1990-10-21,M,GURGAON,247706.27,2016-09-22,62250,4204.0,26.0,21-30,1,One-Time Customer
T42788,C1212183,1976-01-28,M,1ST BLOCK BANGALORE,7602.81,2016-03-08,71458,200.0,40.0,31-40,3,Occasional Customer
T595326,C2510033,1988-12-01,F,MUMBAI,182474.94,2016-08-25,142,925.0,28.0,21-30,1,One-Time Customer
T243199,C7820514,1996-01-07,M,PUNE,5013.17,2016-07-08,190911,250.0,21.0,21-30,3,Occasional Customer
T678600,C4823268,,M,BANGALORE,4585.98,2016-08-31,192027,722.68,,,1,One-Time Customer
T688651,C4317345,1988-07-17,M,DELHI,4888.89,2016-08-30,200842,222.07,28.0,21-30,2,Occasional Customer
T907690,C1620621,1987-11-11,M,DEHRADUN,14276260.1,2016-12-09,122905,12680.0,29.0,21-30,1,One-Time Customer
T191573,C8236631,1983-08-23,M,SURAT,29508.05,2016-09-08,190450,860.0,33.0,31-40,3,Occasional Customer
T364198,C4645851,1990-02-23,M,NOIDA,4658.4,2016-08-14,181708,490.0,26.0,21-30,1,One-Time Customer
T333490,C2216188,1991-04-15,M,MUZAFFARPUR,95.0,2016-08-15,151313,50.0,25.0,21-30,2,Occasional Customer
T203732,C6257124,1987-11-18,M,GURGAON,32739.97,2016-08-08,100720,296.0,29.0,21-30,2,Occasional Customer
T975133,C4122857,1990-05-07,M,MEERUT,21976.96,2016-09-15,160921,10.0,26.0,21-30,1,One-Time Customer
T362713,C9042954,1988-08-16,M,MUMBAI,269547.13,2016-08-14,173038,2938.0,28.0,21-30,1,One-Time Customer
T672430,C1213621,1984-01-14,F,CHENNAI,5737.74,2016-08-28,132449,879.0,33.0,31-40,1,One-Time Customer
T917142,C4238829,1976-03-21,M,HYDERABAD,12240.45,2016-12-09,213431,338.0,41.0,41-50,2,Occasional Customer
T71863,C2913561,1982-01-01,M,NEW DELHI,38525.02,2016-02-08,160857,197.0,34.0,31-40,2,Occasional Customer
T382367,C2530678,1994-01-22,M,FARIDABAD,52.1,2016-08-13,182854,100.0,23.0,21-30,1,One-Time Customer
T170040,C3636761,1994-10-03,M,MUMBAI,43579.12,2016-09-08,4927,1174.94,22.0,21-30,4,Occasional Customer
T509686,C4394255,1986-11-21,M,BHAVNAGAR,10238.63,2016-08-19,111459,240.0,30.0,21-30,1,One-Time Customer
T709976,C9020587,,M,MOHALI,317742.41,2016-03-09,171053,2488.5,,,1,One-Time Customer
T903136,C4520858,1994-03-08,M,BANGALORE,42505.9,2016-12-09,162700,170.0,23.0,21-30,1,One-Time Customer
T103681,C1035784,1990-08-29,F,DEOGHAR,21008.04,2016-01-08,200845,69.0,25.0,21-30,1,One-Time Customer
T488655,C3818043,1994-01-01,M,GHAZIABAD,93556.45,2016-08-20,144122,231.0,23.0,21-30,1,One-Time Customer
T795108,C2914817,,M,DELHI,138176.58,2016-05-09,144607,1000.0,,,2,Occasional Customer
T346145,C6614025,1990-12-08,M,MUMBAI,14286.48,2016-08-14,32315,1000.0,26.0,21-30,2,Occasional Customer
T289852,C5022069,,M,BANGALORE,8994.75,2016-11-08,174111,11250.0,,,2,Occasional Customer
T609635,C5439622,,F,NEW DELHI,363413.08,2016-08-26,175728,999.0,,,2,Occasional Customer
T587065,C6625965,1993-09-10,M,NADIAN,7637.27,2016-08-23,153134,60.0,23.0,21-30,2,Occasional Customer
T921503,C4622540,,M,GANGTOK,97657.66,2016-11-09,52727,3000.0,,,1,One-Time Customer
T702478,C3627911,1990-04-06,F,STORE HYDERABAD,425.21,2016-08-31,181717,294.94,26.0,21-30,1,One-Time Customer
T142427,C3120913,,M,PUNE,156103.2,2016-05-08,192534,5558.06,,,3,Occasional Customer
T730616,C7936322,1990-12-28,F,CHENNAI,2491.0,2016-02-09,154100,900.0,25.0,21-30,1,One-Time Customer
T329002,C8815469,1984-04-03,M,KAPURTHALA,123.93,2016-08-15,122539,2000.0,32.0,31-40,1,One-Time Customer
T650329,C2833211,1989-02-15,M,NEW DELHI,10077.61,2016-08-31,131434,1000.0,28.0,21-30,1,One-Time Customer
T952796,C8513748,1994-01-01,M,KUSHALNAGAR,0.71,2016-10-09,204540,630.0,23.0,21-30,1,One-Time Customer
T532266,C6659587,1990-01-01,F,BANGALORE,1759.82,2016-08-23,94244,44.98,27.0,21-30,1,One-Time Customer
T276964,C4926369,1982-12-03,M,SUNNYVALE,41433.77,2016-12-08,222143,395.0,34.0,31-40,1,One-Time Customer
T455975,C6788287,1990-03-12,M,NEW DELHI,13677.82,2016-08-21,83804,295.0,26.0,21-30,1,One-Time Customer
T59391,C8326292,1991-11-15,M,BAMBOLIM,12529.26,2016-03-08,210922,397.0,24.0,21-30,1,One-Time Customer
T314854,C4040085,1993-03-07,F,MUMBAI,9899.8,2016-10-08,140135,91.8,24.0,21-30,1,One-Time Customer
T724171,C7922249,1996-04-14,M,GAUTAM BUDDHA NAGAR,11375.96,2016-02-09,85512,50.0,20.0,18-20,1,One-Time Customer
T251158,C3932579,1986-01-07,M,MUMBAI,47592.27,2016-07-08,203634,805.0,30.0,21-30,1,One-Time Customer
T659153,C1125559,1992-01-13,F,GURGAON,339.17,2016-08-31,114405,299.0,25.0,21-30,1,One-Time Customer
T913230,C5919036,1984-07-28,M,NORTH 24 PARGANAS,95947.01,2016-12-09,191633,25000.0,32.0,31-40,2,Occasional Customer
T681592,C5934012,,M,JAMNAGAR,3132.81,2016-08-30,224232,10200.0,,,1,One-Time Customer
T800440,C2520871,1991-04-19,M,MUMBAI,11868.28,2016-05-09,172301,336.61,25.0,21-30,1,One-Time Customer
T568538,C3235372,1992-11-08,M,DELHI,9325.4,2016-08-27,174309,300.0,24.0,21-30,2,Occasional Customer
T869854,C6416157,1985-07-15,M,BANGALORE,118682.97,2016-08-09,170914,200.0,31.0,31-40,1,One-Time Customer
T144237,C4036789,,M,GREATER NOIDA,19613.16,2016-05-08,182121,100.0,,,2,Occasional Customer
T469113,C8543155,1993-10-23,F,BANGALORE,5300.27,2016-08-21,194530,873.6,23.0,21-30,1,One-Time Customer
T638611,C3518147,1976-12-24,M,DELHI,10361.79,2016-08-29,92523,172.0,40.0,31-40,1,One-Time Customer
T668634,C4579032,1980-08-06,F,THANE,51457.56,2016-08-31,103815,882.67,36.0,31-40,1,One-Time Customer
T204350,C1097923,1978-05-25,M,HYDERABAD,35125.39,2016-08-08,145653,680.0,38.0,31-40,1,One-Time Customer
T217880,C7111240,1987-07-26,M,PUNE,34862.27,2016-07-08,24129,19.0,29.0,21-30,3,Occasional Customer
T769604,C5355211,1985-08-25,F,NEW DELHI,100501.84,2016-01-09,35427,1000.0,30.0,21-30,1,One-Time Customer
T457642,C8713088,,M,NOIDA,59032.12,2016-08-16,192628,500.0,,,1,One-Time Customer
T356981,C4327447,,M,NOIDA,120362.02,2016-08-14,190737,964.0,,,6,Frequent Customer
T555145,C8025711,1989-07-22,F,THANE,1254998.35,2016-08-23,115048,23.0,27.0,21-30,1,One-Time Customer
T631677,C3237149,1986-09-14,M,MUMBAI,23716.38,2016-08-29,125035,259.0,30.0,21-30,1,One-Time Customer
T588320,C3795544,1994-01-12,M,NOIDA,28.27,2016-08-25,143930,1.0,23.0,21-30,1,One-Time Customer
T995207,C7813578,,M,MUMBAI,292784.45,2016-09-14,104211,3464.0,,,1,One-Time Customer
T357618,C7739373,1989-09-08,M,AHMEDABAD,22014.4,2016-08-14,184844,3695.0,27.0,21-30,1,One-Time Customer
T581190,C2992245,1980-08-28,M,RAJKOT,304147.16,2016-08-22,212459,249.0,36.0,31-40,1,One-Time Customer
T240636,C2930891,1987-05-03,F,DELHI,81136.21,2016-07-08,172320,4150.0,29.0,21-30,1,One-Time Customer
T979711,C6226937,,M,PUNE,74742.99,2016-09-15,112339,200.0,,,1,One-Time Customer
T349127,C2540662,1992-03-16,M,FARIDABAD,14499.79,2016-08-14,131844,444.38,24.0,21-30,1,One-Time Customer
T233605,C8039235,1985-07-21,M,FARIDABAD,309124.44,2016-07-08,141019,890.0,31.0,31-40,1,One-Time Customer
T666518,C2521013,1983-08-03,M,MUMBAI,26773.12,2016-08-28,170243,50000.0,33.0,31-40,1,One-Time Customer
T1020432,C9036619,1991-10-03,F,SILIGURI,9756.14,2016-09-13,143920,3615.92,25.0,21-30,2,Occasional Customer
T590035,C1427651,,M,PANAJI,96247.88,2016-08-22,215718,257.0,,,2,Occasional Customer
T928608,C2521849,1996-10-02,M,RANCHI,73972.46,2016-11-09,150017,549.0,20.0,18-20,1,One-Time Customer
T1020102,C5618073,1991-11-24,F,GURGAON,30567.48,2016-09-13,180034,50.0,25.0,21-30,2,Occasional Customer
T44520,C5330041,1989-01-08,M,CHENNAI,10866.37,2016-03-08,104701,455.0,27.0,21-30,1,One-Time Customer
T308740,C7820961,1989-05-18,M,POLLACHI,3108.9,2016-10-08,182807,199.0,27.0,21-30,1,One-Time Customer
T526694,C4812237,1994-12-05,M,BAMBOLIM,639.32,2016-08-24,195349,4100.0,22.0,21-30,1,One-Time Customer
T748549,C4713784,1986-10-01,M,MUMBAI,26276.08,2016-02-09,230259,230.0,29.0,21-30,1,One-Time Customer
T1001423,C2717947,1980-07-27,M,MUMBAI,9787.95,2016-09-14,172112,2500.0,36.0,31-40,1,One-Time Customer
T39038,C7166113,,M,BANJARA HILLS HYDERABAD,60457.74,2016-09-27,200746,154.0,,,1,One-Time Customer
T901290,C4818779,1990-10-07,M,BANGALORE,9370.3,2016-07-09,75647,6065.0,26.0,21-30,1,One-Time Customer
T304774,C5434053,1980-01-15,M,SALEM,29128.51,2016-10-08,151528,850.0,37.0,31-40,1,One-Time Customer
T543746,C7630286,1991-01-07,F,DELHI,112797.51,2016-08-24,185436,621.0,26.0,21-30,2,Occasional Customer
T300035,C5522253,1983-01-14,F,GURGAON,281540.44,2016-11-08,222333,1153.0,34.0,31-40,1,One-Time Customer
T742255,C1915032,1987-11-15,M,GWALIOR,486740.36,2016-02-09,211202,77000.0,28.0,21-30,4,Occasional Customer
T233037,C4713340,1992-01-06,M,THRISSUR,1866.1,2016-07-08,81357,199.0,25.0,21-30,1,One-Time Customer
T697274,C3430592,1989-02-13,M,MUMBAI,6877.33,2016-08-30,201822,376.0,28.0,21-30,1,One-Time Customer
T52709,C8010446,1988-12-20,M,MARG LOWER PAREL MUMBAI,9.7,2016-03-08,180340,231.0,27.0,21-30,2,Occasional Customer
T789062,C8932480,1994-03-29,M,NOIDA,2075.12,2016-05-09,85758,660.0,22.0,21-30,3,Occasional Customer
T821778,C5017533,,M,KOCHI,11294.38,2016-04-09,145710,500.0,,,2,Occasional Customer
T938349,C2518535,1986-05-21,F,NEW DELHI,12321.88,2016-11-09,192937,465.0,30.0,21-30,3,Occasional Customer
T632948,C5922135,1991-01-13,F,DELHI,15783.02,2016-08-29,174847,665.7,26.0,21-30,2,Occasional Customer
T187809,C8136962,1986-11-01,M,JAIPUR,43378.8,2016-09-08,180709,50.0,30.0,21-30,2,Occasional Customer
T684422,C2323491,1993-08-12,M,THRIUVALLUR,9254.51,2016-08-30,84622,59.0,23.0,21-30,1,One-Time Customer
T219959,C3820389,1980-06-10,M,MUMBAI,133500.55,2016-07-08,15517,900.0,36.0,31-40,1,One-Time Customer
T930836,C8522331,1982-03-05,F,ANDHERI W MUMBAI,16769.7,2016-11-09,145258,644.0,35.0,31-40,2,Occasional Customer
T901183,C4125139,,F,DELHI,27681.61,2016-12-09,173208,100.0,,,1,One-Time Customer
T909182,C5110380,1977-05-21,F,MUMBAI,1165.79,2016-12-09,112207,1600.0,40.0,31-40,1,One-Time Customer
T70390,C6438355,1988-11-25,M,NEW DELHI,1244.0,2016-02-08,165642,980.0,27.0,21-30,1,One-Time Customer
T775167,C4513333,1979-09-03,M,NEW DELHI,36.91,2016-06-09,193450,200.0,37.0,31-40,2,Occasional Customer
T85263,C6292877,1991-03-05,F,BANGALORE,35473.94,2016-01-08,102640,175.0,25.0,21-30,1,One-Time Customer
T961060,C1442192,1983-01-05,M,PANCHKULA,11543.04,2016-10-09,182411,2998.0,34.0,31-40,2,Occasional Customer
T766250,C3025168,1990-04-03,M,BALLABGARH,11868.98,2016-01-09,10931,1.0,26.0,21-30,2,Occasional Customer
T187632,C1692758,1982-10-26,M,MUMBAI,47288.78,2016-09-08,145347,15000.0,34.0,31-40,1,One-Time Customer
T719522,C4619245,1991-04-14,F,PATTIVEERANPATTI,1689.41,2016-03-09,211244,288.0,25.0,21-30,2,Occasional Customer
T679379,C3319364,1983-10-02,M,DELHI,18305.78,2016-08-31,183556,200.0,33.0,31-40,1,One-Time Customer
T203029,C7719661,,M,PUNE,169323.74,2016-08-08,103324,100.0,,,2,Occasional Customer
T199800,C2239889,1994-12-08,M,NEW DELHI,2529.91,2016-09-08,205630,400.0,22.0,21-30,1,One-Time Customer
T211604,C2223591,1990-02-18,F,KANPUR,6779.98,2016-08-08,160427,2289.0,26.0,21-30,2,Occasional Customer
T363557,C5423445,1987-08-29,M,GURGAON,7192.91,2016-08-14,162910,383.0,29.0,21-30,1,One-Time Customer
T858089,C5924212,1983-06-13,M,BANGALORE,32132.16,2016-08-09,83530,1000.0,33.0,31-40,2,Occasional Customer
T40437,C1539861,1991-09-10,M,MUMBAI,2378.64,2016-09-27,203911,100.0,25.0,21-30,1,One-Time Customer
T67239,C8525260,,M,PANVEL,12336.5,2016-02-08,173247,930.0,,,1,One-Time Customer
T400284,C8020756,1995-12-17,F,MUMBAI,47921.25,2016-08-18,131543,416.0,21.0,21-30,1,One-Time Customer
T44406,C4637311,,M,MOHALI,20375.05,2016-03-08,81003,1500.0,,,1,One-Time Customer
T504240,C8721975,1983-04-11,M,BANGALORE,11771.88,2016-08-20,223404,260.0,33.0,31-40,1,One-Time Customer
T989930,C6694418,1986-09-23,M,GURGAON,13699.54,2016-09-15,192545,328.08,30.0,21-30,1,One-Time Customer
T960467,C3722719,1983-09-04,M,FARIDABAD,35261.42,2016-10-09,140548,1698.0,33.0,31-40,2,Occasional Customer
T869315,C1414925,1990-07-03,M,GORAKHPUR,19.6,2016-08-09,160827,30.0,26.0,21-30,1,One-Time Customer
T405223,C8940847,1993-12-22,M,NAMAKKAL,1231.75,2016-08-18,173429,375.0,23.0,21-30,1,One-Time Customer
T612123,C2817016,,M,DELHI,49381.19,2016-08-25,82639,4500.0,,,1,One-Time Customer
T566096,C6629768,1992-05-17,M,NABARANGPUR,12123.24,2016-08-27,170340,26.0,24.0,21-30,1,One-Time Customer
T446157,C3922962,1989-12-08,M,VADODARA,6122.01,2016-08-16,181631,8000.0,27.0,21-30,2,Occasional Customer
T229271,C6923148,,M,REWARI,347165.73,2016-07-08,120053,1000.0,,,2,Occasional Customer
T169140,C5932784,1982-07-21,M,(W) MUMBAI,28.08,2016-04-08,225809,1080.0,34.0,31-40,1,One-Time Customer
T723636,C5426820,1984-08-18,M,VISAKHAPATNAM,58002.7,2016-02-09,90137,68.0,31.0,31-40,2,Occasional Customer
T311916,C7919789,1986-04-08,F,MUMBAI,143.21,2016-10-08,174938,133.0,31.0,31-40,1,One-Time Customer
T632934,C8163881,1989-07-10,M,PUNE,7523.54,2016-08-29,213624,550.0,27.0,21-30,1,One-Time Customer
T688194,C7333531,1986-06-18,M,PUNE,237607.46,2016-08-30,215846,180.0,30.0,21-30,2,Occasional Customer
T875774,C8414568,1988-03-16,M,AMLA,9372.91,2016-08-09,221658,116.0,28.0,21-30,1,One-Time Customer
T316125,C3622244,1988-12-04,F,DARJEELING,184.03,2016-10-08,185857,1890.0,28.0,21-30,2,Occasional Customer
T111736,C1633318,1983-07-11,M,CHENNAI,42629.63,2016-06-08,104028,407.0,33.0,31-40,2,Occasional Customer
T656858,C3318580,,M,GURGAON,3266187.79,2016-08-28,173917,6350.0,,,1,One-Time Customer
T482115,C1935856,1995-08-10,M,NOIDA,10171.62,2016-08-20,123856,230.0,21.0,21-30,1,One-Time Customer
T363292,C4917448,1992-02-15,M,BANGALORE,343.91,2016-08-14,235444,243.0,24.0,21-30,2,Occasional Customer
T567339,C8221391,1992-05-25,M,KHARAR,3361.02,2016-08-22,141026,1220.0,24.0,21-30,1,One-Time Customer
T633385,C6481946,1986-11-06,F,BANGALORE,20211.84,2016-08-29,110534,4843.0,30.0,21-30,1,One-Time Customer
T989842,C6613738,1985-03-22,M,GURGAON,96870.15,2016-09-15,204533,82.0,31.0,31-40,3,Occasional Customer
T675542,C7425255,1990-01-01,M,DELHI,36.93,2016-08-28,83755,60.0,27.0,21-30,1,One-Time Customer
T678647,C6239039,,M,NEW DELHI,172856.35,2016-08-28,142905,548.0,,,1,One-Time Customer
T336588,C6725641,1985-05-28,F,BANGALORE,68.6,2016-08-15,210151,1186.03,31.0,31-40,1,One-Time Customer
T218440,C3828440,1987-09-26,M,MANGALORE,3697.23,2016-08-08,193009,254.0,29.0,21-30,1,One-Time Customer
T159627,C4835336,1986-03-14,M,ZIRAKPUR,8.73,2016-04-08,95301,500.0,30.0,21-30,1,One-Time Customer
T802779,C2120543,1981-01-21,M,HOSPITAL PUNE,22377.98,2016-05-09,194122,1691.9,35.0,31-40,1,One-Time Customer
T769246,C5830771,1992-03-31,M,BHOJPUR ANNAH,5866.61,2016-01-09,85605,30.0,24.0,21-30,1,One-Time Customer
T714614,C6140452,1978-07-21,M,NEW DELHI,22055.02,2016-03-09,181741,500.0,38.0,31-40,2,Occasional Customer
T92203,C4468887,1979-09-23,M,KANPUR,68870.31,2016-09-22,114945,275.0,37.0,31-40,1,One-Time Customer
T344870,C4416533,1984-08-25,M,SURATGARH,16410.52,2016-08-14,132340,1000.0,32.0,31-40,1,One-Time Customer
T711326,C5782584,1994-05-16,F,BHUJ,3853.97,2016-03-09,90806,110.0,22.0,21-30,1,One-Time Customer
T734020,C4717218,1990-10-19,M,BANGALORE,11871.26,2016-02-09,125905,200.0,25.0,21-30,1,One-Time Customer
T651445,C7632912,1990-01-07,M,CHAKRADHARPUR,228041.03,2016-08-28,201158,260.0,27.0,21-30,1,One-Time Customer
T416393,C5760536,1995-04-30,M,SALEM,18380.87,2016-08-17,33001,96.0,21.0,21-30,1,One-Time Customer
T15881,C2621254,1988-07-07,M,AHMEDABAD,38547.25,2016-09-26,140757,350.9,28.0,21-30,1,One-Time Customer
T705497,C6939954,1986-08-14,F,BANGALORE,217655.68,2016-03-09,101256,800.0,30.0,21-30,1,One-Time Customer
T545558,C8713627,,M,NEW DELHI,3064107.32,2016-08-24,170007,229.91,,,1,One-Time Customer
T543951,C7022442,1987-03-12,F,MUMBAI,15986.28,2016-08-23,105612,1900.0,29.0,21-30,1,One-Time Customer
T861044,C5117349,1978-02-28,M,DELHI,143712.17,2016-08-09,102438,15250.0,38.0,31-40,1,One-Time Customer
T824601,C5227529,1986-01-26,F,CHANDIGARH,13859.03,2016-04-09,141732,65.37,30.0,21-30,1,One-Time Customer
T590666,C2235080,1986-06-03,M,KOLKATA,47.94,2016-08-25,101447,2.0,30.0,21-30,1,One-Time Customer
T888616,C6115283,,F,THANE W,7744.36,2016-07-09,191640,315.0,,,2,Occasional Customer
T327925,C3737079,1979-02-07,F,MUMBAI,1017158.85,2016-08-15,150807,2120.0,38.0,31-40,1,One-Time Customer
T716500,C5037985,1987-05-07,M,BALRAMPUR,1969.06,2016-03-09,192407,200.0,29.0,21-30,1,One-Time Customer
T496693,C2632482,1977-03-05,M,NAGPUR,103078.89,2016-08-20,183710,1776.0,39.0,31-40,2,Occasional Customer
T865839,C8540715,1976-07-15,M,SURAT,19571.98,2016-08-09,140805,820.0,40.0,31-40,3,Occasional Customer
T621330,C6516441,1989-07-13,F,THIRUVALLA,10114.71,2016-08-26,125048,705.5,27.0,21-30,2,Occasional Customer
T3619,C6139938,1991-09-15,M,GOREGAON (W) MUMBAI,16461.88,2016-10-21,150414,1460.0,25.0,21-30,1,One-Time Customer
T54905,C5529142,1990-03-28,M,MUMBAI,11377.93,2016-03-08,184633,100.0,26.0,21-30,3,Occasional Customer
T676028,C8727619,1990-05-28,F,DELHI,71036.44,2016-08-31,184237,700.0,26.0,21-30,1,One-Time Customer
T565255,C3564369,,F,BOKARO,9171.53,2016-08-27,82048,50.0,,,1,One-Time Customer
T337335,C5840269,1985-01-02,M,JAIPUR,6624.9,2016-08-15,185431,196.0,32.0,31-40,2,Occasional Customer
T693963,C2242337,1985-07-03,M,CHANDIGARH,386.53,2016-08-31,204156,200.0,31.0,31-40,1,One-Time Customer
T994031,C2411251,1992-08-09,M,SILIGURI,11596.26,2016-09-14,945,155.0,24.0,21-30,1,One-Time Customer
T1035324,C5674488,1994-10-30,F,NO 3 KALYANI NAGAR PUNE,9829.01,2016-09-18,154919,44.0,22.0,21-30,1,One-Time Customer
T692464,C2580941,1984-11-19,F,MUMBAI,43521.0,2016-08-31,215807,250.0,32.0,31-40,1,One-Time Customer
T980505,C5737391,1983-08-19,M,BANGALORE,3915.96,2016-09-15,131240,299.0,33.0,31-40,1,One-Time Customer
T697142,C7620145,1990-01-08,F,FARIDABAD,197037.76,2016-08-30,102626,755.0,27.0,21-30,1,One-Time Customer
T818670,C2234022,1992-04-03,M,GURGAON,8389.48,2016-04-09,185715,2.0,24.0,21-30,1,One-Time Customer
T268936,C8031326,1983-04-26,M,NAVI MUMBAI,198493.8,2016-12-08,190134,2000.0,34.0,31-40,1,One-Time Customer
T259048,C6137289,,M,DELHI,10271.4,2016-12-08,150844,1000.0,,,1,One-Time Customer
T34831,C8122263,1982-04-04,M,GURGAON,46574.79,2016-09-26,53519,100.0,34.0,31-40,1,One-Time Customer
T383296,C3281590,1987-10-23,M,MUMBAI,26620.3,2016-08-13,161300,230.0,29.0,21-30,2,Occasional Customer
T514452,C3327344,1992-04-13,F,CHANDIGARH,30755.69,2016-08-19,182037,196.0,24.0,21-30,1,One-Time Customer
T154839,C3025816,,M,NEW DELHI,8749.94,2016-05-08,195822,184.0,,,1,One-Time Customer
T1010321,C3414060,1989-04-21,F,GURGAON,213070.86,2016-09-13,213556,399.0,27.0,21-30,4,Occasional Customer
T212727,C5122581,1990-04-08,M,KANGRA,1712.67,2016-08-08,154639,400.0,26.0,21-30,1,One-Time Customer
T456583,C6216322,1990-10-19,M,CHENNAI,4994.14,2016-08-21,111244,1400.0,26.0,21-30,2,Occasional Customer
T1042285,C6821881,1987-09-26,M,NEW DELHI,13200.68,2016-09-18,134518,304.0,29.0,21-30,1,One-Time Customer
T872258,C4517113,,M,KASHIPUR,27023.28,2016-08-09,180142,10.0,,,1,One-Time Customer
T876026,C1418821,1994-05-29,M,GUNTUR,5393.9,2016-08-09,202644,100.0,22.0,21-30,4,Occasional Customer
T741996,C4822992,1995-03-15,M,DELHI,12.75,2016-02-09,205428,180.0,21.0,21-30,1,One-Time Customer
T808661,C3328645,,M,BANGALORE,73227.77,2016-04-09,231756,650.0,,,2,Occasional Customer
T689160,C5012077,1987-05-30,M,KOTTAYAM,10125.19,2016-08-30,190421,196.0,29.0,21-30,1,One-Time Customer
T554917,C2113431,1989-11-14,M,DELHI,2465186.58,2016-08-24,162101,510.0,27.0,21-30,1,One-Time Customer
T19070,C5414370,1983-02-28,F,NOIDA,174685.03,2016-09-26,182424,20160.0,34.0,31-40,1,One-Time Customer
T641224,C1312955,1994-07-22,M,MEERUT,943.07,2016-08-29,43127,125.0,22.0,21-30,1,One-Time Customer
T657220,C3128615,,M,CHANDIGARH,2559.97,2016-08-28,230901,1000.0,,,1,One-Time Customer
T934697,C7418945,1976-07-11,M,CHENNAI,46911.06,2016-11-09,180730,545.0,40.0,31-40,1,One-Time Customer
T1044771,C7314034,1978-05-28,M,MEERUT,11808.84,2016-09-18,110538,100.0,38.0,31-40,1,One-Time Customer
T447778,C3942391,1993-04-05,F,DELHI,85394.33,2016-08-16,191456,36.8,23.0,21-30,1,One-Time Customer
T981878,C6221520,1992-10-21,M,DHARAMSHALA,212.45,2016-09-15,182202,30.0,24.0,21-30,1,One-Time Customer
T472287,C6823374,1980-03-02,M,MUKTSAR,480546.46,2016-08-21,220351,1015.0,36.0,31-40,2,Occasional Customer
T767128,C1017057,1982-07-30,M,DWARKA NEW DELHI,16923.18,2016-06-09,210723,350.0,34.0,31-40,1,One-Time Customer
T976440,C3412347,1979-01-11,M,MUMBAI,29359.28,2016-09-15,173846,1695.0,38.0,31-40,2,Occasional Customer
T374441,C2043256,1985-04-11,M,NEW DELHI,143030.04,2016-08-13,142031,42200.0,31.0,31-40,1,One-Time Customer
T328739,C5426280,1992-06-25,F,SAS NAGAR,61495.85,2016-08-15,182042,3004.0,24.0,21-30,1,One-Time Customer
T599338,C6736011,1985-08-07,M,NEW DELHI,622867.47,2016-08-26,181548,100.0,31.0,31-40,1,One-Time Customer
T725578,C4032415,1992-10-04,F,THANE,45744.99,2016-03-09,230325,360.0,23.0,21-30,1,One-Time Customer
T683074,C5439611,1976-02-07,M,MUMBAI,33169.38,2016-08-30,215406,570.0,41.0,41-50,1,One-Time Customer
T293990,C7539521,,F,DELHI,170224.39,2016-11-08,211355,349.0,,,1,One-Time Customer
T1033770,C1639050,1988-06-24,F,NEW DELHI,33278.42,2016-09-13,85827,100.0,28.0,21-30,1,One-Time Customer
T765501,C7229151,,F,NOIDA,302384.86,2016-01-09,100513,5924.0,,,1,One-Time Customer
T417482,C5867635,1993-02-02,M,NEW DELHI,16315.64,2016-08-17,31254,30.0,24.0,21-30,1,One-Time Customer
T299847,C8442523,1992-03-08,F,NEW DELHI,34037.93,2016-10-08,747,706.0,25.0,21-30,1,One-Time Customer
T50035,C2496346,1986-04-07,M,MORADABAD,159.18,2016-03-08,144015,300.0,30.0,21-30,1,One-Time Customer
T701976,C1858383,1981-07-04,F,BANGALORE,26580.57,2016-08-30,134746,896.0,35.0,31-40,1,One-Time Customer
T296042,C8465658,1982-08-14,F,NEW DELHI,23024.11,2016-11-08,200829,1700.0,34.0,31-40,1,One-Time Customer
T123292,C7413865,1981-07-13,M,BANGALORE,38497.11,2016-06-08,203737,195.0,35.0,31-40,1,One-Time Customer
T831820,C7818823,1986-01-27,M,LUCKNOW,5855.81,2016-04-09,131017,2500.0,30.0,21-30,2,Occasional Customer
T729688,C3435413,1990-01-24,F,GURGAON,64323.2,2016-02-09,113603,250.0,26.0,21-30,1,One-Time Customer
T316087,C4555980,1978-09-24,M,THANE,21037.28,2016-10-08,204001,1317.0,38.0,31-40,1,One-Time Customer
T37513,C5533926,,F,AGRA,96703.96,2016-09-26,200019,37.0,,,1,One-Time Customer
T93735,C8441638,,F,AJMER,140957.17,2016-01-08,151315,567.14,,,1,One-Time Customer
T377984,C8117640,,M,SEAWOOD NERUL NAVI MUMBAI,56226.39,2016-08-13,130728,340.0,,,1,One-Time Customer
T160120,C3527115,1990-12-07,M,BATHINDA,524131.6,2016-04-08,103255,1251.0,25.0,21-30,3,Occasional Customer
T171254,C8810633,1989-07-19,M,SECUNDERABAD,249.6,2016-04-08,173419,506.0,27.0,21-30,2,Occasional Customer
T330290,C7812425,1984-07-07,M,NEW DELHI,20572.85,2016-08-15,40017,60.0,32.0,31-40,2,Occasional Customer
T600397,C5614916,1992-02-01,M,GUWAHATI,5201.59,2016-08-25,84232,357.0,25.0,21-30,2,Occasional Customer
T127553,C4131611,1995-08-15,F,CHENNAI,1942.83,2016-06-08,180726,1000.0,21.0,21-30,1,One-Time Customer
T932939,C8536330,1990-01-14,F,PUNE,53793.56,2016-11-09,162226,5860.0,27.0,21-30,1,One-Time Customer
T651243,C8220863,,M,PANVEL,97648.12,2016-08-31,163229,1493.4,,,1,One-Time Customer
T214727,C4932457,1991-11-29,F,LUDHIANA,196820.91,2016-08-08,202905,569.0,25.0,21-30,1,One-Time Customer
T812502,C2736639,1992-05-04,M,HOOGHLY,9359.0,2016-04-09,212824,159.0,24.0,21-30,1,One-Time Customer
T655808,C5540259,1988-09-19,F,MUMBAI,61279.23,2016-08-28,160444,1740.0,28.0,21-30,2,Occasional Customer
T360549,C1742468,1985-01-22,M,GURGAON,35175.62,2016-08-14,173213,362.0,32.0,31-40,1,One-Time Customer
T380769,C2428840,1990-04-19,M,TOWNSHIP KOLKATA,154855.68,2016-08-13,105101,30.0,26.0,21-30,2,Occasional Customer
T19475,C4914066,1981-10-24,M,GURGAON,169091.48,2016-09-26,191732,1341.0,35.0,31-40,1,One-Time Customer
T473294,C2930892,,M,BANGALORE BANGALORE,29381.89,2016-08-21,221551,2859.0,,,4,Occasional Customer
T902196,C3919658,1982-09-09,F,THANE,324019.36,2016-12-09,161621,171.0,34.0,31-40,1,One-Time Customer
T498106,C1721613,,F,MUMBAI,1346766.59,2016-08-20,171748,2300.0,,,1,One-Time Customer
T290545,C3539641,1991-05-31,M,MUMBAI,10577.41,2016-11-08,212855,400.0,25.0,21-30,1,One-Time Customer
T254714,C6826788,1986-11-29,M,VISAKHAPATNAM,60219.1,2016-07-08,232053,1625.0,30.0,21-30,1,One-Time Customer
T144157,C2728775,1990-06-15,M,GURGAON,12716.4,2016-05-08,193918,100.0,26.0,21-30,1,One-Time Customer
T928460,C2836070,1993-09-19,M,GUWAHATI,1005.59,2016-11-09,142411,20.0,23.0,21-30,3,Occasional Customer
T577488,C4440030,1986-07-07,F,DELHI,79263.51,2016-08-27,123735,720.0,30.0,21-30,2,Occasional Customer
T923568,C4525127,1990-09-01,M,PANCHKULA,1909.65,2016-11-09,33257,300.0,26.0,21-30,1,One-Time Customer
T920211,C7333847,,M,MANGAL KARYALAY NASHIK,9.49,2016-12-09,222332,200.0,,,1,One-Time Customer
T764695,C1113852,,M,MEHSANA,28397.9,2016-01-09,130807,1512.75,,,1,One-Time Customer
T950846,C6857170,1986-05-27,M,PUNE,1020.22,2016-10-09,202927,500.0,30.0,21-30,1,One-Time Customer
T649265,C8534053,1991-02-18,F,MATHURA,6469.93,2016-08-31,174305,500.0,26.0,21-30,2,Occasional Customer
T832982,C7128231,,M,MUMBAI,26795.56,2016-04-09,100240,300.0,,,1,One-Time Customer
T436417,C7730628,1983-10-22,M,DELHI,1719.5,2016-08-16,85642,300.0,33.0,31-40,3,Occasional Customer
T531166,C4672472,1988-09-29,M,TEHSIL BHIVAPUR,9248.94,2016-08-24,195811,101.15,28.0,21-30,1,One-Time Customer
T1037626,C8031658,,F,GHAZIABAD,12661.81,2016-09-18,144903,4999.0,,,1,One-Time Customer
T376598,C7915421,1985-10-21,M,K V RANGAREDDY,6459.09,2016-08-13,143349,699.0,31.0,31-40,2,Occasional Customer
T968462,C8435942,,F,RAJKOT,1975.5,2016-10-09,145504,4303.0,,,1,One-Time Customer
T635252,C4132345,1993-03-01,F,KANGRA,446.93,2016-08-29,182212,98.0,23.0,21-30,2,Occasional Customer
T39783,C8512666,1988-03-09,F,GURGAON,234914.51,2016-09-27,195332,3355.0,29.0,21-30,1,One-Time Customer
T872094,C3876566,1983-05-14,F,MUMBAI,62721.07,2016-08-09,154350,69.0,33.0,31-40,1,One-Time Customer
T921561,C3130924,1987-06-11,M,MURSHIDABAD,5735.66,2016-12-09,205046,620.0,29.0,21-30,1,One-Time Customer
T261315,C7036738,1981-10-24,M,NEW DELHI,10623.34,2016-12-08,143630,315.0,35.0,31-40,1,One-Time Customer
T1031275,C4141451,1989-09-23,M,REWARI,33913.73,2016-09-13,95019,29.0,27.0,21-30,1,One-Time Customer
T704504,C1242523,1989-05-05,F,BARIATU ROAD RANCHI RANCHI,9661.45,2016-08-30,162205,270.0,27.0,21-30,1,One-Time Customer
T1024032,C3433772,1979-06-04,M,HYDERABAD,93.05,2016-09-13,185935,345.53,37.0,31-40,2,Occasional Customer
T1009114,C2623656,1984-10-13,F,GURGAON,139616.67,2016-09-14,183431,7348.0,32.0,31-40,1,One-Time Customer
T624347,C1016428,1991-01-04,M,NOIDA,54556.34,2016-08-25,180143,3699.0,26.0,21-30,1,One-Time Customer
T547047,C3620649,1984-11-11,M,NEW DELHI,59078.08,2016-08-23,114212,1116.0,32.0,31-40,1,One-Time Customer
T976834,C5433525,1977-06-21,M,BANGALORE,431.09,2016-09-15,113423,1199.0,39.0,31-40,1,One-Time Customer
T741594,C5728126,1984-08-19,M,ZIRAKPUR,303797.11,2016-02-09,182359,151.0,31.0,31-40,2,Occasional Customer
T506170,C7718773,1990-07-05,M,FARIDABAD,4458.83,2016-08-19,144254,100.0,26.0,21-30,2,Occasional Customer
T96880,C1130159,1982-05-07,F,NEW DELHI,12298.74,2016-01-08,171023,300.0,34.0,31-40,1,One-Time Customer
T535261,C8012150,,F,MUMBAI,32621.01,2016-08-24,193215,350.0,,,4,Occasional Customer
T184411,C2936775,1992-07-30,F,MUMBAI,61413.4,2016-09-08,114024,391.45,24.0,21-30,1,One-Time Customer
T15529,C3513542,,M,ST THOMAS TOWN POST BANGALORE,8029.69,2016-09-26,183833,2820.0,,,1,One-Time Customer
T517609,C5934754,1991-02-13,F,GURGAON,4075.0,2016-08-19,222808,100.0,26.0,21-30,1,One-Time Customer
T245858,C6233122,1988-06-23,M,SURAT,9.07,2016-07-08,224642,220.0,28.0,21-30,1,One-Time Customer
T265530,C2741330,1979-03-12,M,GHAZIABAD,24220.56,2016-03-09,112244,500.0,37.0,31-40,1,One-Time Customer
T344558,C8461450,1992-11-18,M,BHANDARA,7756.05,2016-08-15,211119,100.0,24.0,21-30,1,One-Time Customer
T976408,C1223946,1994-11-03,M,GUNTUR,3591.02,2016-09-15,150254,825.0,22.0,21-30,1,One-Time Customer
T496129,C3320428,1978-07-08,F,BANGALORE,18319.99,2016-08-20,212146,493.0,38.0,31-40,1,One-Time Customer
T594595,C4122421,1992-05-07,M,BANGALORE,1412.11,2016-08-26,150612,30.0,24.0,21-30,1,One-Time Customer
T404555,C2124779,1988-09-05,F,BANGALORE,19159.74,2016-08-18,154948,200.0,28.0,21-30,1,One-Time Customer
T318660,C6831762,1991-05-06,M,NOIDA,3554.62,2016-10-08,201711,19.0,25.0,21-30,1,One-Time Customer
T116093,C5030391,1991-03-25,M,NEW DELHI,36326.76,2016-06-08,180025,85.0,25.0,21-30,3,Occasional Customer
T807977,C7515961,1994-08-28,F,KADAPA,11079.13,2016-05-09,200423,150.0,22.0,21-30,1,One-Time Customer
T901388,C1226974,,M,SAFAT,418783.34,2016-12-09,173543,1672.0,,,1,One-Time Customer
T736797,C6671726,1990-05-06,M,GHAZIPUR,21216.04,2016-02-09,182738,118.92,26.0,21-30,1,One-Time Customer
T833081,C3413871,1993-12-21,M,DELHI,156.37,2016-04-09,162923,1190.0,22.0,21-30,1,One-Time Customer
T620771,C3499524,,F,RAJKOT,18805.48,2016-08-29,230834,940.0,,,1,One-Time Customer
T653145,C4718545,1985-05-28,F,PUNE,43889.97,2016-08-28,203710,789.0,31.0,31-40,1,One-Time Customer
T945027,C3484377,1986-06-01,F,NEW DELHI,11812.89,2016-11-09,214439,799.0,30.0,21-30,1,One-Time Customer
T568995,C8330830,1991-05-08,M,DELHI,11516.04,2016-08-22,115554,3681.91,25.0,21-30,1,One-Time Customer
T862855,C3734833,1990-01-21,F,THRISSUR,36194.33,2016-08-09,100923,50.0,27.0,21-30,3,Occasional Customer
T707966,C1040844,1986-07-22,M,GHAZIABAD,140734.65,2016-03-09,100627,246.0,30.0,21-30,1,One-Time Customer
T871609,C8524358,1988-01-16,F,CHENNAI,4221.45,2016-08-09,180203,200.0,29.0,21-30,2,Occasional Customer
T612902,C8650015,1991-03-09,M,SAHNEWAL,6734.1,2016-08-26,93252,1670.0,25.0,21-30,1,One-Time Customer
T959514,C2010451,,M,BANGALORE,104792.25,2016-10-09,172145,510.0,,,2,Occasional Customer
T890268,C2717548,1977-06-22,M,BAMBOLIM,246292.37,2016-07-09,172317,990.0,39.0,31-40,2,Occasional Customer
T32855,C3136619,,M,DELHI,2334.07,2016-09-26,122121,268.0,,,1,One-Time Customer
T849174,C8136490,1995-11-26,F,BANGALORE,1947.57,2016-09-09,185712,50.0,21.0,21-30,1,One-Time Customer
T570138,C6315679,1991-10-03,F,BARMER,66111.4,2016-08-27,60516,9000.0,25.0,21-30,2,Occasional Customer
T470331,C4123239,1986-11-19,M,HOOGHLY,110091.54,2016-08-21,143514,328.0,30.0,21-30,1,One-Time Customer
T871979,C5328336,1984-11-28,M,PUNE,215284.32,2016-08-09,183427,359.63,32.0,31-40,2,Occasional Customer
T957160,C8982747,1979-04-09,M,BHOPAL,11824.27,2016-10-09,164119,244.0,38.0,31-40,1,One-Time Customer
T426164,C5640543,,F,KOLKATA,1191.48,2016-08-17,162310,600.0,,,1,One-Time Customer
T122250,C4920355,1979-10-05,M,TIRUPUR,1353.76,2016-06-08,175158,70000.0,37.0,31-40,1,One-Time Customer
T469475,C8820451,1991-05-01,M,AMBASAMUDRAM,19731.41,2016-08-21,211058,50.0,25.0,21-30,1,One-Time Customer
T226221,C2329666,1985-10-31,M,MUMBAI,8172.78,2016-08-08,224741,440.0,31.0,31-40,2,Occasional Customer
T259466,C7433248,1988-12-08,M,MUMBAI,334.64,2016-12-08,92248,400.0,28.0,21-30,2,Occasional Customer
T14227,C5134988,1991-07-12,M,MUMBAI,107574.32,2016-09-26,190414,144.0,25.0,21-30,1,One-Time Customer
T613814,C6140429,1986-09-09,F,DELHI,13642.2,2016-08-25,94525,500.0,30.0,21-30,2,Occasional Customer
T265350,C1238813,1991-08-26,M,HYDERABAD,21297.09,2016-12-08,201248,75.0,25.0,21-30,1,One-Time Customer
T533791,C7926533,1988-12-25,M,KANPUR,91100.56,2016-08-24,194639,715.0,28.0,21-30,1,One-Time Customer
T577172,C6519641,1986-09-23,M,KALWA W THANE,22755.86,2016-08-22,193727,73.62,30.0,21-30,1,One-Time Customer
T722210,C6237658,1983-03-17,M,PATNA,42787.25,2016-03-09,205336,200.0,33.0,31-40,1,One-Time Customer
T555774,C7731916,1984-02-08,M,NEW DELHI,5333.5,2016-08-24,152730,99.0,33.0,31-40,1,One-Time Customer
T396978,C3299361,1986-02-03,M,SILIGURI,29017.0,2016-08-13,204808,478.0,31.0,31-40,1,One-Time Customer
T130800,C3928443,1985-07-26,M,MUMBAI,23821.05,2016-06-08,234016,5692.0,31.0,31-40,1,One-Time Customer
T605558,C6115059,1989-08-11,M,SURAT,85.47,2016-08-25,100622,99.0,27.0,21-30,1,One-Time Customer
T551476,C3327268,1988-01-05,M,PUNE,49769.23,2016-08-23,190301,500.0,29.0,21-30,1,One-Time Customer
T745040,C8729030,1990-09-14,M,NAVI MUMBAI,14055.23,2016-02-09,215329,2430.0,25.0,21-30,1,One-Time Customer
T902376,C2314631,,M,NEW DELHI,603428.32,2016-12-09,154814,1600.0,,,1,One-Time Customer
T455874,C6924039,1987-10-05,M,MUMBAI,34379.5,2016-08-16,151040,15.0,29.0,21-30,1,One-Time Customer
T636386,C3125260,1994-07-25,M,JAIPUR,4063.87,2016-08-25,210456,100.0,22.0,21-30,2,Occasional Customer
T131296,C6840880,1989-12-12,M,MUMBAI,13.0,2016-05-08,4315,500.0,26.0,21-30,2,Occasional Customer
T830184,C4824717,1982-01-05,M,GHAZIABAD,1220.61,2016-04-09,120723,220.0,34.0,31-40,3,Occasional Customer
T403387,C1521736,1990-12-15,M,NOIDA,25919.36,2016-08-18,150936,606.9,26.0,21-30,1,One-Time Customer
T344967,C4324479,1993-10-08,M,BULANDSHAHR,53.39,2016-08-14,61934,49.0,23.0,21-30,1,One-Time Customer
T80027,C3499562,1989-05-23,F,BANGALORE,37633.33,2016-02-08,200723,324.0,27.0,21-30,1,One-Time Customer
T343495,C1332043,1982-05-07,F,MUMBAI,32160.03,2016-08-15,201256,388.0,34.0,31-40,1,One-Time Customer
T149803,C1036213,1995-12-14,M,KUSHINAGAR,1788.09,2016-05-08,144932,89.0,20.0,18-20,2,Occasional Customer
T675264,C7919047,1992-03-11,M,MUMBAI,14892.06,2016-08-28,122724,230.59,24.0,21-30,1,One-Time Customer
T253646,C6433284,1990-10-17,M,LUCKNOW,12941.64,2016-12-08,95726,990.61,26.0,21-30,1,One-Time Customer
T582813,C4533911,1987-07-27,M,NAMAKKAL DT,49.67,2016-08-23,143745,3000.0,29.0,21-30,2,Occasional Customer
T564142,C7438379,1993-10-19,M,TOHANA,5856.22,2016-08-27,65441,1000.0,23.0,21-30,1,One-Time Customer
T213949,C7833469,1987-06-07,M,MEHAM,77393.9,2016-08-08,190810,832.0,29.0,21-30,3,Occasional Customer
T716841,C8938918,1986-09-25,M,BANGALORE,34488.3,2016-03-09,190325,733.0,29.0,21-30,1,One-Time Customer
T434919,C6627053,1990-05-13,F,MUMBAI,40550.7,2016-08-17,191056,139.28,26.0,21-30,2,Occasional Customer
T267104,C7939825,1980-09-03,M,NEW DELHI,7765.79,2016-03-09,105549,150.0,36.0,31-40,1,One-Time Customer
T913455,C8621289,,M,NEW DELHI,252768.89,2016-12-09,182236,683.0,,,1,One-Time Customer
T334843,C5122865,1989-04-22,F,JAIPUR,110337.07,2016-08-15,185647,3186.0,27.0,21-30,1,One-Time Customer
T616503,C2716139,1993-01-02,F,HISSAR,5508.66,2016-08-27,193703,100.0,24.0,21-30,1,One-Time Customer
T814558,C5731579,1990-05-29,M,BANGALORE,7879.34,2016-04-09,195707,199.0,26.0,21-30,1,One-Time Customer
T735124,C4435745,1991-06-18,M,BANGALORE,13018.53,2016-02-09,131943,80.0,25.0,21-30,1,One-Time Customer
T604117,C7026247,1987-05-10,F,AGRA,19516.55,2016-08-26,172654,145.0,29.0,21-30,2,Occasional Customer
T7230,C4224233,1990-04-05,M,KANPUR DEHAT,332.45,2016-09-25,193137,27.0,26.0,21-30,1,One-Time Customer
T799373,C8823070,1980-12-25,F,MUMBAI,6113.36,2016-05-09,174856,8817.3,35.0,31-40,1,One-Time Customer
T303556,C1125749,1979-12-19,M,NEW DELHI,28459.68,2016-10-08,144503,1260.0,37.0,31-40,2,Occasional Customer
T374909,C2218357,,M,GURGAON,31384.02,2016-08-13,135815,1275.0,,,2,Occasional Customer
T1047288,C7640151,1992-10-19,M,MAHOBA,27353.43,2016-09-18,190638,210.0,24.0,21-30,1,One-Time Customer
T807944,C7243582,1988-06-05,M,PUNE,9571.66,2016-05-09,202008,399.0,28.0,21-30,1,One-Time Customer
T204104,C2012958,,M,NOIDA,66229.43,2016-08-08,103154,550.0,,,1,One-Time Customer
T897275,C2110841,1994-01-20,M,NEW DELHI,75597.03,2016-07-09,120210,2252.0,22.0,21-30,1,One-Time Customer
T170250,C2486131,1988-11-04,M,NEW DELHI,315476.52,2016-04-08,221155,2007.0,27.0,21-30,1,One-Time Customer
T109231,C5786848,1994-10-30,F,GURGAON,114.69,2016-06-08,439,297.0,22.0,21-30,1,One-Time Customer
T956667,C2326059,1982-08-25,M,HYDERABAD,219372.62,2016-10-09,163117,1000.0,34.0,31-40,2,Occasional Customer
T431550,C7962959,1990-10-02,M,HYDERABAD,23254.72,2016-08-17,205454,478.0,26.0,21-30,1,One-Time Customer
T789867,C6437990,1992-09-27,F,BANGALORE,21464.44,2016-06-09,102348,1000.0,24.0,21-30,2,Occasional Customer
T89798,C7246919,1992-05-11,F,NOIDA,27342.51,2016-01-08,121359,65.0,24.0,21-30,1,One-Time Customer
T165304,C7441448,1990-08-04,M,NEW DELHI,157884.78,2016-04-08,160652,610.0,26.0,21-30,1,One-Time Customer
T378531,C7031488,1993-11-04,M,MALAPPURAM,67795.36,2016-08-13,161459,197.0,23.0,21-30,1,One-Time Customer
T970815,C6741057,1989-08-22,M,NAGPUR,14618.83,2016-10-09,123801,180.0,27.0,21-30,2,Occasional Customer
T972002,C2329656,1988-12-07,M,GURGAON,36.68,2016-09-15,161424,200.0,28.0,21-30,1,One-Time Customer
T799754,C1613175,1977-12-12,M,NAVI MUMBAI,184.24,2016-05-09,163308,300.43,38.0,31-40,1,One-Time Customer
T501179,C5040279,,M,CHENNAI,5828.69,2016-08-20,213616,2199.47,,,2,Occasional Customer
T459768,C4936414,1988-09-15,M,MUMBAI,81033.21,2016-08-21,4228,1375.0,28.0,21-30,1,One-Time Customer
T537742,C1110176,1990-09-01,M,AJMER,521.63,2016-08-24,192150,300.0,26.0,21-30,1,One-Time Customer
T903862,C5882135,1995-10-04,F,DELHI,12981.12,2016-07-09,31825,27.0,21.0,21-30,1,One-Time Customer
T497003,C5835592,1985-02-02,M,YAVATMAL- DISTRICT,7752.74,2016-08-19,24508,300.0,32.0,31-40,2,Occasional Customer
T178891,C2439388,1993-05-31,F,MAYURBHANJ,11486.57,2016-04-08,220412,420.0,23.0,21-30,1,One-Time Customer
T1039022,C2026634,1987-01-25,M,NEW DELHI,36293.1,2016-09-18,145453,1350.0,30.0,21-30,2,Occasional Customer
T382867,C4912537,1986-02-28,M,PUNE,20443.03,2016-08-13,192729,710.0,30.0,21-30,1,One-Time Customer
T613962,C7841571,1990-01-22,F,GURGAON,14322.93,2016-08-27,180045,750.0,27.0,21-30,1,One-Time Customer
T76070,C6897748,,M,BHIWANDI,21217.94,2016-02-08,192702,200.0,,,1,One-Time Customer
T810033,C8427221,,M,MUMBAI,635873.84,2016-04-09,211453,420.0,,,1,One-Time Customer
T704352,C6312255,,M,VASAI WEST THANE,122920.3,2016-08-31,172608,9223.0,,,1,One-Time Customer
T592982,C4524023,,F,DELHI,15385.61,2016-08-27,220409,5430.0,,,1,One-Time Customer
T962100,C5032875,,M,NOIDA,62760.94,2016-10-09,140740,361.0,,,2,Occasional Customer
T549832,C4138677,1993-01-01,M,DEORIA,0.0,2016-08-23,180447,130.0,24.0,21-30,2,Occasional Customer
T218170,C5938784,1985-02-04,M,CHENNAI,12.62,2016-07-08,202827,298.0,31.0,31-40,1,One-Time Customer
T1006119,C8827753,,M,NEW DELHI,1087.96,2016-09-14,163525,80.0,,,2,Occasional Customer
T414097,C7732925,1983-06-19,M,ROHTAK,22.33,2016-08-18,193402,271.0,33.0,31-40,2,Occasional Customer
T802429,C1796562,1978-04-16,M,DELHI,557402.91,2016-05-09,181017,2000.0,38.0,31-40,1,One-Time Customer
T217059,C4710141,1978-12-23,M,DURGAPUR,19409.18,2016-08-08,205002,632.0,38.0,31-40,2,Occasional Customer
T1014662,C1525140,1986-11-10,M,SONEPAT,62413.37,2016-09-13,224703,16.0,30.0,21-30,1,One-Time Customer
T4417,C2542255,,M,PUNE,71313.79,2016-09-22,72421,8728.0,,,1,One-Time Customer
T1038711,C9034928,1981-03-31,M,ROAD NASHIK,65452.65,2016-09-18,133523,8621.0,35.0,31-40,2,Occasional Customer
T670662,C6824683,1978-06-19,M,PANCHKULA,845867.89,2016-08-28,181812,87.0,38.0,31-40,1,One-Time Customer
T982004,C4136675,1989-08-21,F,CHANDIGARH,358279.68,2016-09-15,183349,46.0,27.0,21-30,2,Occasional Customer
T539236,C8660363,1976-06-01,M,ANDHERI-E MUMBAI,388475.27,2016-08-22,80821,2459.25,40.0,31-40,1,One-Time Customer
T1040891,C2811182,1985-09-24,M,KOLKATA,60831.86,2016-09-18,120815,506.0,31.0,31-40,2,Occasional Customer
T340894,C3035563,1981-08-25,M,MODI NAGAR,15640.89,2016-08-15,152030,204.0,35.0,31-40,1,One-Time Customer
T646461,C6612815,1988-12-11,M,GHAZIABAD,87097.41,2016-08-25,145148,485.0,28.0,21-30,1,One-Time Customer
T670878,C8033921,1989-07-07,F,GURGAON,34436.86,2016-08-28,135633,929.0,27.0,21-30,1,One-Time Customer
T164261,C1323114,1984-07-21,M,GURGAON,49199.91,2016-04-08,112903,1000.0,32.0,31-40,1,One-Time Customer
T411427,C1423990,1991-09-12,M,DELHI,182.64,2016-08-18,175915,412.0,25.0,21-30,1,One-Time Customer
T905622,C2839880,1990-01-23,F,VAPI,20363.04,2016-12-09,161137,700.0,27.0,21-30,2,Occasional Customer
T93326,C3070459,1994-05-26,F,NOIDA,24229.64,2016-09-27,185441,105.0,22.0,21-30,1,One-Time Customer
T918727,C7222513,1977-08-27,M,NOIDA,38314.05,2016-12-09,211603,500.0,39.0,31-40,1,One-Time Customer
T327786,C4010228,1989-03-12,M,BOKARO,41338.1,2016-08-15,130248,3999.0,27.0,21-30,1,One-Time Customer
T512536,C2091640,1988-04-01,F,DELHI,4998.6,2016-08-19,194949,250.0,28.0,21-30,1,One-Time Customer
T974088,C4820283,1988-10-04,M,VADODARA,11846.52,2016-10-09,95217,290.0,28.0,21-30,2,Occasional Customer
T255831,C8720243,1992-08-22,M,VISAKHAPATNAM,156962.25,2016-12-08,142529,1098.0,24.0,21-30,1,One-Time Customer
T153790,C3713346,1988-01-05,M,SAHARANPUR,39090.01,2016-05-08,213442,250.0,28.0,21-30,1,One-Time Customer
T719320,C2320462,1983-01-16,M,MUMBAI,30072.16,2016-03-09,232450,2184.0,33.0,31-40,1,One-Time Customer
T473768,C3529879,1979-03-26,M,MUMBAI,30419.99,2016-08-21,213946,1347.52,37.0,31-40,1,One-Time Customer
T912015,C8030461,1985-10-28,F,NEW DELHI,7223.7,2016-12-09,93132,320.0,31.0,31-40,1,One-Time Customer
T210041,C3523827,,F,NOIDA,769951.62,2016-03-09,123735,6600.0,,,1,One-Time Customer
T452906,C4537467,1984-05-12,F,LANE HYDERABAD,29889.72,2016-08-16,210026,1337.92,32.0,31-40,1,One-Time Customer
T738953,C2034788,1986-07-02,M,REWARI (HARYANA),10889.7,2016-02-09,184506,10.0,30.0,21-30,1,One-Time Customer
T118335,C5036327,1994-04-06,F,MUMBAI,2312.6,2016-06-08,160211,974.0,22.0,21-30,1,One-Time Customer
T519035,C3893121,1994-02-01,M,DELHI,838815.72,2016-08-19,191051,150.0,23.0,21-30,1,One-Time Customer
T990399,C4624172,1982-08-22,M,DELHI,18812.18,2016-09-15,203028,50.0,34.0,31-40,1,One-Time Customer
T20539,C1626390,1994-03-07,M,NEW DELHI,4283.02,2016-09-23,205615,300.0,23.0,21-30,1,One-Time Customer
T173695,C5224514,1992-04-30,M,NATHADVARA,37154.81,2016-04-08,200009,220.0,24.0,21-30,1,One-Time Customer
T978523,C1215147,1983-07-10,M,DELHI,35849.12,2016-09-15,145546,1000.0,33.0,31-40,2,Occasional Customer
T78869,C2042690,1992-02-22,M,NAVI MUMBAI,5530.49,2016-02-08,194529,1134.81,24.0,21-30,2,Occasional Customer
T727340,C1622271,1989-11-09,M,KANCHEEPURAM,39424.13,2016-02-09,143824,2203.88,26.0,21-30,1,One-Time Customer
T1004045,C2461449,1991-03-21,M,MUMBAI,88.72,2016-09-14,183807,505.0,25.0,21-30,1,One-Time Customer
T622457,C6217775,1996-07-03,M,DELHI,180076.78,2016-08-29,213715,147.0,20.0,18-20,1,One-Time Customer
T292903,C1016072,1986-10-01,F,THANE WEST,35156.48,2016-11-08,210431,999.0,30.0,21-30,1,One-Time Customer
T336106,C1815820,1991-08-23,M,KRISHNA DISTRICT,17.1,2016-08-15,223620,30.0,25.0,21-30,1,One-Time Customer
T988377,C6433122,1992-08-24,F,FARIDABAD,14871.65,2016-09-15,85713,100.0,24.0,21-30,2,Occasional Customer
T604325,C5210666,1992-01-06,F,BANGALORE,8466.65,2016-08-26,203615,200.0,25.0,21-30,1,One-Time Customer
T333828,C2573865,,M,CHENNAI,146683.44,2016-08-15,145013,858.49,,,1,One-Time Customer
T819153,C3416260,1994-12-11,F,GURGAON,29411.54,2016-04-09,163659,699.0,21.0,21-30,2,Occasional Customer
T8422,C8810566,1990-12-27,M,GURGAON,843.58,2016-09-25,200329,2511.0,26.0,21-30,1,One-Time Customer
T358460,C5920720,1987-04-27,M,GURGAON,44152.85,2016-08-14,195609,300.0,29.0,21-30,1,One-Time Customer
T23852,C7116239,1976-12-25,F,LUCKNOW,179659.32,2016-09-26,185723,524.0,40.0,31-40,1,One-Time Customer
T884388,C8347390,1979-04-22,M,KOZHIKODE,16753.56,2016-07-09,220644,3598.0,37.0,31-40,1,One-Time Customer
T51958,C4513758,1976-01-06,M,CITY PUNE,39344.55,2016-03-08,161849,1000.0,40.0,31-40,1,One-Time Customer
T23670,C4620214,,M,CHENNAI,17809.29,2016-09-26,174913,5540.7,,,1,One-Time Customer
T828438,C3477682,1996-11-07,F,NAVI MUMBAI,,2016-04-09,153917,1044.35,19.0,18-20,1,One-Time Customer
T459279,C6440576,,M,MUMBAI,253378.18,2016-08-21,32320,3000.0,,,1,One-Time Customer
T236020,C1736639,1986-03-18,M,AHMEDABAD,15021.26,2016-07-08,123419,998.0,30.0,21-30,2,Occasional Customer
T396302,C1333245,1978-02-17,M,BANGALORE,16146.76,2016-08-18,33133,150.0,38.0,31-40,1,One-Time Customer
T96201,C6116633,1988-01-21,M,MUMBAI,11838.49,2016-01-08,181134,300.0,28.0,21-30,2,Occasional Customer
T48760,C3734525,1980-02-06,M,CUTTACK,10050.05,2016-03-08,153501,434.97,36.0,31-40,1,One-Time Customer
T779578,C4716966,1987-08-10,M,DELHI,363421.27,2016-06-09,170641,350.0,29.0,21-30,1,One-Time Customer
T964056,C3561716,1988-01-09,M,DELHI,25394.81,2016-10-09,135113,1000.0,29.0,21-30,1,One-Time Customer
T319838,C6445288,1990-08-17,M,GHAZIABAD,11731.04,2016-08-15,114136,147.0,26.0,21-30,1,One-Time Customer
T272294,C6520228,1989-01-01,M,DELHI,58.93,2016-12-08,194049,584.0,28.0,21-30,1,One-Time Customer
T69545,C5717541,1986-04-17,M,RANGA REDDY SERILINGAMPALLY,39560.53,2016-02-08,132818,3300.0,30.0,21-30,1,One-Time Customer
T517118,C6963614,1982-04-11,M,TIRUPATI,421.08,2016-08-19,164825,1300.0,34.0,31-40,1,One-Time Customer
T938683,C8187180,1991-06-25,M,HOSPITAL PUNE,161364.06,2016-11-09,155313,50.0,25.0,21-30,1,One-Time Customer
T301314,C2123043,1991-05-30,F,NEW DELHI,42392.69,2016-10-08,121312,279.88,25.0,21-30,2,Occasional Customer
T774725,C7918925,1985-11-07,M,SIRSA,21489.63,2016-06-09,194547,175.0,31.0,31-40,1,One-Time Customer
T300523,C1497233,,M,NEW DELHI,111948.62,2016-11-08,223554,1000.0,,,1,One-Time Customer
T606185,C1417130,1986-03-16,M,ABU DHABI,610098.05,2016-08-25,114339,1799.0,30.0,21-30,2,Occasional Customer
T856444,C2376079,1989-04-04,M,PASCHIM MEDINIPUR,536.98,2016-09-09,210442,60.0,27.0,21-30,1,One-Time Customer
T546128,C4777665,1994-01-22,M,GURGAON,13957.56,2016-08-24,173838,250.0,23.0,21-30,2,Occasional Customer
T902559,C3499557,1988-03-23,M,THIRUVARUR,6457.22,2016-12-09,155758,1004.0,29.0,21-30,1,One-Time Customer
T662292,C8013459,1994-10-12,M,NEW DELHI,11750.84,2016-08-31,935,50.0,22.0,21-30,1,One-Time Customer
T758129,C3016591,1993-07-16,F,DELHI,2337.61,2016-01-09,180643,3496.0,22.0,21-30,2,Occasional Customer
T776913,C7210477,1988-10-02,F,CHURHAT,21861.94,2016-06-09,164046,277.0,28.0,21-30,1,One-Time Customer
T285639,C7093578,,F,NEW DELHI,19869.15,2016-11-08,122552,237.0,,,1,One-Time Customer
T727412,C4017935,1990-06-02,M,LUCKNOW,44131.82,2016-02-09,100359,1141.92,26.0,21-30,1,One-Time Customer
T151282,C9025973,1987-07-31,M,GURGAON,1101316.51,2016-04-08,2430,5676.0,29.0,21-30,1,One-Time Customer
T183356,C3023139,1981-11-18,F,NEW DELHI,87344.25,2016-09-08,153146,1700.0,35.0,31-40,1,One-Time Customer
T687954,C8124892,1987-03-10,M,KODAMBAKKAM,3823.04,2016-08-30,221205,208.0,29.0,21-30,1,One-Time Customer
T653040,C2119690,1980-04-06,M,NAVI MUMBAI,29580.79,2016-08-31,142704,510.05,36.0,31-40,1,One-Time Customer
T378226,C4939814,1985-11-29,M,QUINCY,515979.44,2016-08-13,130626,2000.0,31.0,31-40,1,One-Time Customer
T86234,C7823391,1987-07-21,F,BANGALORE,71597.49,2016-01-08,43754,1247.76,28.0,21-30,2,Occasional Customer
T545443,C4438247,1992-10-07,M,NEW DELHI,13693.96,2016-08-23,203421,270.0,24.0,21-30,2,Occasional Customer
T1045455,C7575737,1986-01-09,F,MUMBAI,21825.01,2016-09-18,131755,4858.0,31.0,31-40,1,One-Time Customer
T458569,C5136377,1990-11-23,M,DELHI,37542.84,2016-08-21,2313,1026.0,26.0,21-30,1,One-Time Customer
T769093,C7239030,,M,DELHI,17000.44,2016-06-09,223455,1608.0,,,2,Occasional Customer
T216843,C6031312,1982-04-15,M,BANGALORE,9642.87,2016-08-08,201207,2846.54,34.0,31-40,1,One-Time Customer
T410299,C1710328,1991-08-19,F,BEHIND ACRES CLUB CHEMBUR MUMBAI,8252.29,2016-08-18,162627,2798.0,25.0,21-30,1,One-Time Customer
T877018,C8785816,1996-09-10,M,JALGAON,11.58,2016-08-09,234430,39.0,20.0,18-20,1,One-Time Customer
T285542,C1748633,,M,MOHALI,28928.57,2016-11-08,133438,2138.0,,,1,One-Time Customer
T642194,C4234834,1984-04-01,F,BANGALORE,181.67,2016-08-25,193250,216.0,32.0,31-40,1,One-Time Customer
T430239,C3842189,1988-08-17,F,CHUMUKEDIMA,16749.92,2016-08-17,210007,371.0,28.0,21-30,1,One-Time Customer
T28810,C5321012,1985-04-27,F,JAMSHEDPUR,54511.71,2016-09-26,123913,319.0,31.0,31-40,1,One-Time Customer
T219420,C2028841,1987-04-14,M,GURU VILLA BUNGLOWS ANAND,55200.85,2016-08-08,194825,1610.4,29.0,21-30,2,Occasional Customer
T1029958,C6757444,1988-05-12,F,VISAKHAPATNAM,15075.65,2016-09-13,84307,1053.64,28.0,21-30,1,One-Time Customer
T384581,C7113872,1993-02-25,F,NEW DELHI,2406.59,2016-08-13,145530,255.0,23.0,21-30,1,One-Time Customer
T155007,C2963631,1989-09-14,F,LUCKNOW,19297.99,2016-03-09,142944,200.0,26.0,21-30,1,One-Time Customer
T937871,C6223779,,M,DELHI,9081.33,2016-11-09,155546,3161.0,,,1,One-Time Customer
T981945,C7923435,1995-06-19,F,CHENNAI,36455.98,2016-09-15,91510,150.0,21.0,21-30,1,One-Time Customer
T827894,C1011343,1987-01-23,M,NEW DELHI,347090.85,2016-04-09,163425,420.0,29.0,21-30,1,One-Time Customer
T833622,C2428273,1986-10-20,M,HOSPITAL BANGALORE,2098.81,2016-04-09,70025,50.0,29.0,21-30,1,One-Time Customer
T191074,C3327191,,M,AMRITSAR,646.06,2016-09-08,172847,3000.0,,,2,Occasional Customer
T447798,C8359465,1991-05-06,F,CHENNAI,22170.25,2016-08-16,185136,500.0,25.0,21-30,1,One-Time Customer
T462034,C8212252,1990-04-05,M,NAINITAL,4558.84,2016-08-21,160010,148.0,26.0,21-30,2,Occasional Customer
T908218,C5332737,,M,SURAT,143712.79,2016-12-09,125115,200.0,,,1,One-Time Customer
T804854,C8528644,1989-04-09,M,JAIPUR,50070.62,2016-05-09,220934,320.0,27.0,21-30,1,One-Time Customer
T937631,C7438734,1977-03-21,F,DELHI,509793.65,2016-11-09,170607,10.0,40.0,31-40,1,One-Time Customer
T25415,C5620557,1991-09-14,M,GURGAON,2511.85,2016-09-27,165144,321.0,25.0,21-30,3,Occasional Customer
T687134,C2715746,1979-03-31,M,THANE,71581.3,2016-08-30,205009,1340.0,37.0,31-40,1,One-Time Customer
T168498,C6941980,1992-12-05,M,BANGALORE,3.13,2016-04-08,164121,205.0,23.0,21-30,2,Occasional Customer
T469826,C1436556,1984-07-09,M,AMRITSAR,9514.26,2016-08-21,212638,377.0,32.0,31-40,1,One-Time Customer
T163647,C3529078,,F,DELHI,7459.42,2016-04-08,124143,400.0,,,1,One-Time Customer
T776158,C5094945,1988-03-09,F,GURGAON,61777.64,2016-06-09,185554,27.0,28.0,21-30,1,One-Time Customer
T439626,C2438487,1976-11-14,M,NOIDA,19477.74,2016-08-16,50041,90.0,40.0,31-40,1,One-Time Customer
T440321,C4313181,1994-06-02,F,WEST MIDNAPORE,5.81,2016-08-16,24422,24.0,22.0,21-30,1,One-Time Customer
T430127,C6481469,1994-01-20,M,NOIDA,2449.98,2016-08-17,180511,500.0,23.0,21-30,1,One-Time Customer
T1018698,C7936923,1986-08-11,M,BHIWADI,82.83,2016-09-14,224416,173.0,30.0,21-30,1,One-Time Customer
T198220,C7720665,1981-01-05,M,SURAT,27810.12,2016-09-08,234902,98.0,36.0,31-40,2,Occasional Customer
T595148,C7428576,1998-04-18,F,PORTBLAIR,7743.76,2016-08-26,172705,100.0,18.0,18-20,1,One-Time Customer
T1011447,C4425435,1985-03-02,M,SONIPAT,49594.97,2016-09-14,210145,276.0,32.0,31-40,2,Occasional Customer
T1002872,C1094714,1990-09-09,F,MUMBAI,31430.14,2016-09-14,171629,433.0,26.0,21-30,1,One-Time Customer
T307102,C1321538,,M,PUNE,544.22,2016-10-08,162030,611.0,,,1,One-Time Customer
T505547,C1229731,,M,BHUJ,703688.74,2016-08-19,134008,20000.0,,,1,One-Time Customer
T824347,C6920868,,M,BANGALORE,11299.77,2016-04-09,140859,580.0,,,1,One-Time Customer
T223628,C7013738,1986-06-21,M,HYDERABAD,4447.76,2016-08-08,194700,50.0,30.0,21-30,3,Occasional Customer
T378141,C3882238,,F,KASHIPUR,19126.6,2016-08-13,171746,606.9,,,1,One-Time Customer
T917144,C4427324,,F,MUMBAI,424330.19,2016-12-09,120955,14.95,,,1,One-Time Customer
T139990,C6739382,,M,CHENNAI,13629.05,2016-05-08,132337,300.0,,,1,One-Time Customer
T87214,C3933657,,M,NOIDA,9909.17,2016-01-08,142304,5000.0,,,2,Occasional Customer
T84352,C3820179,1986-10-05,F,GURGAON,78116.93,2016-02-08,220354,2402.0,29.0,21-30,1,One-Time Customer
T904676,C7638776,1981-01-23,M,DUBAI,449727.34,2016-12-09,152645,1999.0,36.0,31-40,1,One-Time Customer
T551589,C2379413,1993-07-10,F,HYDERABAD,11053.32,2016-08-23,184221,2995.01,23.0,21-30,1,One-Time Customer
T973706,C7532520,,M,GURGAON,12995.08,2016-09-15,171720,5000.0,,,1,One-Time Customer
T386314,C4536849,1983-09-30,M,NOIDA,24051.76,2016-08-13,200651,1603.0,33.0,31-40,2,Occasional Customer
T639904,C5379771,1987-08-03,M,SURAT,57833.74,2016-08-29,101236,2017.2,29.0,21-30,1,One-Time Customer
T616445,C6420367,1985-10-04,F,CHENNAI,174.88,2016-08-26,121623,101.0,31.0,31-40,2,Occasional Customer
T548267,C2415256,1985-05-06,M,GURGAON,5359.73,2016-08-23,140159,100.0,31.0,31-40,1,One-Time Customer
T777417,C5914456,1980-09-24,F,PUNE,41296.42,2016-06-09,173305,268.0,36.0,31-40,1,One-Time Customer
T225518,C5839348,,M,GURGAON,927762.52,2016-07-08,100903,205.42,,,2,Occasional Customer
T635039,C1510012,1985-08-30,M,DELHI,58558.32,2016-08-29,191531,1841.0,31.0,31-40,1,One-Time Customer
T869822,C5423026,,M,CHENNAI,0.0,2016-08-09,192329,2937.0,,,1,One-Time Customer
T102318,C5418568,1993-12-28,M,THANE,,2016-01-08,184104,377.0,22.0,21-30,1,One-Time Customer
T647343,C6010163,1989-03-07,F,MUZAFFARPUR,7289.82,2016-08-25,143816,450.0,27.0,21-30,3,Occasional Customer
T663262,C4333630,1984-09-26,M,MUMBAI,40993.93,2016-08-28,150635,3074.63,32.0,31-40,3,Occasional Customer
T754095,C6737918,1987-01-31,M,PATHANAMTHITTA,7538.32,2016-01-09,200205,1126.0,29.0,21-30,1,One-Time Customer
T414847,C4817238,1982-11-19,M,AHMEDNAGAR,3837.33,2016-08-17,71756,249.0,34.0,31-40,1,One-Time Customer
T987166,C4221411,1989-12-20,M,VISAKHAPATNAM,8361.16,2016-09-15,200129,1090.0,27.0,21-30,1,One-Time Customer
T717058,C2537762,1994-03-04,M,SUKHPAR,1795.64,2016-03-09,185209,3689.0,22.0,21-30,2,Occasional Customer
T235512,C3619487,1979-06-23,M,AHMEDABAD,45336.93,2016-07-08,172538,1000.0,37.0,31-40,2,Occasional Customer
T467754,C5838328,1988-01-27,M,GURGAON,17818.49,2016-08-21,190647,4350.0,29.0,21-30,4,Occasional Customer
T355010,C7223811,1993-01-20,M,DELHI,3.74,2016-08-14,134721,459.52,24.0,21-30,1,One-Time Customer
T42893,C3011756,1988-10-28,M,DELHI,43009.71,2016-03-08,2037,575.0,27.0,21-30,1,One-Time Customer
T181037,C3031379,1981-03-08,M,FARIDABAD,75666.72,2016-09-08,91634,267.0,36.0,31-40,1,One-Time Customer
T248097,C7711685,,M,BANGALORE,13827.81,2016-07-08,204657,865.0,,,2,Occasional Customer
T118295,C3073478,1993-07-03,M,THANE,3164.28,2016-06-08,162236,147.0,23.0,21-30,1,One-Time Customer
T432468,C5040418,,M,KARNAL,220860.57,2016-08-17,183028,1000.0,,,1,One-Time Customer
T873314,C4924828,1986-06-24,M,VISAKHAPATNAM,62914.5,2016-08-09,202944,98.9,30.0,21-30,1,One-Time Customer
T156394,C2739428,1993-02-06,M,BAHADURGARH,11837.11,2016-03-09,153044,30.0,23.0,21-30,1,One-Time Customer
T936591,C5325957,1982-10-09,M,NORTH 24 PARGANAS,5473.61,2016-11-09,185101,1348.0,34.0,31-40,2,Occasional Customer
T43319,C2817192,1987-12-21,F,MUMBAI,41271.76,2016-03-08,4131,8530.0,28.0,21-30,3,Occasional Customer
T156075,C5732392,1990-08-30,M,PANIPAT,16703.52,2016-03-09,145322,500.0,26.0,21-30,1,One-Time Customer
T151226,C4477023,1992-12-10,M,NOIDA,5242.59,2016-04-08,21403,101.15,23.0,21-30,1,One-Time Customer
T830427,C2915685,1988-02-28,M,VIJAYAWADA,11095.23,2016-04-09,92146,7144.9,28.0,21-30,1,One-Time Customer
T430016,C8133042,1986-12-10,M,GURGAON,58530.64,2016-08-17,193039,280.0,30.0,21-30,1,One-Time Customer
T78298,C3817966,1989-10-05,M,PANAJI,19913.24,2016-02-08,195241,90.0,26.0,21-30,2,Occasional Customer
T903487,C5212490,,F,GURGAON,2450.7,2016-12-09,163845,1025.0,,,3,Occasional Customer
T413819,C3310936,,M,PADA MALAD (W) MUMBAI,29020.35,2016-08-18,194611,492.6,,,2,Occasional Customer
T553650,C5225029,1980-03-19,M,GURGAON,3357.65,2016-08-23,135914,599.0,36.0,31-40,1,One-Time Customer
T637694,C7113211,1990-01-18,M,NEW DELHI,18149.21,2016-08-29,72251,350.0,27.0,21-30,2,Occasional Customer
T1010657,C7311666,,M,BANDRA E MUMBAI,50094.25,2016-09-14,212505,20000.0,,,1,One-Time Customer
T873952,C1535187,1991-07-02,M,JAIPUR,7121.32,2016-08-09,191145,2100.0,25.0,21-30,1,One-Time Customer
T608917,C8042890,1988-03-05,F,MUMBAI,18061.86,2016-08-26,111826,259.0,28.0,21-30,1,One-Time Customer
T656970,C5953814,1990-04-18,M,BANGALORE,7471.22,2016-08-31,191857,1658.0,26.0,21-30,1,One-Time Customer
T778477,C8920784,1993-05-15,M,TIRUCHIRAPPALLI,10171.74,2016-06-09,165222,570.0,23.0,21-30,1,One-Time Customer
T493020,C6971549,1989-01-09,M,CHENNAI,8275.49,2016-08-20,140727,2848.0,28.0,21-30,1,One-Time Customer
T995611,C3526880,,M,MUMBAI,134401.95,2016-09-14,122803,4770.0,,,2,Occasional Customer
T437796,C5322340,1991-10-07,M,KANPUR,452.89,2016-08-16,120640,254.0,25.0,21-30,1,One-Time Customer
T609698,C7615628,1985-05-05,M,VIRUDHUNAGAR,649.14,2016-08-26,132721,931.73,31.0,31-40,1,One-Time Customer
T462521,C6455413,1987-09-25,M,LUCKNOW,1179.28,2016-08-21,93028,20.0,29.0,21-30,1,One-Time Customer
T823981,C8657737,1992-12-22,F,NEW DELHI,20073.68,2016-04-09,185947,560.78,23.0,21-30,1,One-Time Customer
T924970,C5346278,1976-12-02,M,MEERUT,31637.8,2016-11-09,105009,102.0,40.0,31-40,1,One-Time Customer
T844421,C8011721,1981-08-24,M,NEW DELHI,297639.13,2016-09-09,144846,9923.0,35.0,31-40,2,Occasional Customer
T637194,C3416341,,M,MARGAO,5479.57,2016-08-29,183545,500.0,,,1,One-Time Customer
T885041,C2216536,,M,KOLKATA,68556.46,2016-07-09,201517,2946.0,,,2,Occasional Customer
T925532,C5635329,1989-09-07,F,MUMBAI,18762.3,2016-11-09,85942,96.0,27.0,21-30,1,One-Time Customer
T923985,C1619643,1990-01-30,F,VISAKHAPATNAM,58152.12,2016-11-09,80526,936.0,27.0,21-30,4,Occasional Customer
T1041198,C2727251,1983-11-14,M,PATNA,307647.59,2016-09-18,110508,534.48,33.0,31-40,1,One-Time Customer
T101297,C5627489,1993-03-19,M,ANDHERI RLY STN MUMBAI,25488.96,2016-01-08,210433,1448.0,23.0,21-30,1,One-Time Customer
T105736,C6137287,1990-08-30,M,NEW DELHI,5214.16,2016-01-08,205107,200.0,25.0,21-30,1,One-Time Customer
T176898,C2519546,1986-12-01,F,AMRITSAR,6752.89,2016-04-08,210015,475.0,29.0,21-30,1,One-Time Customer
T497141,C7912143,1981-08-25,M,CHENNAI,3975.72,2016-08-20,162750,2037.0,35.0,31-40,1,One-Time Customer
T896277,C3637119,1989-10-28,F,DELHI,20277.89,2016-07-09,122655,699.0,27.0,21-30,2,Occasional Customer
T249503,C7794417,1986-09-23,M,GURGAON,13699.54,2016-07-08,215408,143.0,30.0,21-30,1,One-Time Customer
T463727,C2824355,1994-08-13,M,SIKAR,2080.91,2016-08-21,100455,100.0,22.0,21-30,1,One-Time Customer
T783753,C6438712,1986-10-06,F,MULUND EAST,87235.6,2016-06-09,122151,189.93,30.0,21-30,2,Occasional Customer
T848281,C2828791,1983-04-03,F,NOIDA,12066.84,2016-09-09,112027,50.0,33.0,31-40,2,Occasional Customer
T757013,C7621192,1996-12-07,F,ALAPPUZHA,15259.96,2016-01-09,175909,3590.01,19.0,18-20,2,Occasional Customer
T642448,C1714419,1993-11-30,M,MUMBAI,21.19,2016-08-25,185728,1834.0,23.0,21-30,2,Occasional Customer
T344149,C8940825,1979-12-24,M,MUMBAI,47544.74,2016-08-15,215959,1112.0,37.0,31-40,2,Occasional Customer
T660660,C6934560,1981-02-22,M,LUCKNOW,13635.31,2016-08-31,111320,1139.23,36.0,31-40,2,Occasional Customer
T74056,C1717545,1979-11-22,M,MUMBAI,543274.51,2016-02-08,182254,200.0,36.0,31-40,1,One-Time Customer
T504945,C3015785,1993-03-18,F,CHHINDWARA,5559.2,2016-08-19,142632,232.0,23.0,21-30,2,Occasional Customer
T707819,C5827885,1992-12-15,F,KOLKATA,42204.11,2016-08-31,174104,1120.0,24.0,21-30,1,One-Time Customer
T358126,C3027629,1990-07-20,M,BAREILLY,2845.2,2016-08-14,142017,300.0,26.0,21-30,1,One-Time Customer
T645752,C5368357,1984-02-11,M,RANCHI,52961.74,2016-08-29,101751,99.0,33.0,31-40,1,One-Time Customer
T383020,C7120891,1987-10-18,M,HYDERABAD,4419.19,2016-08-13,103148,400.0,29.0,21-30,2,Occasional Customer
T319861,C3866733,1983-12-06,M,PUNE,14958.06,2016-08-15,124019,500.0,33.0,31-40,1,One-Time Customer
T91549,C6337782,1984-12-11,F,SAMBALPUR,44262.84,2016-09-22,155122,175.0,32.0,31-40,1,One-Time Customer
T494849,C4337422,,M,NEW DELHI,28834.02,2016-08-20,202823,655.0,,,1,One-Time Customer
T220366,C8310444,1982-01-05,M,PUNE,1355.21,2016-07-08,61731,270.0,35.0,31-40,1,One-Time Customer
T875334,C6341690,1987-07-28,M,RAJKOT,22.09,2016-08-09,202320,100.0,29.0,21-30,1,One-Time Customer
T571628,C1221521,1978-12-13,M,DHURI,495.27,2016-08-27,101622,567.0,38.0,31-40,2,Occasional Customer
T618302,C4734952,1986-08-13,M,VILLAGE SIRIFORT ROAD NEW DELHI,3455.3,2016-08-28,115813,100.0,30.0,21-30,1,One-Time Customer
T102481,C4026739,1990-08-08,M,GHAZIABAD,165552.49,2016-01-08,181542,297.0,25.0,21-30,1,One-Time Customer
T513271,C4078685,1989-01-01,F,DELHI,1.84,2016-08-19,194530,147.0,28.0,21-30,1,One-Time Customer
T203673,C4723582,1997-08-14,F,DELHI,2.15,2016-08-08,110051,27.0,19.0,18-20,1,One-Time Customer
T656361,C7626355,1993-08-28,M,SURAT,5331.55,2016-08-28,222307,185.0,23.0,21-30,1,One-Time Customer
T795785,C5629885,,M,MOHALI,99465.1,2016-05-09,150335,4310.0,,,1,One-Time Customer
T471145,C7740054,1993-03-19,F,MUMBAI,3418.5,2016-08-21,222056,297.0,23.0,21-30,2,Occasional Customer
T623215,C2011839,1982-01-27,M,CHENNAI,59785.25,2016-08-29,205702,306.34,35.0,31-40,1,One-Time Customer
T852627,C7036740,1985-05-09,M,BANGALORE,17694.26,2016-09-09,224646,160.0,31.0,31-40,1,One-Time Customer
T287197,C7097957,,M,GURGAON,7479.59,2016-11-08,175503,1000.0,,,1,One-Time Customer
T867278,C6386423,1985-06-24,M,FARIDABAD,185.68,2016-08-09,164152,150.0,31.0,31-40,1,One-Time Customer
T899583,C3533456,1987-03-19,M,AMBALA,22979.96,2016-07-09,93917,3000.0,29.0,21-30,3,Occasional Customer
T383867,C6322132,1988-10-29,M,MEERUT,36411.62,2016-08-13,181312,1999.0,28.0,21-30,1,One-Time Customer
T349139,C5068024,1979-11-16,M,CHANDIGARH,26670.53,2016-08-14,125555,600.0,37.0,31-40,1,One-Time Customer
T819063,C1221066,1992-07-22,M,KANGRA,6304.87,2016-04-09,191127,850.0,24.0,21-30,3,Occasional Customer
T273737,C4336815,1993-02-20,M,GURGAON,858.01,2016-11-08,95908,359.0,24.0,21-30,1,One-Time Customer
T857487,C3735543,1995-11-05,M,AHMEDABAD,38635.79,2016-08-09,10822,100.0,21.0,21-30,1,One-Time Customer
T147197,C5431590,1991-05-16,F,DELHI,16285.55,2016-05-08,193638,1342.0,25.0,21-30,1,One-Time Customer
T666595,C1234376,1992-08-21,M,GURGAON,145781.85,2016-08-28,160958,30.0,24.0,21-30,2,Occasional Customer
T85477,C1810944,1985-03-26,M,NEW DELHI,11564.34,2016-01-08,91113,1600.0,31.0,31-40,1,One-Time Customer
T292338,C6436239,1991-09-16,M,GORAKHPUR,1427.99,2016-11-08,111955,100.0,25.0,21-30,1,One-Time Customer
T458206,C5912734,1984-08-08,F,POOL BANGALORE,81038.89,2016-08-21,111934,538.0,32.0,31-40,1,One-Time Customer
T527437,C7817611,1988-06-30,M,SOUTH DELHI,12787.7,2016-08-23,164347,50.0,28.0,21-30,1,One-Time Customer
T308782,C1224581,1986-09-07,F,BANGALORE,2144.77,2016-10-08,162124,549.0,30.0,21-30,2,Occasional Customer
T56183,C5117158,1984-04-06,M,NEW DELHI,1146726.4,2016-03-08,212019,85.18,32.0,31-40,1,One-Time Customer
T461325,C4538053,,M,NEW DELHI,9702.54,2016-08-16,155303,250.0,,,1,One-Time Customer
T613194,C8238523,,M,DELHI,1957.02,2016-08-26,83731,100.0,,,1,One-Time Customer
T436586,C6949187,1992-05-31,F,GURGAON,3303.48,2016-08-17,200916,900.0,24.0,21-30,1,One-Time Customer
T726777,C2417535,1990-06-16,M,KOLKATA,1218.8,2016-03-09,234326,992.25,26.0,21-30,2,Occasional Customer
T486631,C5635245,1995-03-16,M,DELHI,5271.58,2016-08-20,112924,130.0,21.0,21-30,1,One-Time Customer
T990950,C3317288,1982-05-18,M,NOIDA,6424.91,2016-09-14,101808,500.0,34.0,31-40,2,Occasional Customer
T512990,C5118962,1994-07-01,M,JHANSI,36785.43,2016-08-19,201048,60.01,22.0,21-30,2,Occasional Customer
T496333,C6574140,,M,JAIPUR,61187.52,2016-08-20,220912,2730.0,,,1,One-Time Customer
T287299,C1224346,,M,GURGAON,207608.47,2016-11-08,152831,1000.0,,,2,Occasional Customer
T977629,C6512146,1984-07-02,M,NEW DELHI,29693.57,2016-09-15,115059,1990.0,32.0,31-40,1,One-Time Customer
T959112,C8910273,1987-01-01,F,CHANDIGARH,17248.13,2016-10-09,201926,1694.0,30.0,21-30,2,Occasional Customer
T339871,C2325473,1983-05-18,F,NEW DELHI,85287.23,2016-08-15,213850,5982.0,33.0,31-40,1,One-Time Customer
T888470,C4036714,1976-09-29,M,PUNE,3705180.78,2016-07-09,171053,1008.5,40.0,31-40,4,Occasional Customer
T637066,C1210323,1990-04-16,F,DIST NORTH GOA BARDEZ,33546.26,2016-08-25,205135,249.0,26.0,21-30,2,Occasional Customer
T265787,C5218462,1996-01-27,M,BANGALORE,3521.04,2016-03-09,113124,20.0,20.0,18-20,3,Occasional Customer
T982875,C3314677,,M,BANGALORE,1117007.76,2016-09-15,102554,2511.9,,,1,One-Time Customer
T781500,C3431044,1991-09-03,M,KOLKATA,5899.57,2016-06-09,162914,50.0,25.0,21-30,1,One-Time Customer
T861367,C3711172,1993-11-19,F,NEW DELHI,14855.1,2016-08-09,123209,415.0,23.0,21-30,1,One-Time Customer
T700828,C6110577,,M,MUMBAI,385303.21,2016-08-30,93321,4797.0,,,2,Occasional Customer
T169899,C7711727,1988-01-06,M,MUMBAI,49.02,2016-04-08,163432,97.0,28.0,21-30,1,One-Time Customer
T579574,C3915416,1976-08-05,M,LUDHIANA,22223.77,2016-08-22,205211,500.0,40.0,31-40,1,One-Time Customer
T223864,C8738024,1993-12-19,F,MUMBAI,40151.67,2016-08-08,201629,2277.0,23.0,21-30,1,One-Time Customer
T474644,C2225234,1981-08-29,M,DELHI,98251.24,2016-08-21,223012,1934.0,35.0,31-40,2,Occasional Customer
T999734,C1220418,1992-10-08,M,DELHI,26780.1,2016-09-14,161008,1200.0,24.0,21-30,2,Occasional Customer
T134059,C8781553,1988-06-22,M,PUTTUR,7.45,2016-05-08,135046,30.0,28.0,21-30,1,One-Time Customer
T863440,C7630037,1985-04-27,M,JHAJJAR,10604.84,2016-08-09,140528,60.0,31.0,31-40,1,One-Time Customer
T866739,C6740416,1980-10-07,M,ZIRAKPUR,1365386.74,2016-08-09,151343,860.0,36.0,31-40,1,One-Time Customer
T258485,C6711839,1981-06-02,M,BADLAPUR E,7298.22,2016-12-08,120724,900.0,36.0,31-40,2,Occasional Customer
T811944,C6822220,1989-09-17,M,PAONTA SAHIB,1948.13,2016-05-09,212740,175.0,27.0,21-30,1,One-Time Customer
T1031410,C6711173,1988-12-02,M,KANNIYAKUMARI,25993.21,2016-09-13,94314,40.0,28.0,21-30,1,One-Time Customer
T51287,C6628340,1990-08-24,M,GURGAON,56937.3,2016-03-08,182336,249.0,26.0,21-30,1,One-Time Customer
T192165,C7225452,1992-11-14,M,MUMBAI,10251.52,2016-09-08,202637,200.0,24.0,21-30,1,One-Time Customer
T218104,C8612025,1994-11-18,M,GURGAON,27702.58,2016-07-08,22633,400.0,22.0,21-30,2,Occasional Customer
T875252,C4873328,1992-06-08,M,HOJAI,6.6,2016-08-09,162827,1375.65,24.0,21-30,1,One-Time Customer
T566850,C3531113,1986-01-01,M,NEW DELHI,12283.64,2016-08-22,130057,200.0,31.0,31-40,1,One-Time Customer
T228562,C2939247,1989-03-03,M,NOIDA,129013.22,2016-07-08,3726,14863.0,27.0,21-30,1,One-Time Customer
T802932,C4228422,1991-07-04,F,BANGALORE,16729.23,2016-05-09,192338,1223.0,25.0,21-30,1,One-Time Customer
T1021660,C6710968,1985-12-20,F,WEST THANE,66587.57,2016-09-13,173906,195.0,31.0,31-40,1,One-Time Customer
T524507,C3126623,1990-05-05,F,AMRAVATI,13471.17,2016-08-19,215109,30.0,26.0,21-30,3,Occasional Customer
T454383,C5310073,1990-04-17,M,KOLKATA,24691.75,2016-08-16,213500,277.72,26.0,21-30,2,Occasional Customer
T742221,C7523839,1997-09-16,M,NEW DELHI,561.31,2016-02-09,212617,8000.0,18.0,18-20,1,One-Time Customer
T176474,C4324584,1988-10-12,M,CHANDIGARH,6568.67,2016-04-08,155121,300.0,27.0,21-30,1,One-Time Customer
T247313,C5615263,1987-12-24,M,CHENNAI,5250.53,2016-07-08,190348,400.0,29.0,21-30,1,One-Time Customer
T450863,C1711343,1988-09-28,M,NEW DELHI,15405.03,2016-08-16,160341,1000.0,28.0,21-30,1,One-Time Customer
T850872,C6910637,1982-03-09,M,CHENNAI,13707.74,2016-09-09,201146,300.0,35.0,31-40,1,One-Time Customer
T859326,C4322420,1983-08-25,M,DEHRADUN,57530.35,2016-08-09,93755,100.0,33.0,31-40,1,One-Time Customer
T564061,C5033671,,M,THANE,21201.1,2016-08-22,132046,1160.0,,,1,One-Time Customer
T771700,C6542279,1987-04-25,F,BANGALORE,7070.16,2016-06-09,201216,102.0,29.0,21-30,1,One-Time Customer
T12204,C6939492,1984-04-29,M,MUMBAI,144302.56,2016-09-22,135226,1200.0,32.0,31-40,1,One-Time Customer
T502179,C6440650,1986-08-10,M,GURGAON,31005.24,2016-08-20,215059,122.0,30.0,21-30,1,One-Time Customer
T471580,C1418655,1985-09-12,M,SURAT,9491.02,2016-08-21,215616,300.0,31.0,31-40,2,Occasional Customer
T180175,C1614283,1992-08-14,F,GURGAON,80156.21,2016-09-08,93735,606.9,24.0,21-30,2,Occasional Customer
T214856,C1817568,1990-05-29,F,GURGAON,2636.74,2016-08-08,163250,95.0,26.0,21-30,1,One-Time Customer
T768306,C1692043,1992-07-17,F,SRIGANGANAGAR,3949.05,2016-01-09,95840,196.0,23.0,21-30,1,One-Time Customer
T354849,C7741879,1984-10-07,M,NOIDA,86722.13,2016-08-14,182311,6164.0,32.0,31-40,3,Occasional Customer
T1037246,C3319413,1990-04-19,F,BANGALORE,4496.82,2016-09-18,160655,175.0,26.0,21-30,1,One-Time Customer
T544524,C8437111,1986-01-12,F,JORHAT,6699.32,2016-08-24,172001,25937.0,31.0,31-40,1,One-Time Customer
T583045,C6531182,,M,GURGAON,263878.98,2016-08-23,153502,70.0,,,1,One-Time Customer
T682232,C1529789,1986-07-31,M,BANGALORE,14131.99,2016-08-31,225946,385.0,30.0,21-30,2,Occasional Customer
T510118,C6718328,1986-05-24,M,KOLAR,337.9,2016-08-19,180946,128.0,30.0,21-30,1,One-Time Customer
T900973,C6240136,1979-01-01,M,SRINAGAR,14849.65,2016-07-09,707,265.0,38.0,31-40,2,Occasional Customer
T157649,C1510427,,M,MUMBAI,14095.31,2016-03-09,144337,7698.0,,,2,Occasional Customer
T574427,C3421788,,M,BANGALORE,393217.24,2016-08-22,195700,3540.0,,,4,Occasional Customer
T139069,C2369460,1989-11-20,F,MUMBAI,5616.34,2016-05-08,142926,1134.0,26.0,21-30,1,One-Time Customer
T280594,C9040769,,M,BANGALORE,27430.9,2016-11-08,50439,655.8,,,1,One-Time Customer
T251464,C5528223,1993-01-06,M,VIZIANAGARAM,3997.0,2016-12-08,101804,340.0,24.0,21-30,2,Occasional Customer
T693490,C6619021,1986-11-18,M,PUNE,11835.47,2016-08-31,224129,775.0,30.0,21-30,1,One-Time Customer
T340617,C1815439,1988-10-28,M,NEW DELHI,45381.58,2016-08-15,163006,241.0,28.0,21-30,1,One-Time Customer
T33032,C3016122,1981-03-05,M,WEST MUMBAI,13722.42,2016-09-25,221347,1120.0,36.0,31-40,1,One-Time Customer
T775453,C3522319,1992-07-18,M,BETIM,9405.61,2016-06-09,193618,50.0,24.0,21-30,1,One-Time Customer
T557330,C9041016,1982-02-02,M,RANCHI,16217.8,2016-08-22,164820,265.0,35.0,31-40,2,Occasional Customer
T730598,C2149335,1987-12-29,M,PURI,972.09,2016-02-09,150129,1190.0,28.0,21-30,1,One-Time Customer
T565020,C8531448,1983-03-28,M,SHIMLA,80.43,2016-08-22,140911,3805.0,33.0,31-40,2,Occasional Customer
T749188,C5741528,,M,VISAKHAPATNAM,15907.13,2016-01-09,204915,100000.0,,,1,One-Time Customer
T445297,C5629029,1984-02-02,M,BANGALORE,26292.22,2016-08-16,144437,504.0,33.0,31-40,3,Occasional Customer
T498585,C1430882,1987-10-20,M,NEW DELHI,13609.37,2016-08-19,84229,50.0,29.0,21-30,3,Occasional Customer
T391551,C2621264,1994-12-27,F,KHORDA,3158.09,2016-08-13,221253,630.0,22.0,21-30,1,One-Time Customer
T1006470,C5739517,,M,GURGAON,653489.29,2016-09-14,163800,700.0,,,2,Occasional Customer
T592552,C7322878,1990-07-24,M,DELHI,6827.31,2016-08-27,214651,3287.0,26.0,21-30,1,One-Time Customer
T569694,C7330976,1994-02-09,M,ROHTAK,9976.14,2016-08-22,181608,101.0,23.0,21-30,2,Occasional Customer
T718778,C6619971,1983-04-10,M,NORTH 24 PARGANAS,71336.38,2016-03-09,201409,5000.0,33.0,31-40,2,Occasional Customer
T1037150,C8550887,1978-03-29,F,NAGPUR,74980.59,2016-09-18,133211,4548.0,38.0,31-40,1,One-Time Customer
T529815,C7522187,1985-07-07,M,PUNE,234884.22,2016-08-24,211633,125.0,31.0,31-40,1,One-Time Customer
T991176,C7019012,,M,MUMBAI,3887.5,2016-09-15,211111,200.0,,,2,Occasional Customer
T446541,C3911723,1995-12-19,F,CHENNAI,11037.75,2016-08-16,181951,745.0,21.0,21-30,1,One-Time Customer
T426719,C4810580,1990-02-01,M,CHANDIGARH,20249.25,2016-08-17,185823,24.0,27.0,21-30,1,One-Time Customer
T11380,C2624453,1988-02-09,F,BOMMANAHALLI BANGALORE,21067.88,2016-09-25,214723,798.0,29.0,21-30,2,Occasional Customer
T824292,C9015672,1988-02-11,M,PUNE,1035.33,2016-04-09,141831,100.0,28.0,21-30,2,Occasional Customer
T459863,C8076866,1992-12-22,M,HUBLI,758.34,2016-08-21,112411,251.0,24.0,21-30,1,One-Time Customer
T1023512,C1546843,1994-06-09,M,MANKUVA BHUJ,5351.45,2016-09-13,132426,250.0,22.0,21-30,1,One-Time Customer
T649693,C5222874,1988-07-23,M,DELHI,27364.83,2016-08-31,133131,1770.0,28.0,21-30,2,Occasional Customer
T341697,C6736119,,M,CHANDRAPUR,0.0,2016-08-15,210043,17665.78,,,1,One-Time Customer
T998515,C1130826,,M,CHENNAI,29537.87,2016-09-14,90555,4625.6,,,2,Occasional Customer
T1016985,C8039614,1994-03-01,M,GURGAON,40400.16,2016-09-13,195736,1970.0,23.0,21-30,2,Occasional Customer
T900876,C2019454,1981-01-01,M,MAU,11227.27,2016-07-09,93737,3000.0,36.0,31-40,1,One-Time Customer
T468045,C6213470,1984-09-16,M,MUMBAI,3306.66,2016-08-21,183045,397.0,32.0,31-40,1,One-Time Customer
T788583,C4140454,,M,CHENNAI,47256.94,2016-05-09,83327,318.0,,,1,One-Time Customer
T953937,C8515452,1992-03-01,M,BANGALORE,34868.37,2016-10-09,204919,10000.0,25.0,21-30,3,Occasional Customer
T583834,C7539128,1984-10-26,M,SARBERIA,5474.23,2016-08-23,163358,50.0,32.0,31-40,2,Occasional Customer
T1047996,C2553153,1992-03-20,M,DELHI,17890.59,2016-09-18,184214,7350.0,24.0,21-30,1,One-Time Customer
T807111,C1127658,1979-06-17,M,MUMBAI,17858.18,2016-05-09,200354,1100.0,37.0,31-40,1,One-Time Customer
T795852,C6425736,1993-02-16,F,NADIAD KHEDA,7650.13,2016-05-09,131117,870.0,23.0,21-30,1,One-Time Customer
T533282,C6758411,,M,DEHRADUN,63493.53,2016-08-24,202856,2348.0,,,1,One-Time Customer
T786755,C8430330,1993-09-30,F,HYDERABAD,14007.38,2016-06-09,112156,1800.0,23.0,21-30,1,One-Time Customer
T804172,C5123584,1989-07-21,M,HAZARIBAGH,12295.31,2016-05-09,183235,135.0,27.0,21-30,1,One-Time Customer
T690296,C5516325,1987-07-07,M,GURGAON,6008.16,2016-08-30,175031,243.0,29.0,21-30,1,One-Time Customer
T240861,C5023317,1986-09-06,M,HYDERABAD,3143.99,2016-07-08,174739,800.0,30.0,21-30,2,Occasional Customer
T448715,C7118660,1995-05-19,M,KHORDHA,10.79,2016-08-16,185118,10.0,21.0,21-30,1,One-Time Customer
T486534,C4623450,1989-05-14,M,NELLORE,15619.66,2016-08-20,151658,98.03,27.0,21-30,2,Occasional Customer
T367276,C2373832,,F,DEHRADUN,284716.99,2016-08-14,202845,1547.0,,,1,One-Time Customer
T978497,C1731811,,M,MANDIR DHANBAD,53771.64,2016-09-15,130904,5706.0,,,2,Occasional Customer
T11341,C6312175,1980-11-23,M,KOTA,267270.18,2016-09-25,222143,310.0,36.0,31-40,1,One-Time Customer
T1004281,C6270845,,M,NEW DELHI,218240.11,2016-09-14,170129,1200.0,,,1,One-Time Customer
T908952,C2823011,1991-08-30,F,AHMEDABAD,3445.24,2016-12-09,101037,150.0,25.0,21-30,1,One-Time Customer
T793863,C8719792,1993-10-20,F,THANE,6188.76,2016-05-09,104747,24.0,23.0,21-30,1,One-Time Customer
T25307,C3328811,1984-01-24,M,PAREL MUMBAI,2529.86,2016-09-26,143939,330.0,33.0,31-40,1,One-Time Customer
T640202,C1337446,1993-07-30,F,LUDHIANA,4977.1,2016-08-25,232351,50.0,23.0,21-30,1,One-Time Customer
T910736,C7920234,1990-03-09,M,JAGANNATHPUR,12277.06,2016-12-09,15408,20.0,27.0,21-30,1,One-Time Customer
T313834,C3738069,1996-02-18,M,MORADABAD,69893.34,2016-10-08,191102,450.0,21.0,21-30,1,One-Time Customer
T533863,C2127189,1996-05-08,F,AHMEDABAD,40480.05,2016-08-24,190423,527.98,20.0,18-20,1,One-Time Customer
T927167,C1132217,1989-03-27,M,GUWAHATI,72588.11,2016-12-09,232958,294.0,28.0,21-30,2,Occasional Customer
T646835,C8817354,1989-08-11,M,MUMBAI,19450.36,2016-08-25,204400,250.0,27.0,21-30,3,Occasional Customer
T461754,C2222251,1982-08-15,M,REWARI (HARYANA),9221.79,2016-08-21,160229,2445.0,34.0,31-40,2,Occasional Customer
T404053,C4821070,1987-10-27,M,PICHHORE,2615.63,2016-08-18,145142,499.52,29.0,21-30,2,Occasional Customer
T602374,C5037421,1992-07-02,M,DELHI,9984.94,2016-08-26,153018,50.0,24.0,21-30,1,One-Time Customer
T385588,C2688568,,M,NEW DELHI,282942.05,2016-08-13,180132,128.0,,,1,One-Time Customer
T1015314,C5272570,1986-05-25,M,BANGALORE,3096.6,2016-09-14,222159,708.0,30.0,21-30,1,One-Time Customer
T45007,C4419731,1994-05-20,M,CHANDAULI,229.11,2016-03-08,130541,100.0,22.0,21-30,1,One-Time Customer
T452322,C8111640,1988-07-25,F,MUMBAI,7274.66,2016-08-16,180629,352.35,28.0,21-30,2,Occasional Customer
T377021,C2140523,1986-09-30,M,GURGAON,26806.62,2016-08-13,144219,1116.0,30.0,21-30,1,One-Time Customer
T4439,C8022155,1988-08-29,F,DELHI,29189.65,2016-08-17,175939,604.0,28.0,21-30,2,Occasional Customer
T507322,C7111418,1991-11-18,F,GURGAON,17396.93,2016-08-19,175720,450.0,25.0,21-30,1,One-Time Customer
T167481,C6327626,1994-04-06,M,HOSUR,5587.19,2016-04-08,143106,151.0,22.0,21-30,2,Occasional Customer
T74420,C1821976,,M,CHENNAI,22889.96,2016-02-08,183546,250.0,,,1,One-Time Customer
T745395,C5636138,1984-04-28,M,GUWAHATI,6177.95,2016-01-09,214911,300.0,32.0,31-40,1,One-Time Customer
T498388,C6924815,1983-09-27,M,SIRHIND,8167.53,2016-08-19,4520,48.0,33.0,31-40,1,One-Time Customer
T574714,C5836427,1987-12-27,M,CHENNAI,84.22,2016-08-27,111400,1919.78,29.0,21-30,1,One-Time Customer
T563598,C7548279,,M,GHAZIABAD,4610.84,2016-08-27,162448,7742.98,,,1,One-Time Customer
T473017,C2841241,1989-08-20,M,GURGAON,32767.96,2016-08-21,212644,4144.0,27.0,21-30,1,One-Time Customer
T406603,C6211636,1990-06-23,F,GURGAON,43314.58,2016-08-18,124100,3770.0,26.0,21-30,1,One-Time Customer
T950260,C2422344,1977-04-10,F,KALKA,158339.32,2016-10-09,204106,26.0,39.0,31-40,2,Occasional Customer
T12923,C3024329,1980-12-12,F,PUNE,89025.85,2016-09-27,52837,17.98,36.0,31-40,1,One-Time Customer
T8748,C6737525,,M,BANGALORE,14942.09,2016-09-22,132355,150.0,,,1,One-Time Customer
T559101,C4819286,1992-04-04,M,BULANDSAHAR,20.46,2016-08-23,134441,200.0,24.0,21-30,2,Occasional Customer
T954258,C8128217,1994-07-02,M,NEW DELHI,19988.14,2016-10-09,211417,490.0,22.0,21-30,1,One-Time Customer
T388207,C4337232,,M,DELHI,145606.1,2016-08-13,164837,150.0,,,1,One-Time Customer
T405480,C1727549,1995-06-20,M,PUNE,22654.52,2016-08-18,185920,39.0,21.0,21-30,2,Occasional Customer
T779039,C1440680,1991-12-28,F,AHMEDABAD,6732.33,2016-06-09,164730,2799.01,24.0,21-30,2,Occasional Customer
T536994,C3974883,1981-07-19,F,DELHI,31404.33,2016-08-24,205026,147.0,35.0,31-40,1,One-Time Customer
T231426,C3215482,1994-07-02,M,BANGALORE,9.21,2016-07-08,121229,105.07,22.0,21-30,1,One-Time Customer
T824430,C1441417,1990-03-19,F,DELHI,123590.87,2016-04-09,182841,284.0,26.0,21-30,1,One-Time Customer
T201001,C1941562,1986-01-06,M,NEW DELHI,3581.58,2016-09-08,210111,127.4,31.0,31-40,1,One-Time Customer
T852989,C6929115,1983-07-23,M,GURGAON,221256.12,2016-09-09,233821,25.0,33.0,31-40,1,One-Time Customer
T861650,C7625923,1992-01-10,M,GURGAON,27782.78,2016-08-09,113952,1865.75,25.0,21-30,1,One-Time Customer
T428958,C2614686,1991-07-01,M,GUNA,256704.36,2016-08-17,210459,2495.0,25.0,21-30,2,Occasional Customer
T188072,C1631292,1990-10-06,M,AJNALA,15253.97,2016-09-08,142841,341.0,26.0,21-30,1,One-Time Customer
T283276,C6520043,1985-10-14,M,MUMBAI,144040.18,2016-11-08,141653,650.0,31.0,31-40,1,One-Time Customer
T215381,C4030743,1991-12-12,M,SHAMLI,7282.68,2016-08-08,172550,790.0,25.0,21-30,1,One-Time Customer
T193715,C3592916,1994-04-20,M,MUZAFFARPUR,181.22,2016-09-08,180612,267.0,22.0,21-30,1,One-Time Customer
T133711,C2035050,1979-12-16,M,GHAZIABAD,37844.01,2016-06-08,224847,4221.0,36.0,31-40,2,Occasional Customer
T525432,C8627932,,M,DHARUHERA,47479.41,2016-08-24,124200,1018.0,,,1,One-Time Customer
T695429,C1235558,1982-05-17,M,GURGAON,14418.16,2016-08-30,191143,220.0,34.0,31-40,2,Occasional Customer
T47854,C4123912,1987-03-09,M,DELHI,168970.89,2016-03-08,160651,1349.0,29.0,21-30,1,One-Time Customer
T63718,C2146216,1990-04-27,M,KURUKSHETRA,2.63,2016-02-08,44908,600.0,26.0,21-30,1,One-Time Customer
T113835,C1934444,1982-06-29,F,GOREGAON (W) MUMBAI,14631.61,2016-06-08,175701,460.0,34.0,31-40,3,Occasional Customer
T1016408,C2137682,1979-07-03,M,BANGALORE,39570.43,2016-09-13,170747,2170.5,37.0,31-40,2,Occasional Customer
T398348,C6647914,1985-03-31,M,KAPURTHALA,278.17,2016-08-18,60740,700.0,31.0,31-40,1,One-Time Customer
T821542,C6844357,,M,GHAZIABAD,42094.48,2016-04-09,140709,486.0,,,1,One-Time Customer
T291159,C3731772,1995-05-27,F,PUNE,12319.12,2016-11-08,185153,649.0,21.0,21-30,1,One-Time Customer
T190311,C7239259,1991-10-08,F,MUMBAI,17003.84,2016-09-08,171420,876.04,25.0,21-30,1,One-Time Customer
T563396,C7517783,,M,MUMBAI,326332.71,2016-08-27,171838,1186.0,,,1,One-Time Customer
T211928,C5418585,1990-12-21,M,VIZIANAGARAM,1686.1,2016-08-08,190355,4498.0,26.0,21-30,2,Occasional Customer
T559445,C1239753,1990-04-02,F,MUMBAI,9577.24,2016-08-22,163331,189.0,26.0,21-30,3,Occasional Customer
T859864,C1241288,1987-12-10,M,INDORE,12209.61,2016-09-09,204353,60.0,29.0,21-30,1,One-Time Customer
T621722,C6125185,1978-09-12,F,AMBALA CANTT,23483.69,2016-08-28,105109,178.0,38.0,31-40,2,Occasional Customer
T836789,C1694884,1982-11-28,F,MUMBAI,68257.68,2016-09-09,172553,600.0,34.0,31-40,1,One-Time Customer
T875015,C8416577,1988-08-04,M,GHAZIABAD,35448.74,2016-08-09,200935,1193.0,28.0,21-30,1,One-Time Customer
T889880,C8515020,1993-10-18,M,CHENNAI,8871.75,2016-07-09,171228,410.0,23.0,21-30,1,One-Time Customer
T553367,C1650839,1988-05-13,F,GURGAON,1586.05,2016-08-22,4604,4100.0,28.0,21-30,1,One-Time Customer
T701698,C8334062,1987-04-05,M,GURGAON,80975.08,2016-08-30,162455,150.0,29.0,21-30,1,One-Time Customer
T591900,C1818139,1990-08-14,M,ROAD VARTHUR HOBLI BANGALORE,10288.14,2016-08-26,162300,849.0,26.0,21-30,1,One-Time Customer
T129719,C4118847,,M,ALWAR,2097716.24,2016-06-08,203012,2000.0,,,1,One-Time Customer
T36525,C4516730,1989-09-19,M,MUMBAI,603659.28,2016-09-26,191541,2242.6,27.0,21-30,2,Occasional Customer
T234870,C1923266,1978-02-03,F,GURGAON,139534.31,2016-07-08,124922,204.0,38.0,31-40,2,Occasional Customer
T501370,C5636317,1979-07-09,M,SHIMLA,62777.71,2016-08-19,103832,100.0,37.0,31-40,1,One-Time Customer
T400302,C3036954,,M,NAGPUR,14921.09,2016-08-18,134140,500.0,,,2,Occasional Customer
T413570,C1928381,2012-07-03,M,NASHIK,26000.92,2016-08-18,212413,240.0,,,1,One-Time Customer
T717759,C3414887,1991-06-13,M,NEW DELHI,5855.07,2016-03-09,192313,10372.93,25.0,21-30,2,Occasional Customer
T343725,C2433057,1976-11-16,F,MUMBAI,13993.78,2016-08-15,212541,999.0,40.0,31-40,1,One-Time Customer
T300110,C2139175,1984-12-23,M,HANUMANGARH,0.27,2016-10-08,30607,14.0,32.0,31-40,1,One-Time Customer
T359804,C7210537,,F,DELHI,116188.74,2016-08-14,175525,1460.0,,,1,One-Time Customer
T434786,C4311524,1991-05-04,M,BANGALORE,9784.1,2016-08-16,92206,754.43,25.0,21-30,1,One-Time Customer
T870536,C1429092,1993-08-08,M,GHAZIABAD,12151.03,2016-08-09,191824,80.0,23.0,21-30,1,One-Time Customer
T90776,C4313272,,F,UJJAIN,102837.49,2016-09-22,133129,792.01,,,1,One-Time Customer
T267872,C4462873,1989-03-26,M,MUMBAI,864895.28,2016-03-09,110337,555.0,27.0,21-30,1,One-Time Customer
T395345,C4242730,1982-03-20,F,HYDERABAD,822354.28,2016-08-13,210728,5285.0,34.0,31-40,2,Occasional Customer
T107327,C7335936,1979-01-03,M,NAVI MUMBAI,304066.35,2016-01-08,224857,790.0,37.0,31-40,2,Occasional Customer
T368150,C2736658,1988-09-20,M,GURGAON,62.34,2016-08-14,193959,624.4,28.0,21-30,2,Occasional Customer
T978452,C2126162,,M,HYDERABAD,14752.22,2016-09-15,120330,3300.0,,,2,Occasional Customer
T296776,C3612064,1989-02-26,F,NAGAR PUNE,23966.05,2016-10-08,80604,203.0,28.0,21-30,2,Occasional Customer
T291113,C5120059,1987-12-04,M,MUMBAI,41059.57,2016-11-08,192704,1000.0,29.0,21-30,3,Occasional Customer
T878007,C7630920,1988-08-13,M,NEW DELHI,13175.47,2016-08-09,210711,614.8,28.0,21-30,2,Occasional Customer
T291692,C5036069,,F,PUNE,12492.21,2016-11-08,161619,200.59,,,1,One-Time Customer
T208246,C5742791,1988-08-10,F,MUMBAI,503.8,2016-08-08,132842,2563.0,28.0,21-30,1,One-Time Customer
T612498,C2641567,1989-07-08,F,DELHI,16697.9,2016-08-25,85855,1300.0,27.0,21-30,2,Occasional Customer
T471763,C5918943,1986-07-01,F,NEW DELHI,19449.34,2016-08-21,165138,362.0,30.0,21-30,1,One-Time Customer
T902691,C1120120,,M,BANGALORE,57561.49,2016-12-09,152427,4098.0,,,1,One-Time Customer
T1018247,C1043671,1991-04-28,F,GURGAON,65486.49,2016-09-14,214239,100.0,25.0,21-30,1,One-Time Customer
T883333,C4338376,1993-08-31,M,BANGALORE,10948.65,2016-07-09,204731,240.0,23.0,21-30,1,One-Time Customer
T407745,C3041142,1987-10-16,M,THANE,15818.36,2016-08-18,211327,1100.0,29.0,21-30,2,Occasional Customer
T418082,C5342051,1992-12-17,M,HYDERABAD,16081.58,2016-08-18,215850,1440.0,24.0,21-30,2,Occasional Customer
T572626,C4816167,1990-12-22,F,NEW DELHI,159486.91,2016-08-27,90641,4060.0,26.0,21-30,1,One-Time Customer
T330662,C7016442,1993-08-20,F,MUMBAI,27870.79,2016-08-15,110448,446.0,23.0,21-30,1,One-Time Customer
T839390,C1717663,1983-10-12,M,NOIDA,74083.56,2016-09-09,161026,666.0,33.0,31-40,1,One-Time Customer
T377470,C1935723,1994-01-07,M,KANPUR,43.09,2016-08-13,122127,10.0,23.0,21-30,1,One-Time Customer
T774576,C8840344,1990-09-01,M,MUMBAI,147861.4,2016-06-09,184823,10420.0,26.0,21-30,2,Occasional Customer
T272480,C6232968,1990-12-16,F,BILASPUR,2.73,2016-12-08,150719,37.0,26.0,21-30,1,One-Time Customer
T1046978,C6477843,1985-07-03,M,SIWAN,19.79,2016-09-18,10344,52.0,31.0,31-40,1,One-Time Customer
T774828,C1537058,1990-12-27,M,THANE,0.18,2016-06-09,121905,50.0,25.0,21-30,1,One-Time Customer
T260464,C3134223,1988-04-05,F,KANPUR,10258.32,2016-12-08,165007,912.0,29.0,21-30,1,One-Time Customer
T432527,C7626622,1984-10-22,F,MUMBAI,4542.14,2016-08-17,201900,1030.0,32.0,31-40,2,Occasional Customer
T380876,C6799190,1991-04-19,M,DELHI,4721.17,2016-08-13,171315,349.0,25.0,21-30,1,One-Time Customer
T361382,C8024691,,M,JALANDHAR,73605.06,2016-08-13,2020,713.67,,,2,Occasional Customer
T890132,C4124049,1992-06-11,M,PANCHKULA,7584.09,2016-07-09,185825,124.46,24.0,21-30,1,One-Time Customer
T494894,C2642941,1981-02-01,M,NEW DELHI,4376.58,2016-08-20,203427,2500.0,36.0,31-40,1,One-Time Customer
T402202,C6728513,1988-09-28,M,BANGALORE,13384.54,2016-08-18,140932,1000.0,28.0,21-30,2,Occasional Customer
T12974,C3032139,1981-03-03,M,BANGALORE,7.62,2016-09-27,171427,90.0,36.0,31-40,2,Occasional Customer
T426276,C1333912,1994-05-13,F,AIZAWL,195.06,2016-08-17,175739,423.0,22.0,21-30,2,Occasional Customer
T1029952,C1313669,1993-06-23,M,REWARI (HARYANA),44013.95,2016-09-13,95913,548.0,23.0,21-30,1,One-Time Customer
T85712,C4925691,1989-12-14,M,KOLKATA,173612.8,2016-01-08,92559,255.0,26.0,21-30,2,Occasional Customer
T964447,C5529239,,F,FARIDABAD,12966.83,2016-10-09,152535,186.0,,,1,One-Time Customer
T406148,C8123322,1989-05-12,M,MARATHALLI OUTER RING RD BANGALORE,49181.32,2016-08-18,175522,500.0,27.0,21-30,1,One-Time Customer
T337421,C1910087,1992-06-08,M,NASHIK,11640.05,2016-08-15,170609,100.0,24.0,21-30,1,One-Time Customer
T67132,C1042148,1983-10-13,F,GURGAON,22519.57,2016-02-08,105150,20500.0,32.0,31-40,1,One-Time Customer
T583561,C5014979,1988-03-18,F,ANDHERI W MUMBAI,214.61,2016-08-22,235356,317.0,28.0,21-30,2,Occasional Customer
T419539,C1915829,1988-09-27,M,ROAD PUNE,9534.12,2016-08-18,230200,1410.0,28.0,21-30,1,One-Time Customer
T877899,C8621681,,M,JAIPUR,2007081.48,2016-08-09,203141,6700.0,,,1,One-Time Customer
T1045346,C6733415,,F,HYDERABAD,185224.55,2016-09-18,2615,944.0,,,2,Occasional Customer
T759949,C8835882,1978-10-06,F,CHENNAI,14.45,2016-01-09,164937,1487.0,37.0,31-40,2,Occasional Customer
T971558,C1520729,1993-08-07,M,HYDERABAD,27324.25,2016-10-09,550,600.0,23.0,21-30,1,One-Time Customer
T344264,C6541418,1988-02-02,M,MUMBAI,2675.83,2016-08-15,212221,337.0,29.0,21-30,1,One-Time Customer
T88521,C8928929,1991-02-17,M,THANE,738.29,2016-01-08,151907,497.0,25.0,21-30,1,One-Time Customer
T123598,C3668471,1990-12-28,M,PUNE,3851.93,2016-06-08,194905,703.45,25.0,21-30,1,One-Time Customer
T436905,C1826765,1984-10-12,M,DELHI,267234.49,2016-08-16,41830,1100.0,32.0,31-40,3,Occasional Customer
T422434,C3420624,1984-08-09,M,DELHI,18241.34,2016-08-17,142613,130.0,32.0,31-40,2,Occasional Customer
T177017,C4083922,1978-05-13,M,HYDERABAD,3964.46,2016-04-08,231814,500.0,38.0,31-40,1,One-Time Customer
T239268,C1321376,,M,BULANDSHAHR,31664.47,2016-07-08,194022,700.0,,,1,One-Time Customer
T172696,C7339130,1986-03-21,M,(WEST) MUMBAI,26574.49,2016-04-08,203647,3200.0,30.0,21-30,1,One-Time Customer
T257527,C8028722,1989-08-20,M,BHOPAL,883.08,2016-12-08,131718,1073.0,27.0,21-30,2,Occasional Customer
T159450,C3736949,1982-12-14,M,HYDERABAD,32270.91,2016-04-08,110542,1999.0,33.0,31-40,2,Occasional Customer
T413110,C4612924,,M,COIMBATORE,1722430.9,2016-08-17,95920,200.0,,,1,One-Time Customer
T313330,C3119733,1990-10-08,F,NOIDA,65141.65,2016-10-08,192725,5000.0,26.0,21-30,2,Occasional Customer
T415818,C7622259,1990-03-07,M,PATIALA,11807.1,2016-08-17,83009,1500.0,26.0,21-30,2,Occasional Customer
T435442,C6029347,1983-02-21,M,NEW DELHI,62121.89,2016-08-17,204830,500.0,33.0,31-40,1,One-Time Customer
T839808,C4828663,1979-11-06,F,NOIDA,326383.15,2016-04-09,104854,1290.0,36.0,31-40,1,One-Time Customer
T549875,C4730161,1990-10-08,F,CHENNAI,757.36,2016-08-23,104826,50.0,26.0,21-30,1,One-Time Customer
T402248,C9025345,1991-07-20,M,BENGALURU,47.96,2016-08-18,55328,50.0,25.0,21-30,1,One-Time Customer
T306185,C3235537,1989-07-01,M,NEW DELHI,88769.14,2016-10-08,164614,262.69,27.0,21-30,1,One-Time Customer
T777001,C3515934,1987-07-17,M,MIRA ROAD,10797.15,2016-06-09,193614,200.0,29.0,21-30,1,One-Time Customer
T691880,C6721472,1985-09-05,M,BANGALORE,2301955.82,2016-08-30,161340,3603.0,31.0,31-40,2,Occasional Customer
T921521,C3342692,1982-12-17,M,MEERUT,128845.63,2016-11-09,71805,5217.0,34.0,31-40,2,Occasional Customer
T274970,C5217789,1987-11-03,M,ANANTAPUR,8475.77,2016-12-08,201038,1550.0,29.0,21-30,1,One-Time Customer
T420032,C5226487,1993-07-28,M,MUKTSAR,10518.67,2016-08-17,42227,55.0,23.0,21-30,1,One-Time Customer
T949459,C6035970,1991-01-30,M,BANGALORE,2211.92,2016-11-09,223110,505.0,26.0,21-30,1,One-Time Customer
T59478,C1612363,1992-01-14,M,THANE,1243.7,2016-03-08,223522,150.0,24.0,21-30,1,One-Time Customer
T757571,C3319911,1987-07-01,M,DURGAPUR,1814.6,2016-01-09,191339,1250.0,29.0,21-30,2,Occasional Customer
T410577,C1428551,1983-08-03,F,BANGALORE,61457.04,2016-08-18,165906,5117.0,33.0,31-40,1,One-Time Customer
T132785,C7784020,1995-02-17,M,HOSPITAL PUNE,4.28,2016-05-08,1424,25.0,21.0,21-30,1,One-Time Customer
T959417,C3893177,,M,MUMBAI,1473749.77,2016-10-09,162443,210.52,,,1,One-Time Customer
T257701,C4711034,1989-08-20,M,PANCHKULA,128634.09,2016-12-08,123242,198.0,27.0,21-30,2,Occasional Customer
T79572,C8120924,1989-05-01,M,BAHADURGARH,10126.53,2016-02-08,195003,9990.0,27.0,21-30,3,Occasional Customer
T525373,C1433321,1990-05-11,M,BANGALORE,7658.24,2016-08-19,203939,100.0,26.0,21-30,2,Occasional Customer
T66795,C7114372,1993-03-28,M,NEW DELHI,3508.49,2016-02-08,111338,200.0,23.0,21-30,2,Occasional Customer
T690588,C6210249,1984-02-04,M,KOTA,364.12,2016-08-31,213034,265.0,33.0,31-40,1,One-Time Customer
T565367,C6832928,1977-01-09,M,DELHI,83727.86,2016-08-22,124837,801.0,40.0,31-40,1,One-Time Customer
T976751,C6638467,1980-02-20,M,DELHI,404922.36,2016-09-15,131320,2880.0,37.0,31-40,1,One-Time Customer
T847576,C5739339,,M,RAJAHMUNDRY,8884.49,2016-09-09,120410,110.0,,,1,One-Time Customer
T715536,C8024617,1979-10-07,M,GURGAON,29090.72,2016-03-09,203031,700.0,36.0,31-40,2,Occasional Customer
T664567,C6414741,1988-07-15,M,PUNE,1381.98,2016-08-28,222422,123.0,28.0,21-30,2,Occasional Customer
T1047472,C1236385,1980-09-07,M,DELHI,19626.0,2016-09-18,190253,108.0,36.0,31-40,3,Occasional Customer
T215427,C6831827,1992-11-14,M,VADODARA,366.36,2016-08-08,171212,298.0,24.0,21-30,1,One-Time Customer
T551992,C8787188,1980-01-16,F,SOUTH ELECTRONICS CITY BANGALORE,95436.51,2016-08-22,90431,312.0,37.0,31-40,1,One-Time Customer
T1048110,C8138682,1981-10-08,M,GHAZIABAD,7677.6,2016-09-18,194117,493.93,35.0,31-40,2,Occasional Customer
T194926,C5019728,1992-11-15,M,NOIDA,38.78,2016-08-08,85903,34.0,24.0,21-30,1,One-Time Customer
T304547,C7624447,1991-08-21,M,PUDUKKOTTAI (DT),9.82,2016-10-08,165212,23.0,25.0,21-30,1,One-Time Customer
T628499,C2132641,1989-11-19,F,WARANGAL,0.01,2016-08-29,145213,30.0,27.0,21-30,3,Occasional Customer
T612620,C7341274,1979-01-31,M,HYDERABAD,14198.59,2016-08-26,205047,2500.0,38.0,31-40,1,One-Time Customer
T657869,C6814933,1982-10-15,M,JALGAON,205892.28,2016-08-28,183618,411.65,34.0,31-40,1,One-Time Customer
T657688,C3852575,1989-06-07,M,VAPI,8930.63,2016-08-28,214839,10.0,27.0,21-30,1,One-Time Customer
T104381,C5629086,,F,GURGAON,33662.29,2016-01-08,195402,3350.0,,,1,One-Time Customer
T545015,C1627422,1985-12-07,M,BHOPAL,17365.62,2016-08-24,185054,386.0,31.0,31-40,2,Occasional Customer
T594061,C1598750,1990-01-19,M,BANGALORE,717.47,2016-08-27,202400,276.0,27.0,21-30,1,One-Time Customer
T405928,C7030981,1995-06-13,F,MUMBAI,16299.66,2016-08-18,121032,1002.0,21.0,21-30,1,One-Time Customer
T528689,C2348890,1984-07-13,M,NEW DELHI,44572.4,2016-08-24,131522,1961.0,32.0,31-40,1,One-Time Customer
T81908,C8335581,1991-02-11,M,NOIDA,13768.99,2016-01-08,62526,200.0,25.0,21-30,1,One-Time Customer
T149279,C7725961,1981-01-06,M,KHARGHAR,179090.67,2016-05-08,221304,4845.36,35.0,31-40,1,One-Time Customer
T669780,C7825117,1979-06-10,M,AHMEDABAD,242563.21,2016-08-28,144110,3646.0,37.0,31-40,1,One-Time Customer
T73587,C4114072,1988-03-11,M,THANE,31183.8,2016-02-08,183411,376.0,28.0,21-30,2,Occasional Customer
T281673,C4232764,1987-10-23,F,CHANDIGARH,13016.74,2016-11-08,121711,301.0,29.0,21-30,1,One-Time Customer
T146747,C4090042,1981-12-31,M,BANGALORE,33688.89,2016-05-08,193309,1140.0,34.0,31-40,1,One-Time Customer
T328118,C4817678,1990-12-17,M,MUMBAI,7.28,2016-08-15,173821,558.0,26.0,21-30,2,Occasional Customer
T7850,C7419382,1989-02-25,F,DELHI,238553.41,2016-09-25,204921,345.0,28.0,21-30,1,One-Time Customer
T125460,C2812752,1992-01-29,M,KOLLAM,47390.73,2016-06-08,235314,100.0,24.0,21-30,1,One-Time Customer
T973311,C3914986,1980-07-19,M,NEW DELHI,6050.84,2016-10-09,124047,1098.0,36.0,31-40,1,One-Time Customer
T192390,C6174481,1992-01-01,M,DELHI,3638.36,2016-09-08,191725,110.0,25.0,21-30,1,One-Time Customer
T607929,C2439537,1980-05-29,F,GURGAON,117266.92,2016-08-25,82259,1067.0,36.0,31-40,1,One-Time Customer
T641720,C5933432,1985-04-08,F,GURGAON,276232.2,2016-08-29,71410,200.0,31.0,31-40,1,One-Time Customer
T765559,C5927942,1993-10-27,M,HYDERABAD,8565.93,2016-01-09,132436,47.0,22.0,21-30,2,Occasional Customer
T877567,C8518482,1985-10-10,M,CHENNAI,25762.54,2016-07-09,221515,345.0,31.0,31-40,1,One-Time Customer
T275972,C7329877,1990-08-16,M,DELHI,285691.59,2016-11-08,123932,250.0,26.0,21-30,1,One-Time Customer
T544166,C2492780,1994-08-01,F,DELHI,10033.73,2016-08-24,214628,50.0,22.0,21-30,1,One-Time Customer
T941178,C1077082,1984-06-05,M,GHAZIABAD,24720.16,2016-11-09,205557,1131.0,32.0,31-40,1,One-Time Customer
T652686,C1335641,1990-09-04,M,GURGAON,97646.82,2016-08-31,160625,1326.0,26.0,21-30,1,One-Time Customer
T568685,C5828826,1989-05-22,M,GURGAON,1850.16,2016-08-22,121524,1000.0,27.0,21-30,1,One-Time Customer
T1012690,C8217670,1999-01-06,M,MUMBAI,5730.46,2016-09-14,194454,160.0,18.0,18-20,1,One-Time Customer
T756355,C5240726,1987-06-04,M,SANGLI,1425.63,2016-01-09,172844,499.0,29.0,21-30,1,One-Time Customer
T617140,C5133539,1982-01-20,M,MUMBAI,326427.11,2016-08-26,215413,865.0,35.0,31-40,2,Occasional Customer
T764446,C3830060,,M,NEW DELHI,96770.23,2016-01-09,112524,315.0,,,1,One-Time Customer
T769626,C3494859,1986-03-14,M,MUMBAI,35916.71,2016-01-09,301,665.0,30.0,21-30,1,One-Time Customer
T140053,C2534781,1982-08-12,M,VISAKHAPATNAM,12143.16,2016-05-08,94446,30.0,34.0,31-40,2,Occasional Customer
T455413,C7436588,1990-06-30,M,CHENNAI,34374.21,2016-08-16,184635,1440.0,26.0,21-30,1,One-Time Customer
T623770,C1527953,1982-09-14,M,JAMSHEDPUR,5339.17,2016-08-29,214111,45.0,34.0,31-40,1,One-Time Customer
T201090,C6340485,1981-10-03,M,NEW DELHI,19099.42,2016-08-08,121227,228.78,35.0,31-40,3,Occasional Customer
T1044500,C6125882,1991-02-12,M,NAVI MUMBAI,56102.77,2016-09-18,1234,14.0,26.0,21-30,2,Occasional Customer
T453477,C3718466,1990-05-12,M,DELHI,353964.31,2016-08-16,204811,896.7,26.0,21-30,1,One-Time Customer
T222517,C2859073,1977-09-06,M,KOLKATA,62576.32,2016-08-08,210531,871.0,39.0,31-40,1,One-Time Customer
T192599,C2118819,,F,NEW DELHI,1422254.47,2016-09-08,182454,3500.0,,,1,One-Time Customer
T960961,C5426177,1982-11-09,M,NEW DELHI,308725.83,2016-10-09,140257,1010.0,34.0,31-40,1,One-Time Customer
T82540,C6334365,1991-07-18,M,BELGAUM,21055.73,2016-02-08,165014,508.0,25.0,21-30,1,One-Time Customer
T338696,C3131777,,M,KOLHAPUR,198482.31,2016-08-15,184641,1687.0,,,3,Occasional Customer
T861480,C9030943,1991-03-16,M,BAMBOLIM,8530.67,2016-08-09,105442,200.0,25.0,21-30,2,Occasional Customer
T431679,C8383038,1991-07-22,F,TIRUVALLUR,98044.88,2016-08-17,195131,798.0,25.0,21-30,1,One-Time Customer
T825800,C3024140,1980-02-04,M,GHAZIABAD,76042.17,2016-04-09,155519,1000.0,36.0,31-40,1,One-Time Customer
T974465,C7419125,1987-03-04,M,NOIDA,134538.85,2016-09-15,150454,500.0,30.0,21-30,1,One-Time Customer
T985271,C1816177,1978-07-16,M,BANGALORE,273395.44,2016-09-15,110428,1000.0,38.0,31-40,1,One-Time Customer
T924925,C4917543,1980-03-27,M,HYDERABAD,30870.8,2016-11-09,93446,98.0,37.0,31-40,1,One-Time Customer
T987888,C5323090,1980-05-19,M,GHAZIABAD,749279.88,2016-09-15,190800,6999.0,36.0,31-40,1,One-Time Customer
T473074,C2914118,1988-07-06,F,HYDERABAD,3136.57,2016-08-21,224458,1.0,28.0,21-30,2,Occasional Customer
T625384,C7865019,1989-08-18,M,REWARI,111734.06,2016-08-28,110744,220.0,27.0,21-30,1,One-Time Customer
T497488,C5321952,1987-03-15,F,FARIDABAD,15867.13,2016-08-19,91444,130.0,29.0,21-30,3,Occasional Customer
T195735,C2816783,1984-02-02,M,PATPARGANJ,13232.19,2016-09-08,192920,40000.0,33.0,31-40,1,One-Time Customer
T675256,C8975523,1995-06-01,F,PANIPAT,37.78,2016-08-28,114058,100.0,21.0,21-30,1,One-Time Customer
T869667,C4723337,1980-02-08,M,BANGALORE,119786.73,2016-08-09,155331,577.0,37.0,31-40,2,Occasional Customer
T346965,C5640628,1984-10-04,M,NEW DELHI,9.53,2016-08-14,71836,297.0,32.0,31-40,1,One-Time Customer
T214851,C2733825,,F,DELHI,380889.38,2016-08-08,172146,250.0,,,1,One-Time Customer
T590548,C8317566,1991-03-07,M,MUMBAI,113873.51,2016-08-27,194555,103.0,25.0,21-30,1,One-Time Customer
T604428,C3533852,,F,DELHI,380889.38,2016-08-25,114308,1043.46,,,2,Occasional Customer
T904569,C5610364,1988-08-18,M,GAUTAM BUDDHA NAGAR,9098.19,2016-12-09,145928,482.0,28.0,21-30,1,One-Time Customer
T77134,C4615614,1993-07-13,M,AMRELI,6276.86,2016-02-08,193703,178.0,23.0,21-30,2,Occasional Customer
T891250,C8625376,,M,KOLKATA,157333.33,2016-07-09,155305,100000.0,,,1,One-Time Customer
T532831,C6515360,1989-03-19,M,LUCKNOW,2552060.38,2016-08-23,215558,1211.0,27.0,21-30,1,One-Time Customer
T780125,C4520350,1995-08-31,F,NAGPUR,125.52,2016-06-09,160012,200.0,21.0,21-30,3,Occasional Customer
T654208,C1211379,1987-04-08,F,DELHI,41568.35,2016-08-28,215747,2948.0,29.0,21-30,1,One-Time Customer
T307033,C6019875,1987-05-25,M,DELHI,319.78,2016-10-08,152141,500.0,29.0,21-30,2,Occasional Customer
T800946,C2828340,1989-07-03,F,KANPUR,10393.08,2016-05-09,173019,410.0,27.0,21-30,1,One-Time Customer
T504800,C6520916,1988-12-02,M,MUMBAI,99833.38,2016-08-20,225551,1445.0,28.0,21-30,1,One-Time Customer
T481477,C5537158,,F,LUCKNOW,17403.23,2016-08-21,205317,807.0,,,1,One-Time Customer
T920527,C4542581,,M,NEW DELHI,27707.61,2016-12-09,220159,7215.0,,,3,Occasional Customer
T717862,C6231079,1983-07-15,M,THANE,28124.43,2016-03-09,195256,1285.0,33.0,31-40,1,One-Time Customer
T681605,C3433443,1989-01-11,F,GURGAON,69647.89,2016-08-30,81937,521.0,28.0,21-30,1,One-Time Customer
T111170,C1324822,1990-10-19,F,BANGALORE,68.53,2016-06-08,114718,820.0,26.0,21-30,1,One-Time Customer
T873499,C4226656,1985-01-03,M,AHMEDABAD,25648.97,2016-08-09,201724,220.0,32.0,31-40,1,One-Time Customer
T208166,C6934192,1981-01-12,M,LUDHIANA,334575.13,2016-08-08,162139,500.0,36.0,31-40,2,Occasional Customer
T1028483,C4235284,1988-04-19,M,BANGALORE,13859.21,2016-09-13,123546,4025.0,28.0,21-30,1,One-Time Customer
T1017388,C3475313,,M,NEW DELHI,938854.6,2016-09-14,223832,618.0,,,1,One-Time Customer
T123218,C8524535,1995-07-08,M,KANGAYAM,20392.04,2016-06-08,184016,259.0,21.0,21-30,2,Occasional Customer
T333825,C5714815,1983-07-15,M,VISAKHAPATNAM,13843.25,2016-08-15,140337,200.0,33.0,31-40,1,One-Time Customer
T996675,C1832926,,F,DELHI,2614.07,2016-09-14,110814,700.0,,,1,One-Time Customer
T993165,C6132283,1987-03-24,M,FARIDABAD,12055.88,2016-09-14,82049,1512.75,29.0,21-30,1,One-Time Customer
T525392,C7183640,1988-11-04,M,DELHI,119257.29,2016-08-24,105308,1161.0,28.0,21-30,1,One-Time Customer
T943327,C5812177,1990-01-06,M,CUDDALORE,39007.12,2016-11-09,181210,453.0,27.0,21-30,1,One-Time Customer
T204583,C2325338,1986-11-06,M,NAVI MUMBAI,208076.66,2016-08-08,113135,71.0,30.0,21-30,1,One-Time Customer
T90305,C8717645,1991-11-05,M,DELHI,8072.18,2016-01-08,111455,1418.0,24.0,21-30,1,One-Time Customer
T969713,C2639579,1990-08-27,M,MUMBAI,7456.64,2016-10-09,110930,970.0,26.0,21-30,1,One-Time Customer
T467696,C3826184,1976-02-06,M,AMBARNATH,67392.33,2016-08-21,200019,295.0,41.0,41-50,2,Occasional Customer
T943090,C6999355,1986-04-07,F,GURGAON,20057.3,2016-11-09,190744,427.0,31.0,31-40,1,One-Time Customer
T685684,C6974486,1992-01-01,M,DELHI,3638.36,2016-08-31,213653,72.0,25.0,21-30,1,One-Time Customer
T760405,C8112042,1983-04-23,M,NOIDA,14773.48,2016-01-09,151447,660.0,33.0,31-40,1,One-Time Customer
T985676,C8717347,1990-08-15,M,NEW DELHI,335.09,2016-09-15,111900,380.0,26.0,21-30,1,One-Time Customer
T371495,C8019557,1991-03-16,M,BANGALORE,31965.24,2016-08-14,211832,350.0,25.0,21-30,2,Occasional Customer
T405263,C3227624,,M,KANPUR,42430.56,2016-08-18,171043,1650.0,,,3,Occasional Customer
T1033641,C1136091,1992-12-21,M,RANGA REDDY,4044.18,2016-09-13,23137,98.0,24.0,21-30,1,One-Time Customer
T31316,C5127088,1998-02-21,M,FARIDABAD,1645.15,2016-09-26,131443,472.0,19.0,18-20,1,One-Time Customer
T772285,C5023154,1984-07-05,M,GREATER NOIDA,15092.19,2016-06-09,234532,65.0,32.0,31-40,1,One-Time Customer
T458467,C6129728,,M,CHANDIGARH,11016.17,2016-08-21,135635,1000.0,,,1,One-Time Customer
T653100,C5336284,1985-09-06,M,CHENNAI,15.83,2016-08-31,10803,1.0,31.0,31-40,1,One-Time Customer
T779292,C8648752,1987-12-22,F,BANGALORE,10750.52,2016-06-09,183320,185.0,28.0,21-30,1,One-Time Customer
T672392,C4721669,1980-01-28,M,MUMBAI,379.02,2016-08-28,130027,320.0,37.0,31-40,1,One-Time Customer
T997369,C5619421,1993-10-12,F,DELHI,20162.88,2016-09-14,125056,248.0,23.0,21-30,1,One-Time Customer
T132306,C5232834,1983-04-13,M,GHAZIABAD,28164.99,2016-05-08,10832,1595.0,33.0,31-40,1,One-Time Customer
T675082,C2240687,,M,KOLKATA,12400.17,2016-08-28,174516,299.0,,,3,Occasional Customer
T899864,C1823913,1991-12-16,M,RANGA REDDY,6332.75,2016-12-09,170027,100.0,25.0,21-30,1,One-Time Customer
T8475,C5532520,1979-09-24,M,K V RANGAREDDY,24537.81,2016-09-22,130926,150.0,37.0,31-40,1,One-Time Customer
T455357,C1013175,1989-05-09,F,RAIPUR,128.12,2016-08-16,210707,700.0,27.0,21-30,1,One-Time Customer
T466645,C7929183,1985-06-26,M,GURGAON,45698.42,2016-08-21,184405,322.0,31.0,31-40,1,One-Time Customer
T892810,C2710851,1987-11-09,F,ROHTAK,7011.48,2016-07-09,142549,168.0,29.0,21-30,1,One-Time Customer
T384622,C5020531,1985-04-03,M,MUMBAI,48025.6,2016-08-13,145422,1789.0,31.0,31-40,1,One-Time Customer
T124532,C2818887,1977-11-19,F,INDORE,40017.9,2016-06-08,183851,200.0,39.0,31-40,4,Occasional Customer
T929280,C5835975,,M,NEW DELHI,44952.05,2016-11-09,165135,2533.0,,,1,One-Time Customer
T143384,C7975454,1993-11-16,M,THENI,85.76,2016-05-08,152607,0.01,22.0,21-30,1,One-Time Customer
T845451,C7228461,1986-12-31,M,DELHI,2780.45,2016-09-09,125550,200.0,30.0,21-30,1,One-Time Customer
T806111,C3636778,1994-10-07,F,WOKHA,197.7,2016-05-09,183727,400.0,22.0,21-30,1,One-Time Customer
T741595,C5015312,1993-08-01,M,CACHAR,5325.83,2016-02-09,182855,30.0,23.0,21-30,1,One-Time Customer
T928075,C4342454,1989-09-20,F,BANGALURU,24470.52,2016-11-09,150603,499.0,27.0,21-30,2,Occasional Customer
T1012306,C6429259,1982-01-06,F,RAJGURUNAGAR,6941.65,2016-09-14,223040,795.0,35.0,31-40,2,Occasional Customer
T432219,C3626866,,F,MUMBAI,233270.63,2016-08-17,192205,5500.0,,,1,One-Time Customer
T948166,C3028173,1982-11-21,M,NEW DELHI,10.57,2016-10-09,222435,2120.0,34.0,31-40,1,One-Time Customer
T72622,C8452350,,F,NEW DELHI,79177.2,2016-02-08,162249,950.0,,,1,One-Time Customer
T989619,C5325415,1987-03-27,M,BANGALORE,14370.05,2016-09-15,202950,87000.0,29.0,21-30,2,Occasional Customer
T1044434,C4926348,1988-08-10,M,NEW DELHI,1014577.84,2016-09-18,1417,19.58,28.0,21-30,2,Occasional Customer
T263138,C3432016,1991-05-13,M,SURAT,34249.64,2016-12-08,111000,150.0,26.0,21-30,2,Occasional Customer
T308302,C6326128,1988-01-01,M,NOIDA,129233.07,2016-10-08,135554,1400.0,29.0,21-30,1,One-Time Customer
T1037333,C7926060,1992-01-06,M,FARIDABAD,10843.67,2016-09-18,154644,60.25,25.0,21-30,1,One-Time Customer
T1047019,C4538646,1978-06-24,F,GUWAHATI,227340.66,2016-09-18,180817,15000.0,38.0,31-40,1,One-Time Customer
T725560,C5019531,,M,MUMBAI,402711.67,2016-03-09,233810,2410.0,,,1,One-Time Customer
T157865,C8326490,1988-06-22,M,PUNE,351.53,2016-03-09,142410,103.0,28.0,21-30,1,One-Time Customer
T252564,C3814723,,M,GURGAON,1495399.29,2016-12-08,121037,5000.0,,,2,Occasional Customer
T1041734,C1217713,,M,AIRPORT RD BANGALORE,183633.09,2016-09-18,124926,1121.62,,,1,One-Time Customer
T740386,C2290538,1991-12-29,M,THANE,18792.39,2016-02-09,195425,895.0,24.0,21-30,1,One-Time Customer
T211711,C8956214,1984-08-16,M,KOLKATA,7853.97,2016-08-08,182656,300.0,32.0,31-40,1,One-Time Customer
T601708,C5819063,1990-06-12,M,NAGAWARA BANGALORE,29415.76,2016-08-26,204542,120.0,26.0,21-30,1,One-Time Customer
T332916,C8012356,1981-08-26,M,NEW DELHI,50740.21,2016-08-15,162733,500.0,35.0,31-40,1,One-Time Customer
T10351,C5030391,1979-03-20,F,NOIDA,248288.35,2016-09-22,133242,705.0,38.0,31-40,3,Occasional Customer
T49445,C5021828,1992-10-24,F,GURGAON,135.45,2016-03-08,132017,250.0,23.0,21-30,2,Occasional Customer
T1023020,C2420431,1983-10-08,F,GURGAON,19004.73,2016-09-13,172721,153.0,33.0,31-40,1,One-Time Customer
T19453,C4615630,1987-01-24,F,DELHI,9465.89,2016-09-26,191119,849.0,30.0,21-30,1,One-Time Customer
T678895,C6211061,1991-10-10,M,MUZAFFARNAGAR,2332.88,2016-08-28,104952,450.0,25.0,21-30,1,One-Time Customer
T584203,C1714712,1990-04-04,M,SHIMLA,27474.78,2016-08-27,120017,3098.0,26.0,21-30,2,Occasional Customer
T782,C4571043,1991-09-17,M,MUMBAI,3722.83,2016-10-21,214357,10.0,25.0,21-30,1,One-Time Customer
T414399,C5015758,1985-11-10,M,GURGAON,54660.39,2016-08-17,24231,400.0,31.0,31-40,1,One-Time Customer
T692777,C8031872,,F,BANGALORE,20434.31,2016-08-31,203101,699.0,,,2,Occasional Customer
T495754,C2535429,1984-12-15,F,MUMBAI,12744.98,2016-08-20,214050,547.0,32.0,31-40,2,Occasional Customer
T390775,C8628538,1988-09-28,M,BANGALORE,13384.54,2016-08-18,2201,1000.0,28.0,21-30,2,Occasional Customer
T117369,C4856185,1985-05-12,M,GURGAON,771.32,2016-06-08,150210,50.0,31.0,31-40,1,One-Time Customer
T311863,C1134560,1977-09-26,M,PUNE,8089.07,2016-10-08,180101,100.0,39.0,31-40,2,Occasional Customer
T501019,C2784913,1990-07-16,F,KARNAL,5179.36,2016-08-20,200905,300.0,26.0,21-30,1,One-Time Customer
T608471,C8341069,,M,PAPUM PARE,1050620.35,2016-08-26,95744,8999.0,,,1,One-Time Customer
T469363,C1414067,1981-10-24,M,GURGAON,169091.48,2016-08-21,171334,1584.0,35.0,31-40,1,One-Time Customer
T712371,C2335235,1982-12-30,F,THANE,95814.82,2016-03-09,172108,500.0,33.0,31-40,1,One-Time Customer
T286329,C5831239,1988-01-05,F,BANGALURU,40445.43,2016-11-08,191022,1199.0,29.0,21-30,1,One-Time Customer
T755960,C3136675,1993-07-12,M,NEW DELHI,2496.35,2016-01-09,205836,20.0,22.0,21-30,1,One-Time Customer
T874816,C4442263,1990-10-16,M,YAMUNANAGAR,2552.36,2016-08-09,190858,5510.0,26.0,21-30,1,One-Time Customer
T56686,C5425576,1995-07-01,M,NAGPUR,1677.86,2016-03-08,191020,545.0,21.0,21-30,1,One-Time Customer
T799462,C9029146,1995-03-31,M,DELHI,2600.87,2016-05-09,162513,139.0,21.0,21-30,1,One-Time Customer
T699414,C6932057,1986-10-20,M,MUMBAI,6126.71,2016-08-30,133403,1026.0,30.0,21-30,2,Occasional Customer
T1017362,C7538959,1990-02-18,M,NIZAMABAD,3541.34,2016-09-14,213938,69.0,27.0,21-30,2,Occasional Customer
T362358,C6022585,1979-03-27,M,MALAPPURAM,45458.07,2016-08-14,182602,283.0,37.0,31-40,1,One-Time Customer
T261386,C1118133,1987-11-11,F,SOUTH 24 PARGANAS,4429.0,2016-12-08,185759,480.0,29.0,21-30,1,One-Time Customer
T718530,C3925220,1986-09-02,M,GURGAON,305.83,2016-03-09,202222,1251.0,30.0,21-30,2,Occasional Customer
T209511,C6213661,1992-11-03,M,MEDAK,487.7,2016-03-09,130813,190.0,23.0,21-30,2,Occasional Customer
T284123,C4226883,1989-03-28,M,DELHI,22813.68,2016-11-08,130148,120.0,28.0,21-30,1,One-Time Customer
T1014640,C3611174,1988-02-28,M,OFFICE PURBA MEDINIPUR,9246.98,2016-09-14,221225,50.0,29.0,21-30,2,Occasional Customer
T559209,C4420847,1991-11-29,F,DELHI,5203.83,2016-08-22,150811,100.0,25.0,21-30,2,Occasional Customer
T261765,C5028885,1985-08-11,F,KOLKATA,915.96,2016-12-08,172652,1090.0,31.0,31-40,1,One-Time Customer
T886813,C3817430,1981-12-31,M,KOLKATA,256790.05,2016-07-09,205439,2800.0,35.0,31-40,1,One-Time Customer
T276029,C4140523,1978-07-28,M,NEW DELHI,100145.57,2016-11-08,84659,5469.0,38.0,31-40,1,One-Time Customer
T680165,C8146988,1991-08-10,M,ROAD PUNE,2786.33,2016-08-30,141831,50.0,25.0,21-30,1,One-Time Customer
T355477,C6822291,1991-09-11,F,THANE AMBERNATH,1478.78,2016-08-14,180858,50.0,25.0,21-30,2,Occasional Customer
T470562,C2532028,1991-10-12,M,KANCHEEPURAM,2837.79,2016-08-21,220115,300.0,25.0,21-30,1,One-Time Customer
T46059,C5011467,,M,MOHALI,27630.31,2016-03-08,123730,55.0,,,2,Occasional Customer
T716032,C1615338,1992-03-05,M,GURGAON,18210.75,2016-03-09,191408,100.0,24.0,21-30,1,One-Time Customer
T33068,C5527656,1986-05-07,M,PATIALA,29770.02,2016-09-25,191701,127.0,30.0,21-30,1,One-Time Customer
T77053,C7035186,1989-10-10,M,MUMBAI,2769.48,2016-02-08,111449,50.0,26.0,21-30,1,One-Time Customer
T424129,C8079331,1991-07-18,M,MEERUT,5240.28,2016-08-17,163333,400.0,25.0,21-30,1,One-Time Customer
T690239,C5417819,1985-07-31,M,BELGAUM,81.29,2016-08-30,180622,72.82,31.0,31-40,1,One-Time Customer
T425292,C7019940,1988-07-13,F,MUMBAI,3000.14,2016-08-17,195050,2100.0,28.0,21-30,1,One-Time Customer
T890928,C3529111,1988-08-13,M,CHENNAI,30083.89,2016-07-09,163005,1065.0,28.0,21-30,1,One-Time Customer
T853761,C2624759,1993-02-03,M,JAJPUR,5769.01,2016-09-09,221957,232.76,24.0,21-30,3,Occasional Customer
T940561,C5940840,1985-04-16,M,AHMEDABAD,163.28,2016-11-09,223759,119.0,32.0,31-40,1,One-Time Customer
T507448,C6423030,1993-11-06,M,HARIDWAR,28054.11,2016-08-19,111441,115.2,23.0,21-30,1,One-Time Customer
T705419,C7564748,1993-02-27,F,BARIATU ROAD RANCHI RANCHI,3541.46,2016-08-30,92446,100.0,24.0,21-30,1,One-Time Customer
T259738,C4135469,1987-06-06,M,NOIDA,10493.92,2016-12-08,135839,500.0,30.0,21-30,1,One-Time Customer
T181303,C6534047,1987-04-05,M,GURGAON,80975.08,2016-09-08,91955,199.0,29.0,21-30,3,Occasional Customer
T700922,C3636947,,F,AHMEDABAD,20446.79,2016-08-30,150349,2350.0,,,1,One-Time Customer
T445438,C7627641,1979-03-08,F,JAIPUR,9934.68,2016-08-16,100509,1598.0,37.0,31-40,2,Occasional Customer
T776782,C2440552,1991-11-21,M,NEW DELHI,59714.7,2016-06-09,162949,100.0,25.0,21-30,2,Occasional Customer
T778916,C2728937,1983-06-23,F,SOUTH 24 PARGANAS,542.12,2016-06-09,181829,147.0,33.0,31-40,2,Occasional Customer
T141216,C7233860,1984-11-21,F,BANGALORE,143660.09,2016-05-08,180427,7689.0,31.0,31-40,1,One-Time Customer
T855069,C7411982,1979-03-23,M,MUMBAI,434037.44,2016-09-09,202649,1831.0,37.0,31-40,1,One-Time Customer
T652350,C3316357,,M,BANGALORE,314237.66,2016-08-31,165018,300.0,,,1,One-Time Customer
T780383,C1231382,1977-06-16,M,LUCKNOW,16572.85,2016-06-09,172217,1200.0,39.0,31-40,1,One-Time Customer
T554163,C4364537,,M,MYSORE,5827.03,2016-08-23,173750,344.0,,,1,One-Time Customer
T177729,C3790467,1991-04-13,M,NAGPUR,45458.13,2016-04-08,220128,455.0,25.0,21-30,1,One-Time Customer
T136381,C5730272,1990-09-30,M,GHAZIABAD,119497.41,2016-05-08,134244,100.0,26.0,21-30,1,One-Time Customer
T768089,C2425563,1981-06-20,M,PUNE,778.74,2016-01-09,11107,1683.0,35.0,31-40,2,Occasional Customer
T835397,C4223024,1995-03-19,M,SAS NAGAR,534.11,2016-04-09,131825,300.0,21.0,21-30,2,Occasional Customer
T341249,C5180867,1989-09-20,M,GURGAON,36154.38,2016-08-14,122630,3396.0,27.0,21-30,1,One-Time Customer
T715424,C1831023,1989-07-07,F,NAVI MUMBAI,19141.97,2016-03-09,190412,199.0,27.0,21-30,1,One-Time Customer
T30579,C6414841,1980-12-25,F,THANE,487.09,2016-09-25,195012,344.0,36.0,31-40,3,Occasional Customer
T150848,C3025440,1986-10-30,M,GANDHINAGAR,296039.17,2016-05-08,182120,500.0,30.0,21-30,3,Occasional Customer
T583502,C3573978,1992-10-30,M,HARIDWAR,25857.28,2016-08-27,124346,210.0,24.0,21-30,1,One-Time Customer
T836406,C3866238,1991-04-15,F,SOUTH 24 PARGANAS,16972.54,2016-09-09,185922,1785.0,25.0,21-30,1,One-Time Customer
T448780,C2695562,1986-04-14,M,SURAT,81787.26,2016-08-16,171345,999.0,30.0,21-30,1,One-Time Customer
T53341,C6635084,1988-12-04,M,FARIDABAD,100.07,2016-03-08,154131,490.0,27.0,21-30,1,One-Time Customer
T937865,C5521147,1990-02-20,F,DELHI,32159.1,2016-11-09,200844,404.0,27.0,21-30,2,Occasional Customer
T141575,C3055933,1986-11-08,F,CHANDIGARH,13160.42,2016-05-08,143624,468.0,29.0,21-30,1,One-Time Customer
T595147,C8231675,1982-07-07,F,GHAZIABAD,31465.33,2016-08-26,172525,1581.6,34.0,31-40,1,One-Time Customer
T91690,C1319616,1987-08-10,F,LAKHIMPUR-KHERI,37801.24,2016-09-22,160620,226.47,29.0,21-30,2,Occasional Customer
T865017,C8842434,1991-12-11,M,NAVI MUMBAI,16.95,2016-08-09,134521,800.0,25.0,21-30,1,One-Time Customer
T279136,C4856979,1991-10-27,M,CHENNAI,301971.06,2016-11-08,20624,2892.0,25.0,21-30,1,One-Time Customer
T668093,C6517267,1988-04-23,F,SURAT,202540.04,2016-08-28,80334,50.0,28.0,21-30,1,One-Time Customer
T829125,C2324816,1986-06-24,M,VISAKHAPATNAM,62914.5,2016-04-09,143211,106.34,30.0,21-30,1,One-Time Customer
T454010,C6018655,1989-01-01,M,LOHARADAGA,6826.75,2016-08-21,74608,146.0,28.0,21-30,1,One-Time Customer
T81404,C3542177,1993-11-02,M,MEHSANA,22310.88,2016-01-08,125815,84.0,22.0,21-30,1,One-Time Customer
T825582,C2413538,1987-12-21,F,GURGAON,91.24,2016-04-09,174917,256.0,28.0,21-30,1,One-Time Customer
T633927,C5319658,1985-07-05,M,BAREILLY,13620.71,2016-08-29,113458,1698.72,31.0,31-40,1,One-Time Customer
T668475,C7028390,1991-09-15,M,FARIDABAD,4665.24,2016-08-28,135238,50.0,25.0,21-30,1,One-Time Customer
T1025142,C2935358,1996-04-24,F,PALGHAR,240.73,2016-09-13,152527,1265.0,20.0,18-20,1,One-Time Customer
T728645,C7613342,1984-11-06,F,PALGHAR,61726.82,2016-02-09,91249,500.0,31.0,31-40,2,Occasional Customer
T608192,C2419882,1980-09-09,F,BANGALORE,10596.64,2016-08-25,114119,1430.0,36.0,31-40,1,One-Time Customer
T82324,C2818785,1989-10-23,M,MUMBAI,134700.02,2016-01-08,83449,665.71,26.0,21-30,1,One-Time Customer
T804329,C1011744,1992-07-11,M,DELHI,15647.56,2016-05-09,204939,937.0,24.0,21-30,1,One-Time Customer
T825982,C6539224,1987-10-06,M,RANGAREDDY DT,5354.98,2016-04-09,173345,381.1,29.0,21-30,1,One-Time Customer
T373403,C1326622,1990-05-05,M,AHMEDABAD,33233.69,2016-08-13,30358,4878.0,26.0,21-30,2,Occasional Customer
T723254,C5133546,,M,BANGALORE,177157.85,2016-03-09,222757,1328.0,,,1,One-Time Customer
T558722,C2017064,1984-10-09,M,NEW DELHI,110.3,2016-08-23,111951,611.0,32.0,31-40,1,One-Time Customer
T1003381,C5120965,1980-05-10,M,PUNE,37552.84,2016-09-14,192852,112.0,36.0,31-40,1,One-Time Customer
T622666,C4234676,1982-05-07,M,BANGALORE,7130.07,2016-08-29,205654,974.0,34.0,31-40,1,One-Time Customer
T729300,C5873083,,M,GURGAON,103965.15,2016-02-09,124336,150.0,,,1,One-Time Customer
T778046,C2430033,1991-10-23,M,MUMBAI,18945.06,2016-06-09,192314,76.0,25.0,21-30,1,One-Time Customer
T565234,C1826877,1980-10-20,M,MUMBAI,240572.6,2016-08-22,142659,730.0,36.0,31-40,1,One-Time Customer
T700688,C6035045,1989-11-02,M,CHENNAI,13471.06,2016-08-30,123814,309.0,27.0,21-30,1,One-Time Customer
T539809,C3636518,1980-12-17,M,GHAZIABAD,87958.54,2016-08-23,204553,1715.0,36.0,31-40,2,Occasional Customer
T463427,C4824856,1985-10-15,M,NEW DELHI,49917.94,2016-08-16,232940,1074.0,31.0,31-40,1,One-Time Customer
T18589,C4318692,,F,DELHI,1165515.3,2016-09-26,192109,1400.0,,,2,Occasional Customer
T578458,C7736492,1983-01-12,M,KALYAN,30329.65,2016-08-22,210841,270.0,34.0,31-40,1,One-Time Customer
T892,C7128585,1988-09-28,M,BANGALORE,13384.54,2016-10-21,211435,200.0,28.0,21-30,2,Occasional Customer
T634529,C3933073,1977-05-18,M,BANGALORE,52177.45,2016-08-29,200953,391.0,39.0,31-40,2,Occasional Customer
T461072,C6710535,1987-11-11,M,BAHADURGARH,190.34,2016-08-21,155712,25000.0,29.0,21-30,2,Occasional Customer
T592050,C2197635,1981-11-28,F,PUNE,151241.71,2016-08-27,210700,474.0,35.0,31-40,1,One-Time Customer
T944180,C5522050,1987-03-16,M,AHMADNAGAR,70.98,2016-11-09,203850,156.0,30.0,21-30,2,Occasional Customer
T784925,C6140877,1986-08-07,M,BHARATPUR,40336.32,2016-06-09,150502,395.0,30.0,21-30,1,One-Time Customer
T988821,C4421448,1980-11-27,M,GURGAON,235883.89,2016-09-15,230317,9699.0,36.0,31-40,2,Occasional Customer
T54136,C4838870,1987-07-01,M,NEW DELHI,33973.75,2016-03-08,193127,500.0,29.0,21-30,2,Occasional Customer
T430772,C4024965,1986-07-15,M,PANTNAGAR,41665.26,2016-08-17,173432,450.0,30.0,21-30,1,One-Time Customer
T582526,C7535754,1979-01-12,M,GURGAON,8550.89,2016-08-27,175740,200.73,38.0,31-40,3,Occasional Customer
T761892,C4622722,1982-10-05,F,MUMBAI,46477.53,2016-01-09,132454,1436.0,33.0,31-40,3,Occasional Customer
T899288,C8965785,1992-08-22,F,NEW DELHI,98402.26,2016-12-09,162950,1149.0,24.0,21-30,1,One-Time Customer
T487264,C6439124,1987-02-10,F,GURGAON,25660.55,2016-08-20,144542,702.0,30.0,21-30,2,Occasional Customer
T728563,C3210955,1989-03-20,M,THANE,6664.52,2016-02-09,123245,450.0,27.0,21-30,1,One-Time Customer
T666663,C3836442,1978-08-13,M,CHANDIGARH,15921.31,2016-08-28,231208,390.0,38.0,31-40,1,One-Time Customer
T873076,C8175742,1990-01-13,M,UDAIPUR,14025.55,2016-08-09,192817,175.0,27.0,21-30,1,One-Time Customer
T443413,C2332622,,M,GHAZIABAD,10292.63,2016-08-16,100307,125.0,,,2,Occasional Customer
T9430,C5772452,,M,MUMBAI,36331.44,2016-09-25,214358,515.0,,,2,Occasional Customer
T363617,C2814874,1991-09-16,M,JHAJJAR,31256.26,2016-08-13,3142,200.0,25.0,21-30,1,One-Time Customer
T1016642,C4915462,1985-10-18,M,FARIDABAD,17227.5,2016-09-13,180302,369.0,31.0,31-40,1,One-Time Customer
T533194,C2038414,1983-05-16,F,CHENNAI,101423.27,2016-08-24,195952,850.0,33.0,31-40,1,One-Time Customer
T11320,C1824221,,M,HOWRAH,159.6,2016-09-25,223435,10.0,,,1,One-Time Customer
T1013851,C5786764,1993-03-31,M,KHAMMAM,17428.23,2016-09-14,213946,360.5,23.0,21-30,1,One-Time Customer
T131388,C6218812,1993-05-04,M,KANPUR,6363.53,2016-06-08,145007,234.0,23.0,21-30,1,One-Time Customer
T421148,C4453734,,F,NEW DELHI,229609.48,2016-08-17,172032,299.0,,,1,One-Time Customer
T739344,C6235662,1985-08-24,M,BANGALORE,434066.69,2016-02-09,153022,899.0,30.0,21-30,1,One-Time Customer
T226530,C7031540,1991-02-23,M,MUMBAI,43272.64,2016-07-08,132737,225.0,25.0,21-30,2,Occasional Customer
T349476,C1736238,,M,BANGALORE,83890.73,2016-08-14,30950,50.0,,,3,Occasional Customer
T389614,C1412950,1989-04-28,M,AURANGABAD,5627.73,2016-08-13,213312,658.0,27.0,21-30,1,One-Time Customer
T260600,C7280953,1987-09-05,M,NEW DELHI,4331.24,2016-12-08,122909,200.0,29.0,21-30,1,One-Time Customer
T43948,C1829857,1981-12-05,M,BANGALORE,13827.68,2016-03-08,92743,175.0,34.0,31-40,2,Occasional Customer
T876632,C5731673,,M,MUMBAI,52404.99,2016-08-09,232204,500.0,,,1,One-Time Customer
T61533,C4321981,,M,CITY PO BANGALORE,0.0,2016-02-08,65628,100.0,,,1,One-Time Customer
T179094,C6054034,1981-07-01,M,MUMBAI,71.4,2016-04-08,214420,2220.4,35.0,31-40,1,One-Time Customer
T944810,C2322033,1987-03-16,M,AHMADNAGAR,70.98,2016-11-09,203528,29.0,30.0,21-30,1,One-Time Customer
T64963,C3636645,1976-05-05,M,BANGALORE,18683.14,2016-02-08,123112,5841.0,40.0,31-40,1,One-Time Customer
T922760,C7124336,1997-02-22,F,SILCHAR,2910.52,2016-11-09,1313,98.0,20.0,18-20,1,One-Time Customer
T559392,C6819574,,M,GURGAON,15818.65,2016-08-22,232833,1200.0,,,1,One-Time Customer
T413846,C1112683,1990-07-24,M,GAYA,68859.84,2016-08-18,182348,49.0,26.0,21-30,1,One-Time Customer
T569557,C5835059,1986-10-12,F,KOLKATA,5667.61,2016-08-27,154008,779.0,30.0,21-30,1,One-Time Customer
T319432,C7532179,1992-01-01,M,BAHADURGARH,3203.85,2016-10-08,213609,200.0,25.0,21-30,1,One-Time Customer
T38017,C4213085,1990-10-22,M,GOPALPURI TALUKA-ANJAR GANDHIDHAM,28684.46,2016-09-27,2345,97.0,26.0,21-30,1,One-Time Customer
T440108,C3876220,1988-09-19,F,PUNE,5407.43,2016-08-16,60815,1270.0,28.0,21-30,1,One-Time Customer
T522779,C6529931,1991-04-01,M,SURAT,91.04,2016-08-24,121749,1908.4,25.0,21-30,1,One-Time Customer
T78109,C4221136,1983-10-10,M,NAVI MUMBAI,100569.66,2016-02-08,203035,17723.0,32.0,31-40,1,One-Time Customer
T583299,C5921779,,M,BHOPAL,59102.61,2016-08-23,152654,2400.0,,,2,Occasional Customer
T899761,C3723035,1991-05-30,F,NEW DELHI,42392.69,2016-07-09,91557,246.62,25.0,21-30,1,One-Time Customer
T82883,C1723958,1990-01-03,M,CHANDIGARH,163073.38,2016-01-08,51220,531.5,26.0,21-30,1,One-Time Customer
T107440,C2013046,1982-05-22,M,BANGALORE,35635.51,2016-06-08,135211,1706.3,34.0,31-40,1,One-Time Customer
T256548,C5341739,,F,PALI,67.55,2016-12-08,144623,100.0,,,1,One-Time Customer
T574831,C8620980,1992-02-02,M,GURGAON,19446.87,2016-08-22,182149,213.9,25.0,21-30,1,One-Time Customer
T865875,C2321853,2001-08-18,M,KANPUR,9504.66,2016-08-09,124535,1048.0,,,2,Occasional Customer
T76837,C2724365,1997-09-03,M,JAIPUR,503.67,2016-02-08,202921,130.0,18.0,18-20,1,One-Time Customer
T912885,C5833565,1980-05-02,F,LUDHIANA,24748.73,2016-12-09,42141,25.0,37.0,31-40,1,One-Time Customer
T462326,C2687267,,M,WHARF RESTAURNT BANGALORE,765556.07,2016-08-21,165659,690.0,,,1,One-Time Customer
T199743,C1816264,1986-02-20,M,SCHOOL BANGALORE,17865.66,2016-09-08,213904,300.0,31.0,31-40,1,One-Time Customer
T448424,C7164687,1990-10-08,F,AURANGABAD,25315.1,2016-08-16,175738,300.0,26.0,21-30,1,One-Time Customer
T460047,C7419374,1989-02-25,F,DELHI,238553.41,2016-08-21,121951,900.0,27.0,21-30,1,One-Time Customer
T109501,C5536721,1990-12-07,M,SURENDRANAGAR,11322.68,2016-01-08,221403,870.0,25.0,21-30,2,Occasional Customer
T960857,C1513911,1979-06-12,M,GHAZIPUR,305447.78,2016-10-09,183725,2200.0,37.0,31-40,1,One-Time Customer
T247825,C8727380,1983-11-08,M,AHMEDABAD,17121.47,2016-07-08,210806,1022.72,33.0,31-40,2,Occasional Customer
T838811,C7116790,1994-02-04,M,BANGALORE,7987.23,2016-09-09,170718,53.0,23.0,21-30,1,One-Time Customer
T655508,C6679827,1979-06-24,F,MUMBAI,1016584.39,2016-08-28,173932,1755.55,37.0,31-40,1,One-Time Customer
T535179,C5122327,1994-09-26,M,SAMASTIPUR,11508.08,2016-08-23,202506,143.0,22.0,21-30,1,One-Time Customer
T364072,C5328921,1986-09-27,M,BAMBOLIM,132.43,2016-08-14,235134,4002.0,30.0,21-30,1,One-Time Customer
T840004,C8141043,1991-03-15,M,BANGALORE,56.67,2016-09-09,174115,500.0,25.0,21-30,1,One-Time Customer
T687186,C3626127,1990-03-13,M,DELHI,20540.23,2016-08-31,220138,800.0,26.0,21-30,1,One-Time Customer
T961449,C7932790,1992-10-27,M,BANGALORE,49371.72,2016-10-09,143359,100.0,24.0,21-30,2,Occasional Customer
T815116,C7022830,1990-09-30,F,BANGALORE,132.68,2016-04-09,233521,240.0,26.0,21-30,2,Occasional Customer
T384088,C4041583,1982-07-19,M,NEW DELHI,2605669.24,2016-08-13,145124,2000.0,34.0,31-40,1,One-Time Customer
T1034154,C1924021,1987-04-27,M,GURGAON,13655.49,2016-09-18,181102,2000.0,29.0,21-30,3,Occasional Customer
T115623,C1152185,1989-01-04,F,WEST GODAVARI,24405.39,2016-06-08,144700,161.0,27.0,21-30,2,Occasional Customer
T867634,C7140033,1985-09-30,M,THANE,6791.42,2016-08-09,160458,140.0,31.0,31-40,1,One-Time Customer
T809411,C6920177,1995-03-03,M,MUMBAI,9492.15,2016-04-09,203458,10.0,21.0,21-30,1,One-Time Customer
T226695,C5021833,,M,GURGAON,166984.29,2016-08-08,224445,3365.03,,,1,One-Time Customer
T1018714,C4412392,1986-11-11,M,MUMBAI,23069.3,2016-09-14,122258,100.0,30.0,21-30,1,One-Time Customer
T352975,C5117521,1987-10-30,M,CHANDIGARH,5547.45,2016-08-14,172430,100.0,29.0,21-30,1,One-Time Customer
T458099,C8612250,1978-04-21,M,DELHI,652500.87,2016-08-21,24912,5181.0,38.0,31-40,2,Occasional Customer
T101867,C5238545,1984-08-31,M,PATAN (GUJARAT),4718.65,2016-01-08,185019,199.0,31.0,31-40,1,One-Time Customer
T979700,C1628732,1988-07-31,M,POLLACHI,10129.33,2016-09-15,110251,200.0,28.0,21-30,2,Occasional Customer
T1036501,C6125567,1991-10-20,F,DIBRUGARH,5842.66,2016-09-18,150630,128.0,25.0,21-30,1,One-Time Customer
T105270,C2426078,1985-04-18,M,PUNE,12093.32,2016-01-08,211700,100.0,31.0,31-40,1,One-Time Customer
T1041061,C4231137,1985-05-07,M,MUMBAI,262730.32,2016-09-18,130529,690.0,31.0,31-40,1,One-Time Customer
T683147,C8258550,1987-12-22,M,GURGAON,3006.01,2016-08-31,210812,20.0,29.0,21-30,1,One-Time Customer
T441221,C7128053,1981-10-29,M,GURGAON,948.57,2016-08-16,81346,1060.0,35.0,31-40,1,One-Time Customer
T493504,C1439746,1978-06-25,M,THANE,88153.63,2016-08-20,152627,14401.0,38.0,31-40,1,One-Time Customer
T1004188,C4822260,,F,KOLKATA,25088.36,2016-09-14,164144,441.9,,,2,Occasional Customer
T540109,C1285855,1991-05-15,F,KARNAL,3297.2,2016-08-22,10036,124.0,25.0,21-30,1,One-Time Customer
T70804,C5130650,1992-12-06,F,PASCHIM MEDINIPUR,8368.46,2016-02-08,184224,1071.0,23.0,21-30,1,One-Time Customer
T77218,C6911569,,M,NEW DELHI,1717.56,2016-02-08,203202,500.0,,,2,Occasional Customer
T141374,C3247228,1989-03-15,M,NEW DELHI,24717.04,2016-05-08,142131,250.0,27.0,21-30,1,One-Time Customer
T270720,C4565565,1986-04-10,F,FARIDABAD,17310.05,2016-12-08,222339,3855.0,31.0,31-40,1,One-Time Customer
T739691,C6724415,1987-08-16,M,BANGALORE,9429.95,2016-02-09,211419,240.0,28.0,21-30,1,One-Time Customer
T636584,C3316488,1988-08-28,F,DELHI,18510.02,2016-08-25,231314,60.0,28.0,21-30,1,One-Time Customer
T322876,C3623360,1993-07-18,M,GAUTAM BUDDHA NAGAR,2573.73,2016-10-08,222916,27.0,23.0,21-30,1,One-Time Customer
T278143,C1915653,1976-11-25,M,VIYYUR THRISSUR,4038.96,2016-12-08,222017,215.0,40.0,31-40,1,One-Time Customer
T560524,C6221664,1989-01-15,M,NOIDA,39912.7,2016-08-22,164415,23.0,28.0,21-30,4,Occasional Customer
T64717,C2216672,,F,FARIDABAD,24984.48,2016-02-08,82941,1838.0,,,1,One-Time Customer
T210755,C2632262,1990-01-08,M,VISAKHAPATNAM,288.9,2016-03-09,134416,220.0,26.0,21-30,1,One-Time Customer
T210844,C2035861,1994-07-07,F,NOIDA,136304.16,2016-03-09,135456,308.0,22.0,21-30,1,One-Time Customer
T1026331,C5624411,,M,CHENNAI,8994.32,2016-09-13,134531,565.0,,,1,One-Time Customer
T1037142,C2819282,1989-10-30,M,MUMBAI,10372.89,2016-09-18,135515,700.0,27.0,21-30,2,Occasional Customer
T710889,C6845379,1990-12-05,M,ALLEPPEY,19954.51,2016-03-09,93728,300.0,25.0,21-30,1,One-Time Customer
T705429,C6118925,1976-12-12,M,MUMBAI,24119.53,2016-08-31,145318,100.0,40.0,31-40,2,Occasional Customer
T498510,C7918128,1991-12-15,M,NOIDA,33251.59,2016-08-20,190857,910.0,25.0,21-30,1,One-Time Customer
T318427,C4942355,1985-01-11,M,PUNE,26584.03,2016-10-08,205713,161.4,32.0,31-40,2,Occasional Customer
T103168,C6711458,,M,CHENNAI,23968.42,2016-01-08,220059,240.0,,,1,One-Time Customer
T108827,C3325492,,M,MUMBAI,898.8,2016-06-08,134440,625.0,,,1,One-Time Customer
T534131,C3694556,1983-04-30,F,NOIDA,3490.45,2016-08-24,204517,1088.0,33.0,31-40,1,One-Time Customer
T644628,C7210076,1992-03-01,M,BANGALORE,3481.82,2016-08-25,123519,1400.0,24.0,21-30,1,One-Time Customer
T987406,C1426134,1993-01-08,M,NOIDA,1654.14,2016-09-15,74906,30.0,24.0,21-30,1,One-Time Customer
T85468,C7839433,1991-05-16,M,BANGALORE,4351.83,2016-01-08,154347,1147.0,25.0,21-30,1,One-Time Customer
T720379,C2915151,1991-07-28,M,DELHI,23194.43,2016-03-09,201746,100.0,25.0,21-30,1,One-Time Customer
T661703,C1423189,1994-05-21,F,MURSHIDABAD,15976.13,2016-08-31,55657,100.0,22.0,21-30,2,Occasional Customer
T1046475,C7727338,1991-10-19,M,PUNE,4460.34,2016-09-18,101708,70.0,25.0,21-30,2,Occasional Customer
T479007,C8936730,,M,MOHALI,45334.52,2016-08-21,232304,2000.0,,,5,Occasional Customer
T220000,C3729927,1983-04-15,M,DELHI,0.0,2016-08-08,195636,650.0,33.0,31-40,1,One-Time Customer
T503775,C8642122,1993-03-26,M,JORHAT,1282.06,2016-08-19,150947,791.26,23.0,21-30,1,One-Time Customer
T58897,C8827736,1991-06-07,M,BANGALORE,4329.54,2016-03-08,213941,140.0,25.0,21-30,1,One-Time Customer
T351328,C1525651,,F,MUMBAI,4992.67,2016-08-14,131631,1304.0,,,1,One-Time Customer
T301553,C4228173,,M,GURGAON,483.76,2016-10-08,103901,700.0,,,1,One-Time Customer
T947028,C6931887,1988-09-14,M,NEW DELHI,40149.27,2016-11-09,205046,354.0,28.0,21-30,2,Occasional Customer
T787532,C5254689,1991-03-31,M,GHAZIABAD,80505.98,2016-06-09,100227,107.52,25.0,21-30,1,One-Time Customer
T569514,C5437729,1988-01-12,M,MUMBAI,15.5,2016-08-27,62000,22.53,29.0,21-30,1,One-Time Customer
T174478,C7220791,,M,MUMBAI,8490.87,2016-04-08,201918,600.0,,,1,One-Time Customer
T908399,C8014437,,F,BANGALORE,25540.79,2016-12-09,144211,549.0,,,1,One-Time Customer
T280517,C3055016,1994-06-02,M,WARANGAL,15201.29,2016-11-08,133033,50.0,22.0,21-30,1,One-Time Customer
T147366,C1213837,1994-07-28,M,DELHI,72618.44,2016-05-08,144803,350.0,22.0,21-30,2,Occasional Customer
T1019717,C7731562,1991-03-09,M,RATNAGIRI CHIPLUN,17747.57,2016-09-13,200637,210.0,26.0,21-30,1,One-Time Customer
T227462,C8625021,1988-03-15,M,KANPUR,279983.54,2016-08-08,220514,40000.0,28.0,21-30,1,One-Time Customer
T233867,C6932265,,F,DELHI,14979.6,2016-07-08,141122,2934.0,,,1,One-Time Customer
T716340,C7674138,1988-06-11,M,DELHI,88.05,2016-03-09,203550,110.0,28.0,21-30,1,One-Time Customer
T578545,C3066972,1989-08-07,M,NAVI MUMBAI,13511.37,2016-08-27,133336,50.0,27.0,21-30,1,One-Time Customer
T101808,C4012737,,F,MUMBAI,70007.15,2016-01-08,182159,250.0,,,1,One-Time Customer
T763252,C3340958,1993-12-22,F,GHAZIABAD,20469.13,2016-01-09,140801,148.0,22.0,21-30,1,One-Time Customer
T165858,C4950673,1987-06-15,M,VISAKHAPATNAM,100001.21,2016-04-08,20200,2.0,29.0,21-30,1,One-Time Customer
T591441,C7331920,,M,NEW DELHI,18329.72,2016-08-27,221816,750.0,,,1,One-Time Customer
T425284,C3639520,1992-12-27,F,AJMER,88783.53,2016-08-17,195509,329.0,24.0,21-30,1,One-Time Customer
T536071,C5214132,,M,KOLKATA,23896.6,2016-08-22,114351,405.0,,,1,One-Time Customer
T68557,C1176533,1991-07-20,M,BANGALORE,13567.9,2016-02-08,151226,640.0,25.0,21-30,1,One-Time Customer
T117816,C7935136,1988-01-27,F,HYDERABAD,57780.9,2016-06-08,161502,2041.0,28.0,21-30,1,One-Time Customer
T693734,C7335272,,F,THANE,26779.8,2016-08-31,221947,744.83,,,1,One-Time Customer
T238084,C2520014,1991-05-23,F,NEW DELHI,1157534.91,2016-07-08,171325,171.83,25.0,21-30,1,One-Time Customer
T273637,C5722864,1990-05-11,F,CHENNAI,5625.51,2016-12-08,213305,1098.65,27.0,21-30,1,One-Time Customer
T229726,C4390077,1983-01-01,M,HOSPITAL THANE WEST,22394.68,2016-07-08,120933,660.0,34.0,31-40,1,One-Time Customer
T640247,C6516348,1985-09-28,M,NEW DELHI,101436.34,2016-08-29,141455,300.0,31.0,31-40,1,One-Time Customer
T636054,C6334870,1992-08-22,M,MUMBAI,10074.33,2016-08-29,120720,285.0,24.0,21-30,2,Occasional Customer
T316510,C5133956,1983-08-28,M,MUMBAI,158995.54,2016-08-15,74637,1040.0,33.0,31-40,1,One-Time Customer
T125620,C4666527,1993-07-14,M,NEW DELHI,101208.81,2016-06-08,191550,6340.0,23.0,21-30,1,One-Time Customer
T480464,C3542274,1992-08-15,M,AHMEDABAD,27263.7,2016-08-20,3535,1300.0,24.0,21-30,1,One-Time Customer
T957747,C6842225,1991-05-27,M,CHANDIGARH,14785.76,2016-10-09,194726,380.0,25.0,21-30,1,One-Time Customer
T123182,C9021921,1988-12-08,M,GANDHINAGAR,3238.96,2016-06-08,192051,369.0,27.0,21-30,2,Occasional Customer
T760468,C7236474,,M,GHAZIABAD,119474.04,2016-01-09,155229,6500.0,,,2,Occasional Customer
T66946,C8265422,1993-02-26,M,KRISHNA DISTRICT,3419.91,2016-02-08,105604,100.0,23.0,21-30,1,One-Time Customer
T299093,C4128179,1995-02-10,M,EAST CHAMPARAN,118.59,2016-10-08,55400,590.0,22.0,21-30,1,One-Time Customer
T305041,C5529890,1985-07-05,M,CHANDIGARH,59691.05,2016-10-08,114341,710.0,31.0,31-40,1,One-Time Customer
T1007243,C6232551,1988-10-10,F,DELHI,320527.67,2016-09-14,202649,1386.0,28.0,21-30,1,One-Time Customer
T214521,C7237946,1981-07-18,M,HYDERABAD,247.68,2016-08-08,202136,48.0,35.0,31-40,1,One-Time Customer
T14706,C5839158,1990-07-22,M,DELHI,33667.82,2016-09-26,155530,612.0,26.0,21-30,2,Occasional Customer
T541557,C4739749,1988-04-21,M,TALIPARAMBA,37286.4,2016-08-24,192642,49.0,28.0,21-30,2,Occasional Customer
T246470,C5842654,,M,CHANDIGARH,145474.84,2016-07-08,225530,1680.0,,,1,One-Time Customer
T607184,C6233911,1989-06-26,M,ROHTAK,11629.1,2016-08-25,105702,50.0,27.0,21-30,1,One-Time Customer
T592480,C1111449,1978-01-03,F,NAVI MUMBAI,519875.43,2016-08-25,130724,1500.0,39.0,31-40,2,Occasional Customer
T740827,C1164826,,M,KOLKATA,107472.66,2016-02-09,203401,110.0,,,1,One-Time Customer
T305756,C8121742,1983-07-02,M,KOTTAYAM,269.53,2016-10-08,122139,448.92,33.0,31-40,2,Occasional Customer
T912004,C7512628,1990-03-04,F,THANE,505233.71,2016-12-09,100300,300.0,27.0,21-30,3,Occasional Customer
T845012,C5831591,1994-03-19,F,DELHI,17.44,2016-09-09,152134,40.0,22.0,21-30,2,Occasional Customer
T857211,C4382372,1990-03-02,M,JAIPUR,5953.54,2016-08-09,1930,1000.0,26.0,21-30,1,One-Time Customer
T85451,C6635691,1986-02-21,M,CHENNAI,91348.64,2016-01-08,144818,100.0,30.0,21-30,1,One-Time Customer
T927648,C4229116,,F,PANIPAT,31389.23,2016-11-09,142058,701.0,,,1,One-Time Customer
T83523,C8918641,,M,OPP HERITAGE BANGALORE,3458666.34,2016-01-08,15837,1999.0,,,1,One-Time Customer
T575441,C5794158,,M,LUDHIANA,183415.82,2016-08-22,223443,1500.0,,,1,One-Time Customer
T939623,C2238636,1988-01-06,F,JAIPUR,20725.31,2016-11-09,165334,40000.0,29.0,21-30,2,Occasional Customer
T582530,C7329280,1989-02-03,M,HUKERI,14523.43,2016-08-27,134036,99.0,28.0,21-30,2,Occasional Customer
T465260,C4814919,1987-06-29,M,CHENNAI,10453.99,2016-08-21,191947,745.0,29.0,21-30,1,One-Time Customer
T906669,C8516862,1986-12-24,M,MOHALI,79664.99,2016-12-09,124956,439.0,30.0,21-30,1,One-Time Customer
T688322,C5328383,1992-12-06,F,FARIDABAD,61438.17,2016-08-30,201247,50.0,24.0,21-30,2,Occasional Customer
T268724,C5625763,1993-10-15,M,BANGALORE,19488.53,2016-12-08,190758,1641.0,23.0,21-30,1,One-Time Customer
T1001913,C5031767,1991-11-01,F,DELHI,127420.9,2016-09-14,152916,30.0,25.0,21-30,2,Occasional Customer
T575915,C4428272,1990-06-09,M,NOIDA,20992.75,2016-08-22,222007,200.0,26.0,21-30,1,One-Time Customer
T773462,C7641269,1980-05-17,M,THANE,6045.62,2016-06-09,232953,300.0,36.0,31-40,1,One-Time Customer
T89034,C2422737,1990-03-05,M,HYDERABAD,16537.65,2016-01-08,165417,222.0,26.0,21-30,1,One-Time Customer
T62588,C6415367,,F,BANGALORE,365749.25,2016-02-08,85134,2000.0,,,1,One-Time Customer
T899047,C7031977,1979-11-08,M,AHMEDABAD,0.0,2016-07-09,104332,1390.0,37.0,31-40,1,One-Time Customer
T942749,C6422726,1988-11-16,M,BAREILLY,3015.7,2016-11-09,181928,111.0,28.0,21-30,1,One-Time Customer
T852778,C1425715,1987-06-15,M,MOHALI,2382.34,2016-09-09,190105,1500.0,29.0,21-30,1,One-Time Customer
T483188,C3177817,1993-12-06,M,UDAIPUR,103.22,2016-08-21,204008,76.0,23.0,21-30,1,One-Time Customer
T769833,C2513773,1993-09-16,M,MUMBAI,121915.04,2016-01-09,503,700.0,22.0,21-30,1,One-Time Customer
T585326,C2929117,1985-04-07,F,DELHI,9262.48,2016-08-22,221824,935.0,31.0,31-40,2,Occasional Customer
T572621,C8428133,1993-09-25,F,BANGALORE,12540.01,2016-08-22,185724,353.0,23.0,21-30,1,One-Time Customer
T487445,C8315368,1986-08-10,M,NEW DELHI,6310.43,2016-08-20,131902,360.0,30.0,21-30,2,Occasional Customer
T587611,C6284370,1989-01-09,F,MUMBAI,5742.34,2016-08-27,211011,1098.0,28.0,21-30,1,One-Time Customer
T324551,C6521742,1987-08-14,M,DELHI,449.67,2016-08-15,161023,753.0,29.0,21-30,1,One-Time Customer
T215089,C5237855,1990-05-07,M,BANGALORE,12883.11,2016-08-08,204616,235.0,26.0,21-30,2,Occasional Customer
T587474,C5638175,1978-06-30,M,CHENNAI,23662.57,2016-08-23,145021,236.0,38.0,31-40,1,One-Time Customer
T835836,C1530091,1995-08-07,M,AMBALA,1696.76,2016-04-09,95400,80.0,21.0,21-30,1,One-Time Customer
T674756,C6935392,1986-06-17,M,BANGLAORE,34969.07,2016-08-28,141823,129.0,30.0,21-30,2,Occasional Customer
T309130,C7436171,,M,MUMBAI,46148.84,2016-10-08,182354,122.3,,,2,Occasional Customer
T355136,C4716920,,F,DELHI,42087.03,2016-08-14,145852,1050.0,,,1,One-Time Customer
T967814,C8242290,,M,NEW DELHI,223440.53,2016-10-09,141809,1880.0,,,1,One-Time Customer
T540896,C3840451,1993-06-10,M,MUMBAI,15.91,2016-08-23,112101,490.0,23.0,21-30,1,One-Time Customer
T5796,C4523177,1981-12-14,M,MUZAFFARNAGAR,69990.42,2016-09-22,94020,500.0,35.0,31-40,2,Occasional Customer
T47904,C8535930,1991-01-30,M,BANGALORE,2211.92,2016-03-08,143209,200.0,25.0,21-30,2,Occasional Customer
T347745,C5310617,1979-07-26,M,DELHI,9101.3,2016-08-15,235437,1500.0,37.0,31-40,1,One-Time Customer
T207165,C2689223,1981-12-08,M,PANVEL,15115.77,2016-08-08,124247,50.0,35.0,31-40,1,One-Time Customer
T553979,C4935672,1991-01-02,M,PUNE,0.18,2016-08-23,181827,300.0,26.0,21-30,1,One-Time Customer
T712837,C6218723,1982-12-12,M,SRIGANGANAGAR,491203.42,2016-03-09,181056,4790.0,33.0,31-40,2,Occasional Customer
T700288,C3727622,1990-02-21,F,WEST DELHI,4468.56,2016-08-30,95042,96.0,27.0,21-30,2,Occasional Customer
T82127,C3618677,,M,OFFICE BANGALORE,69333.61,2016-02-08,231103,1544.0,,,1,One-Time Customer
T901747,C8121425,1982-06-26,M,GURGAON,41611.56,2016-07-09,22227,2578.5,34.0,31-40,1,One-Time Customer
T578875,C5221824,1976-07-23,M,MEERUT,20975.01,2016-08-27,161736,2364.0,40.0,31-40,2,Occasional Customer
T288458,C8420944,1982-06-01,M,CHANDIGARH,24348.91,2016-11-08,165347,2200.0,34.0,31-40,1,One-Time Customer
T499370,C3211259,1991-03-18,M,NEW DELHI,26278.45,2016-08-20,205728,221.0,25.0,21-30,1,One-Time Customer
T943520,C5240851,1995-07-26,F,BANGALORE,7009.28,2016-11-09,211433,40.0,21.0,21-30,1,One-Time Customer
T189658,C8830649,,M,SHERI KALYANI NAGAR PUNE,89349.59,2016-09-08,170738,300.0,,,1,One-Time Customer
T832029,C7730251,1990-10-14,M,UJJAIN,5030.77,2016-04-09,125148,101.0,25.0,21-30,1,One-Time Customer
T8176,C7426573,1977-08-12,F,BAREILLY,1912.76,2016-09-25,191929,240.0,39.0,31-40,2,Occasional Customer
T826309,C4630023,,F,KANPUR,13870.18,2016-04-09,151642,795.0,,,2,Occasional Customer
T1028519,C5538373,1991-05-02,M,FARIDABAD,2676.65,2016-09-13,162544,702.0,25.0,21-30,1,One-Time Customer
T84621,C6728416,1985-08-15,M,GHAZIABAD,15756.79,2016-02-08,211559,300.0,30.0,21-30,2,Occasional Customer
T982959,C1915850,1979-06-27,F,DAMAN,51919.75,2016-09-15,130048,899.0,37.0,31-40,1,One-Time Customer
T975067,C3927619,,M,HYDERABAD,926390.7,2016-09-15,133733,90.0,,,1,One-Time Customer
T401814,C4029632,1992-08-22,F,GURGAON,4266.15,2016-08-18,94926,139.0,24.0,21-30,1,One-Time Customer
T708961,C3427480,1991-04-05,F,BULANDSHAHR,218472.63,2016-03-09,165628,1295.0,25.0,21-30,1,One-Time Customer
T417756,C2825978,1990-07-17,M,DOMBIVALI EAST,51.47,2016-08-18,223016,900.0,26.0,21-30,2,Occasional Customer
T177040,C6811716,1992-07-11,M,DELHI,15647.56,2016-09-08,21944,200.0,24.0,21-30,1,One-Time Customer
T1030661,C1131247,1986-11-25,M,NEW DELHI,55228.26,2016-09-13,113846,200.0,30.0,21-30,1,One-Time Customer
T210443,C8028112,,M,AMBALA CANTT,102204.43,2016-03-09,144530,986.0,,,1,One-Time Customer
T876517,C5218615,1988-07-13,M,NOIDA,8963.43,2016-08-09,193325,1349.0,28.0,21-30,1,One-Time Customer
T950631,C1732071,,M,PATIALA,244556.17,2016-10-09,202910,299.0,,,2,Occasional Customer
T866506,C2142452,,M,DELHI,25944.34,2016-08-09,162641,1033.85,,,1,One-Time Customer
T765114,C1930746,1988-10-10,M,VARANASI,1.18,2016-01-09,123454,10.0,27.0,21-30,1,One-Time Customer
T943828,C6815219,1991-05-26,F,GURGAON,15464.49,2016-11-09,212500,403.0,25.0,21-30,1,One-Time Customer
T41181,C7614355,1993-10-08,F,KRISHNA,4302.53,2016-09-27,213222,651.0,23.0,21-30,1,One-Time Customer
T698692,C6028535,1988-10-24,F,HOWRAH,4519.27,2016-08-30,204342,497.0,28.0,21-30,1,One-Time Customer
T572089,C1115961,1994-01-25,M,JAIPUR,302.86,2016-08-22,122905,30.0,23.0,21-30,1,One-Time Customer
T861979,C7910732,1983-01-05,M,KANGRA,15489.25,2016-08-09,112831,49.0,34.0,31-40,2,Occasional Customer
T142498,C2723714,1987-05-20,M,PUNE,4479.84,2016-05-08,173353,200.0,29.0,21-30,1,One-Time Customer
T237296,C1914646,1991-07-01,M,GUNA,256704.36,2016-07-08,153237,1053.0,25.0,21-30,1,One-Time Customer
T318834,C4729117,1987-01-04,M,VISAKHAPATNAM,305583.81,2016-08-15,112420,291.0,30.0,21-30,2,Occasional Customer
T733622,C8012486,1988-11-16,M,GURGAON,3219.15,2016-02-09,162935,200.0,27.0,21-30,1,One-Time Customer
T233905,C2613471,,M,DELHI,100407.93,2016-07-08,122701,717.0,,,1,One-Time Customer
T593896,C7354090,1986-01-14,M,BAGALKOT,2048.27,2016-08-27,204414,287.0,31.0,31-40,1,One-Time Customer
T492187,C3238570,1992-04-24,M,KANNUR,35313.51,2016-08-20,163822,488.0,24.0,21-30,1,One-Time Customer
T742782,C1438960,1986-10-05,M,AURANGABAD,299938.39,2016-02-09,192959,600.0,29.0,21-30,2,Occasional Customer
T768590,C8820840,,M,VISAKHAPATNAM,91441.95,2016-01-09,62401,11766.0,,,1,One-Time Customer
T343536,C8811483,1984-12-30,M,JAIPUR,38337.55,2016-08-15,205653,1799.0,32.0,31-40,1,One-Time Customer
T316780,C2228291,1987-09-09,F,BURDWAN,111428.91,2016-10-08,223817,1150.0,29.0,21-30,2,Occasional Customer
T979976,C1158254,1986-10-18,F,INDORE,159.76,2016-09-15,111050,300.0,30.0,21-30,1,One-Time Customer
T295675,C1216335,1984-02-25,M,MUMBAI,1068759.32,2016-11-08,201354,750.0,33.0,31-40,1,One-Time Customer
T301737,C7521642,,M,KAPASHERA,61081.84,2016-10-08,120240,2096.0,,,1,One-Time Customer
T172888,C2739462,1989-07-30,F,MANGALORE,3471.76,2016-09-08,12232,500.0,27.0,21-30,1,One-Time Customer
T242138,C7961218,1976-05-06,M,GURGAON,288161.79,2016-07-08,170932,1500.0,40.0,31-40,1,One-Time Customer
T415827,C3335722,1995-08-05,M,SRIPERUMBUDUR,6555.64,2016-08-17,83938,10.0,21.0,21-30,3,Occasional Customer
T272560,C3722334,1987-01-21,F,MUMBAI,23533.38,2016-12-08,194518,664.5,30.0,21-30,1,One-Time Customer
T798207,C5085020,,M,GREATER NOIDA,67196.23,2016-05-09,175659,218.0,,,2,Occasional Customer
T252703,C7216863,1994-11-26,F,NAKODAR,21770.87,2016-07-08,231802,1008.63,22.0,21-30,1,One-Time Customer
T161913,C1915753,1993-04-11,F,THANE,1101.92,2016-04-08,160934,20.0,23.0,21-30,2,Occasional Customer
T414582,C6337935,1989-11-05,M,HOSANAGARA,125.24,2016-08-17,72418,995.0,27.0,21-30,2,Occasional Customer
T219640,C7742451,1976-05-07,M,BAREILLY,67053.47,2016-08-08,133637,930.0,40.0,31-40,1,One-Time Customer
T1000366,C5230037,1989-02-18,M,K V RANGAREDDY,919.32,2016-09-14,135709,201.73,28.0,21-30,1,One-Time Customer
T262961,C2120829,1989-09-25,M,DELHI,14391.41,2016-12-08,171103,103.0,27.0,21-30,1,One-Time Customer
T443106,C4019550,1991-03-16,F,CHENNAI,198.89,2016-08-16,150010,441.5,25.0,21-30,1,One-Time Customer
T1030899,C2130543,1993-03-03,M,SINDHUDURG - DISTRICT,35366.96,2016-09-13,104028,36.0,24.0,21-30,1,One-Time Customer
T153671,C4367411,1984-09-12,M,MUMBAI,8967.94,2016-04-08,104034,1499.0,32.0,31-40,1,One-Time Customer
T830460,C8832134,,M,ASHOK NAGAR DHANSAR,8926.7,2016-04-09,112711,418.0,,,2,Occasional Customer
T123524,C6428981,,M,NEW DELHI,266189.7,2016-06-08,164309,1015.0,,,1,One-Time Customer
T846647,C1511615,1992-12-06,M,TIRUPUR,424.31,2016-09-09,94859,50.44,24.0,21-30,1,One-Time Customer
T484528,C1825731,1979-03-14,M,NEW DELHI,16655.26,2016-08-20,143413,200.0,37.0,31-40,1,One-Time Customer
T727473,C3331837,1978-08-15,M,AMRITSAR,108174.07,2016-02-09,123358,123.0,37.0,31-40,2,Occasional Customer
T257621,C6126567,,M,(MOHALI) KHARAR,848.8,2016-12-08,153147,590.0,,,1,One-Time Customer
T385691,C2224650,1992-09-04,F,VISHNUNAGAR THANE,76792.57,2016-08-13,194145,1480.0,24.0,21-30,1,One-Time Customer
T163148,C6739611,,M,PASHUPATI MKT SURAT,111847.0,2016-04-08,131834,2000.0,,,1,One-Time Customer
T639203,C1616635,1982-10-04,F,NEW DELHI,8470.24,2016-08-29,112909,268.0,34.0,31-40,1,One-Time Customer
T232784,C1140675,1989-06-08,M,WARANGAL,8366.52,2016-07-08,163400,397.0,27.0,21-30,1,One-Time Customer
T45528,C4212692,,M,VISAKHAPATNAM,69.39,2016-03-08,110335,300.0,,,2,Occasional Customer
T980430,C8998611,1987-06-01,F,DELHI,79260.58,2016-09-15,123221,2200.0,29.0,21-30,1,One-Time Customer
T517608,C2019245,1986-06-26,M,NAVI MUMBAI,28414.33,2016-08-19,222426,1680.0,30.0,21-30,1,One-Time Customer
T308419,C6436676,1988-09-26,M,LUDHIANA,50833.59,2016-10-08,154058,651.0,28.0,21-30,1,One-Time Customer
T653180,C5462150,1979-01-09,F,KOLKATA,28620.78,2016-08-31,151633,225.0,38.0,31-40,1,One-Time Customer
T543355,C8125681,1990-10-07,M,GURGAON,5045.76,2016-08-24,172036,57.0,26.0,21-30,2,Occasional Customer
T201323,C6738725,1978-06-07,M,PANVEL,118635.63,2016-09-08,210518,375.0,38.0,31-40,1,One-Time Customer
T410664,C8368541,1978-12-18,F,CHENNAI,2594756.6,2016-08-18,171856,6693.0,38.0,31-40,1,One-Time Customer
T883703,C6276788,1991-03-06,M,TIRUVANNAMALAI,3206.1,2016-07-09,225538,500.0,25.0,21-30,2,Occasional Customer
T837421,C3321575,1984-07-04,M,MUMBAI,1215.11,2016-09-09,191139,30.0,32.0,31-40,3,Occasional Customer
T897396,C5032767,1989-09-27,M,PUNE,14584.36,2016-07-09,134036,2832.02,27.0,21-30,1,One-Time Customer
T191143,C8521351,1980-07-18,F,PUNE,2851.93,2016-09-08,164253,4245.51,36.0,31-40,1,One-Time Customer
T152709,C4832557,1990-07-29,M,HYDERABAD,14222.08,2016-05-08,195119,1300.0,26.0,21-30,1,One-Time Customer
T659281,C6521451,1979-11-10,M,RAIGARH (CHHATTISGARH),42930.15,2016-08-28,164425,250.0,37.0,31-40,1,One-Time Customer
T987143,C4028192,,M,NOIDA,33759.54,2016-09-15,204039,450.0,,,1,One-Time Customer
T479609,C2318813,1992-03-27,M,MANSA,401667.61,2016-08-20,132527,952.0,24.0,21-30,1,One-Time Customer
T193596,C1666165,1985-06-17,M,NEW DELHI,11280.99,2016-09-08,203433,1000.0,31.0,31-40,1,One-Time Customer
T274790,C8233513,1993-05-17,M,SONIPAT,12.72,2016-12-08,193110,800.0,24.0,21-30,2,Occasional Customer
T604661,C4589616,,F,CANDOLIM,30799.47,2016-08-26,174109,1659.0,,,1,One-Time Customer
T1019705,C4725080,1989-08-02,M,RAJPURA,3167.49,2016-09-13,213020,7.0,27.0,21-30,1,One-Time Customer
T584994,C6699360,1986-02-03,M,SILIGURI,29017.0,2016-08-23,172622,200.0,31.0,31-40,1,One-Time Customer
T605071,C7818769,,M,BANGALORE,4221.91,2016-08-26,190450,300.0,,,1,One-Time Customer
T201411,C1437487,1977-11-10,M,MUMBAI,34477.58,2016-08-08,132458,660.98,39.0,31-40,2,Occasional Customer
T724627,C1163923,1992-11-04,M,FARIDABAD,457.87,2016-02-09,4758,100.0,23.0,21-30,1,One-Time Customer
T279153,C5316873,1984-11-09,M,NOIDA,21079.16,2016-11-08,20657,569.0,32.0,31-40,1,One-Time Customer
T997557,C8218961,1982-05-24,F,NEW DELHI,9822.75,2016-09-14,143552,250.0,34.0,31-40,1,One-Time Customer
T595843,C6127834,1995-06-27,M,RAJKOT,2208.8,2016-08-25,121554,250.0,21.0,21-30,1,One-Time Customer
T535666,C1933611,1986-07-21,M,MUMBAI,57921.62,2016-08-23,204919,200.0,30.0,21-30,1,One-Time Customer
T323766,C7537941,1994-01-03,M,THANE,20.23,2016-10-08,181116,30.0,23.0,21-30,1,One-Time Customer
T458750,C4036648,1982-02-09,M,CHENNAI,34846.95,2016-08-21,122520,317.0,35.0,31-40,2,Occasional Customer
T820224,C2528183,1976-11-06,M,KOLKATA,8965.83,2016-04-09,184717,2212.0,39.0,31-40,1,One-Time Customer
T430332,C2216919,1992-07-02,M,PARVATIPURAM,19345.91,2016-08-17,181116,5551.0,24.0,21-30,1,One-Time Customer
T62153,C6430842,1990-04-15,M,CHENNAI,21936.05,2016-02-08,83837,500.0,26.0,21-30,1,One-Time Customer
T334631,C6250462,1988-10-21,F,BANGALORE,19523.19,2016-08-15,161103,1001.0,28.0,21-30,1,One-Time Customer
T668434,C3019154,1980-01-22,F,BANGALORE,5249.43,2016-08-28,130611,300.0,37.0,31-40,2,Occasional Customer
T600419,C4041052,1981-11-21,M,RAJKOT,72187.9,2016-08-25,113558,97.0,35.0,31-40,3,Occasional Customer
T379461,C7520985,,M,NOIDA,27615.33,2016-08-13,122800,500.0,,,2,Occasional Customer
T798234,C6236160,1983-04-07,M,CHENNAI,19491.34,2016-05-09,162604,360.0,33.0,31-40,1,One-Time Customer
T93263,C3030150,,F,PANCHKULA,62943.51,2016-09-22,160314,6194.0,,,2,Occasional Customer
T227837,C1226645,1985-07-17,M,MUMBAI,8654.97,2016-07-08,130346,97.0,31.0,31-40,2,Occasional Customer
T270036,C3613276,1994-04-24,F,MUMBAI,15.71,2016-12-08,200637,1364.0,23.0,21-30,1,One-Time Customer
T669254,C4927750,1988-05-31,M,CHENNAI,21310.87,2016-08-28,124812,14000.0,28.0,21-30,1,One-Time Customer
T761273,C7022381,1982-01-29,M,CHIKUWADI SHIMPOLY KANDIVALI W,16361.48,2016-01-09,172712,837.0,34.0,31-40,2,Occasional Customer
T872585,C8528242,,M,CHENNAI,196741.41,2016-08-09,201235,295.0,,,1,One-Time Customer
T681883,C2920937,1988-05-23,M,GIRIDIH,5079.41,2016-08-31,222433,100.0,28.0,21-30,2,Occasional Customer
T947220,C3629172,,F,MUMBAI,322456.63,2016-11-09,210437,2800.0,,,2,Occasional Customer
T731861,C2421189,,M,MUMBAI,14753.91,2016-02-09,143922,199.0,,,1,One-Time Customer
T1037272,C5356513,,M,NEW DELHI,1055799.07,2016-09-18,151638,1962.0,,,1,One-Time Customer
T132427,C7129614,1988-02-17,M,CHANDIGARH,343.44,2016-06-08,203344,300.0,28.0,21-30,1,One-Time Customer
T625311,C5029947,1992-09-25,F,NOIDA,28600.11,2016-08-25,193721,187.0,24.0,21-30,1,One-Time Customer
T910271,C3429789,1989-03-19,M,BALASORE,3893.04,2016-12-09,85410,126.0,28.0,21-30,1,One-Time Customer
T813253,C1028613,1989-11-04,F,PUNE,22925.36,2016-04-09,214047,1152.0,26.0,21-30,1,One-Time Customer
T710212,C1722491,1991-02-18,F,MUMBAI,28826.32,2016-03-09,170002,501.0,25.0,21-30,2,Occasional Customer
T890336,C5516049,1985-12-08,M,MUMBAI,10025.26,2016-07-09,200707,213.0,31.0,31-40,1,One-Time Customer
T194697,C8210168,,M,MOHALI,23466.72,2016-09-08,194950,472.0,,,2,Occasional Customer
T68888,C5717555,,M,NEW DELHI,63069.26,2016-02-08,140746,4180.0,,,3,Occasional Customer
T320989,C7223924,,M,NOIDA,1937026.56,2016-08-15,22711,845.0,,,2,Occasional Customer
T158675,C8017187,1986-10-09,M,NASHIK,2357.69,2016-05-08,225242,201.0,30.0,21-30,1,One-Time Customer
T236720,C6836345,1986-08-06,F,BANGALORE,138246.94,2016-07-08,182445,184.55,30.0,21-30,1,One-Time Customer
T675886,C7627161,1983-10-03,M,PRATAPGARH,288669.09,2016-08-28,2540,88.0,33.0,31-40,1,One-Time Customer
T279187,C6112423,1982-10-05,M,24 PARGANS (S),68.64,2016-11-08,130105,55.0,34.0,31-40,3,Occasional Customer
T137995,C1729272,1991-08-10,M,DELHI,18672.17,2016-05-08,164336,233.0,25.0,21-30,2,Occasional Customer
T493752,C1342857,,F,BHUBANESWAR,833102.81,2016-08-20,162157,1907.0,,,2,Occasional Customer
T468459,C6733527,1986-08-26,F,MOGA,56.58,2016-08-21,194420,730.38,30.0,21-30,1,One-Time Customer
T787400,C2318478,,F,GHAZIABAD,20463.16,2016-06-09,131311,3600.0,,,2,Occasional Customer
T189904,C6412529,1985-12-01,M,REWARI,15919.08,2016-09-08,173914,1000.0,31.0,31-40,3,Occasional Customer
T444707,C7116061,1991-10-04,M,VADODARA,4350.92,2016-08-16,151334,310.0,25.0,21-30,1,One-Time Customer
T193358,C2792960,1994-08-14,M,PUNE,668.41,2016-09-08,211104,280.0,22.0,21-30,1,One-Time Customer
T1022497,C5123418,1989-10-21,M,BANGALORE,62496.64,2016-09-13,203920,350.0,27.0,21-30,1,One-Time Customer
T130838,C9026565,1991-04-25,M,TIRUPUR,43113.91,2016-05-08,35649,142.0,25.0,21-30,3,Occasional Customer
T551158,C7624040,,M,NAVI MUMBAI,7788.44,2016-08-22,85714,860.0,,,1,One-Time Customer
T525952,C1834592,1990-07-28,M,NOIDA,56951.98,2016-08-24,124438,50.0,26.0,21-30,1,One-Time Customer
T196673,C8044683,1979-10-30,M,MUMBAI,2841.4,2016-09-08,202753,200.0,37.0,31-40,1,One-Time Customer
T803195,C2235790,1995-02-06,M,BANGALORE,18488.66,2016-05-09,191354,5095.0,21.0,21-30,2,Occasional Customer
T230964,C8114277,1978-08-29,F,BANGALORE,725007.72,2016-07-08,121456,1000.0,38.0,31-40,2,Occasional Customer
T728486,C9025841,1979-11-26,M,CACHAR,13829.08,2016-02-09,100422,1206.0,36.0,31-40,2,Occasional Customer
T212166,C5465770,1982-03-19,M,DELHI,13039.25,2016-08-08,180045,369.0,34.0,31-40,1,One-Time Customer
T872601,C1529133,1992-08-07,F,BANGALORE,8786.91,2016-08-09,191200,2450.0,24.0,21-30,2,Occasional Customer
T617128,C1038114,1987-10-26,M,NEW DELHI,497796.11,2016-08-26,230041,599.0,29.0,21-30,1,One-Time Customer
T431321,C3632584,1987-05-27,M,DELHI,95008.37,2016-08-17,204922,5070.0,29.0,21-30,1,One-Time Customer
T784277,C6764281,1983-05-02,F,MUMBAI,53973.24,2016-06-09,123620,950.0,33.0,31-40,1,One-Time Customer
T285385,C5511467,,M,UDAIPUR,204533.56,2016-11-08,122923,79497.52,,,1,One-Time Customer
T797384,C7018921,1982-08-15,M,GHAZIPUR,2936.29,2016-05-09,130954,5000.0,34.0,31-40,1,One-Time Customer
T178019,C6223277,1994-05-17,F,AMBALA,23701.32,2016-04-08,220802,1130.0,22.0,21-30,1,One-Time Customer
T748114,C2511937,,M,MUMBAI,1834086.16,2016-02-09,231806,8500.0,,,2,Occasional Customer
T122437,C8624120,1984-10-13,M,MUMBAI,15231.86,2016-06-08,195200,1000.0,32.0,31-40,1,One-Time Customer
T561775,C5918623,1989-05-20,F,BG ROAD BANGALORE,24113.08,2016-08-27,92723,704.0,27.0,21-30,1,One-Time Customer
T937320,C3419552,1985-05-23,M,GUTEKADI PUNE,78686.21,2016-11-09,200127,561.0,31.0,31-40,1,One-Time Customer
T924605,C1013916,,M,FARIDABAD,81936.4,2016-11-09,130721,7948.5,,,1,One-Time Customer
T930022,C6129758,,M,NAVI MUMBAI,11626.19,2016-11-09,145527,853.0,,,1,One-Time Customer
T634678,C5914235,,F,NEW DELHI,33283.33,2016-08-29,105401,1731.28,,,1,One-Time Customer
T799578,C3037336,1985-06-23,M,NEW DELHI,53220.68,2016-05-09,172011,1000.0,31.0,31-40,1,One-Time Customer
T487380,C3525445,1995-05-25,M,MUMBAI,37944.06,2016-08-20,163643,8490.0,21.0,21-30,1,One-Time Customer
T620718,C3215889,1994-06-21,F,NEW DELHI,28.31,2016-08-25,165036,50.0,22.0,21-30,1,One-Time Customer
T565469,C6421779,1982-03-28,F,ROHTAK,54222.67,2016-08-22,160618,8505.0,34.0,31-40,1,One-Time Customer
T968740,C4225688,1992-07-30,F,FARIDABAD,22111.17,2016-10-09,111144,50.0,24.0,21-30,1,One-Time Customer
T62522,C5925062,1993-01-29,F,MUMBAI,12527.19,2016-03-08,230011,335.0,23.0,21-30,1,One-Time Customer
T694484,C7428219,1993-07-13,M,DELHI,1168.14,2016-08-31,214802,43.0,23.0,21-30,2,Occasional Customer
T440168,C5513460,1986-12-11,F,GURGAON,8520.51,2016-08-16,141824,650.0,30.0,21-30,2,Occasional Customer
T992237,C4678316,1989-02-24,M,PATNA,430975.64,2016-09-14,104104,350.0,28.0,21-30,1,One-Time Customer
T106570,C1213792,1988-03-16,F,DELHI,53907.38,2016-01-08,225452,150.0,28.0,21-30,1,One-Time Customer
T391178,C7358130,1991-07-27,F,BANGALORE,66158.33,2016-08-13,195649,897.01,25.0,21-30,1,One-Time Customer
T85953,C2234655,,F,NEW DELHI,1283.12,2016-01-08,130030,64.0,,,1,One-Time Customer
T839763,C2422157,1992-11-21,F,MUMBAI,59557.16,2016-09-09,183430,500.0,24.0,21-30,1,One-Time Customer
T158040,C1032676,1981-09-07,M,MANDIR MULUND WEST MUMBAI,2829.64,2016-03-09,150930,1197.0,35.0,31-40,1,One-Time Customer
T70460,C2439233,1991-03-03,M,KASHIPUR,4061.4,2016-02-08,164415,800.0,25.0,21-30,1,One-Time Customer
T168310,C5031442,1982-08-15,M,LUDHIANA,16577.6,2016-04-08,150916,1100.0,34.0,31-40,1,One-Time Customer
T680141,C5918320,1993-05-19,M,MUMBAI,1787.89,2016-08-30,203955,147.0,23.0,21-30,1,One-Time Customer
T920138,C3168969,1991-06-15,F,MUMBAI,21756.67,2016-12-09,205924,1200.0,25.0,21-30,1,One-Time Customer
T618795,C9016884,1981-07-26,F,JAMSHEDPUR,11560.76,2016-08-25,193339,23.0,35.0,31-40,2,Occasional Customer
T798019,C2983866,1983-12-25,M,BOISAR,121290.28,2016-05-09,174221,6875.5,32.0,31-40,1,One-Time Customer
T4466,C1421077,1992-09-20,M,MUMBAI,720.27,2016-09-22,104516,174.0,24.0,21-30,2,Occasional Customer
T790367,C2619358,1990-11-12,M,HOWRAH,13241.93,2016-06-09,22,30.0,26.0,21-30,1,One-Time Customer
T800596,C4530067,1993-02-02,M,MAHENDRAGARH,150.77,2016-05-09,165625,400.0,23.0,21-30,1,One-Time Customer
T788857,C5240178,,M,NAVI MUMBAI,144103.37,2016-05-09,73904,3790.0,,,2,Occasional Customer
T238942,C1968276,1992-07-12,F,GHAZIABAD,93096.59,2016-07-08,164928,1699.0,24.0,21-30,1,One-Time Customer
T862142,C9014773,1991-07-23,M,NOIDA,8441.89,2016-08-09,114546,504.03,25.0,21-30,1,One-Time Customer
T391868,C2631815,1982-08-07,M,GURGAON,74626.92,2016-08-13,171332,800.0,34.0,31-40,1,One-Time Customer
T493503,C5319415,1985-06-15,M,DELHI,69.47,2016-08-20,152422,64.0,31.0,31-40,1,One-Time Customer
T998878,C7640116,1990-12-06,F,GHAZIABAD,66312.56,2016-09-14,115742,1636.0,26.0,21-30,1,One-Time Customer
T21422,C2011066,1977-08-26,M,VAPI,34661.24,2016-09-23,191052,1000.0,39.0,31-40,1,One-Time Customer
T473925,C8510516,,F,DELHI,116188.74,2016-08-21,150552,1687.43,,,1,One-Time Customer
T93559,C1537242,1982-02-10,M,KANPUR,151250.44,2016-09-27,181226,13.0,35.0,31-40,1,One-Time Customer
T178213,C6214592,1988-07-26,F,THAKURLI EAST THANE,23601.14,2016-04-08,220418,250.0,28.0,21-30,1,One-Time Customer
T451142,C8640919,1982-07-30,M,MUMBAI,46870.65,2016-08-16,202716,230.0,34.0,31-40,2,Occasional Customer
T682423,C1241225,1991-04-16,F,DHANBAN,105060.41,2016-08-28,125933,438.0,25.0,21-30,2,Occasional Customer
T1024690,C1112670,1990-07-05,M,NAVI MUMBAI,147.51,2016-09-13,143443,699.0,26.0,21-30,1,One-Time Customer
T227929,C4920136,1988-07-10,M,GURGAON,8.64,2016-07-08,84728,30.0,28.0,21-30,3,Occasional Customer
T791841,C2920257,1980-06-21,F,NEW DELHI,6780.0,2016-05-09,123019,3380.0,36.0,31-40,1,One-Time Customer
T540317,C8234522,1984-12-06,M,BARIPADA,42901.13,2016-08-22,91116,35.75,32.0,31-40,1,One-Time Customer
T840009,C3123853,1993-09-01,M,MARYGANJ,6.71,2016-09-09,173703,20.0,23.0,21-30,1,One-Time Customer
